,duration
0,2880.0
1,3040.0
2,4480.0
3,3700.0
4,1120.0
5,6000.0
6,8000.0
7,9000.0
8,3000.0
9,
10,4140.0
11,6700.0
12,1400.0
13,4550.0
14,1800.0
15,1210.0
16,8000.0
17,9480.0
18,4160.0
19,2500.0
20,3100.0
21,3340.0
22,1200.0
23,1820.0
24,2600.0
25,2080.0
26,4200.0
27,2310.0
28,2670.0
29,2800.0
30,12400.0
31,6880.0
32,1670.0
33,4550.0
34,1800.0
35,3000.0
36,1060.0
37,3600.0
38,4010.0
39,4100.0
40,3850.0
41,5200.0
42,4240.0
43,2880.0
44,7560.0
45,3850.0
46,10280.0
47,4520.0
48,3960.0
49,2640.0
50,2140.0
51,2300.0
52,1890.0
53,7100.0
54,8870.0
55,2960.0
56,1680.0
57,3080.0
58,5130.0
59,4200.0
60,3360.0
61,1700.0
62,10710.0
63,2150.0
64,1600.0
65,3470.0
66,1300.0
67,2360.0
68,1900.0
69,3780.0
70,3210.0
71,2700.0
72,1680.0
73,2660.0
74,1760.0
75,1530.0
76,4900.0
77,6910.0
78,4960.0
79,2750.0
80,1870.0
81,18000.0
82,9670.0
83,1400.0
84,2900.0
85,1100.0
86,1600.0
87,5400.0
88,6100.0
89,4160.0
90,4730.0
91,2410.0
92,4470.0
93,12000.0
94,1600.0
95,1400.0
96,11000.0
97,3120.0
98,2140.0
99,1300.0
100,17920.0
101,3640.0
102,3200.0
103,5400.0
104,9070.0
105,2600.0
106,1240.0
107,2560.0
108,4060.0
109,1560.0
110,5740.0
111,5240.0
112,2640.0
113,6000.0
114,6790.0
115,3300.0
116,5520.0
117,2670.0
118,2000.0
119,8800.0
120,8000.0
121,500.0
122,4640.0
123,1800.0
124,
125,5400.0
126,240.0
127,5590.0
128,4090.0
129,4030.0
130,2790.0
131,4840.0
132,6100.0
133,4410.0
134,1400.0
135,2900.0
136,1440.0
137,3240.0
138,6800.0
139,3500.0
140,1440.0
141,3080.0
142,1430.0
143,5960.0
144,
145,1400.0
146,2340.0
147,4190.0
148,5200.0
149,4190.0
150,4350.0
151,9150.0
152,12430.0
153,4040.0
154,10000.0
155,2000.0
156,1800.0
157,3180.0
158,2700.0
159,13950.0
160,2280.0
161,2600.0
162,7200.0
163,1620.0
164,2800.0
165,1560.0
166,1300.0
167,2940.0
168,1230.0
169,2400.0
170,6930.0
171,3760.0
172,2890.0
173,6000.0
174,
175,7620.0
176,3960.0
177,6230.0
178,1390.0
179,4160.0
180,2820.0
181,2750.0
182,2380.0
183,2450.0
184,2340.0
185,6000.0
186,5840.0
187,4800.0
188,4070.0
189,2760.0
190,5580.0
191,2950.0
192,4120.0
193,8760.0
194,1270.0
195,3990.0
196,1540.0
197,2660.0
198,790.0
199,2780.0
200,3300.0
201,6790.0
202,2100.0
203,2600.0
204,4550.0
205,3120.0
206,3300.0
207,2920.0
208,1430.0
209,3500.0
210,10920.0
211,4400.0
212,3500.0
213,7880.0
214,2170.0
215,1670.0
216,2790.0
217,2670.0
218,2800.0
219,5650.0
220,1800.0
221,5060.0
222,3960.0
223,
224,1240.0
225,2160.0
226,4760.0
227,3800.0
228,12850.0
229,800.0
230,2090.0
231,9800.0
232,2700.0
233,12390.0
234,4950.0
235,850.0
236,5510.0
237,4800.0
238,2800.0
239,6080.0
240,4390.0
241,
242,8640.0
243,3340.0
244,2720.0
245,3960.0
246,2740.0
247,2900.0
248,4280.0
249,4850.0
250,7700.0
251,
252,5040.0
253,4000.0
254,2500.0
255,2900.0
256,6280.0
257,7200.0
258,3600.0
259,5520.0
260,2730.0
261,1560.0
262,2960.0
263,22440.0
264,12000.0
265,3470.0
266,7600.0
267,2500.0
268,2150.0
269,4300.0
270,2870.0
271,3800.0
272,7560.0
273,4900.0
274,1400.0
275,2400.0
276,2040.0
277,1960.0
278,4350.0
279,3800.0
280,2800.0
281,3600.0
282,4070.0
283,2500.0
284,2320.0
285,6320.0
286,1000.0
287,4930.0
288,2940.0
289,6930.0
290,2300.0
291,4320.0
292,4300.0
293,6100.0
294,7400.0
295,2590.0
296,15050.0
297,3150.0
298,6600.0
299,2760.0
300,2800.0
301,1570.0
302,2590.0
303,2400.0
304,2720.0
305,3640.0
306,2100.0
307,2880.0
308,900.0
309,3950.0
310,
311,3570.0
312,6090.0
313,8600.0
314,7890.0
315,5000.0
316,1430.0
317,4060.0
318,1800.0
319,3060.0
320,3510.0
321,9550.0
322,11720.0
323,5400.0
324,3300.0
325,4050.0
326,3300.0
327,1580.0
328,4900.0
329,5320.0
330,2800.0
331,5680.0
332,1520.0
333,2990.0
334,1500.0
335,9100.0
336,2100.0
337,1910.0
338,4010.0
339,2540.0
340,3680.0
341,11280.0
342,3030.0
343,3200.0
344,6640.0
345,1390.0
346,2600.0
347,2590.0
348,1500.0
349,1950.0
350,4100.0
351,6540.0
352,1270.0
353,4640.0
354,1200.0
355,2310.0
356,3390.0
357,8640.0
358,2720.0
359,6840.0
360,5520.0
361,6800.0
362,1100.0
363,5020.0
364,3870.0
365,2990.0
366,6790.0
367,1740.0
368,3000.0
369,2520.0
370,8070.0
371,2730.0
372,1600.0
373,5870.0
374,2220.0
375,7540.0
376,7900.0
377,3270.0
378,3420.0
379,3760.0
380,1750.0
381,10050.0
382,3100.0
383,6040.0
384,2000.0
385,4600.0
386,1200.0
387,2460.0
388,2680.0
389,2660.0
390,3800.0
391,3060.0
392,3440.0
393,2190.0
394,12920.0
395,2990.0
396,3280.0
397,3060.0
398,2610.0
399,700.0
400,2110.0
401,1320.0
402,3920.0
403,4540.0
404,1950.0
405,3770.0
406,5880.0
407,1190.0
408,6320.0
409,2960.0
410,2520.0
411,1900.0
412,2190.0
413,7100.0
414,15100.0
415,5820.0
416,2600.0
417,5880.0
418,
419,2000.0
420,5880.0
421,3900.0
422,4640.0
423,3160.0
424,2000.0
425,3400.0
426,5880.0
427,5000.0
428,2720.0
429,1920.0
430,4480.0
431,1850.0
432,5800.0
433,3900.0
434,4040.0
435,4670.0
436,7600.0
437,1800.0
438,5000.0
439,2070.0
440,3100.0
441,3210.0
442,8100.0
443,1100.0
444,1080.0
445,1400.0
446,1120.0
447,6480.0
448,2340.0
449,6600.0
450,1980.0
451,5000.0
452,2800.0
453,2300.0
454,1620.0
455,600.0
456,1900.0
457,3120.0
458,27100.0
459,3570.0
460,2400.0
461,6790.0
462,2000.0
463,4600.0
464,1470.0
465,6660.0
466,4000.0
467,3600.0
468,6870.0
469,6300.0
470,6600.0
471,2500.0
472,3200.0
473,3200.0
474,4590.0
475,1920.0
476,4750.0
477,1800.0
478,2600.0
479,2560.0
480,5730.0
481,4900.0
482,3140.0
483,2070.0
484,2520.0
485,2310.0
486,2200.0
487,4340.0
488,6270.0
489,
490,3100.0
491,1500.0
492,
493,2850.0
494,5400.0
495,2500.0
496,3000.0
497,11600.0
498,5250.0
499,4940.0
500,2600.0
501,3140.0
502,3840.0
503,4720.0
504,4070.0
505,1050.0
506,2480.0
507,1960.0
508,5320.0
509,50790.0
510,8000.0
511,5150.0
512,2460.0
513,1650.0
514,
515,5360.0
516,2320.0
517,1470.0
518,4700.0
519,2160.0
520,5650.0
521,5500.0
522,2760.0
523,3830.0
524,650.0
525,6700.0
526,3120.0
527,3320.0
528,4600.0
529,4600.0
530,5210.0
531,4180.0
532,12590.0
533,3300.0
534,2740.0
535,6280.0
536,3010.0
537,5850.0
538,2150.0
539,2030.0
540,4600.0
541,3200.0
542,2320.0
543,3470.0
544,
545,2760.0
546,2400.0
547,7270.0
548,3760.0
549,2200.0
550,4300.0
551,2850.0
552,2070.0
553,4270.0
554,1800.0
555,6160.0
556,4000.0
557,2730.0
558,2690.0
559,3360.0
560,1240.0
561,
562,5470.0
563,2740.0
564,1190.0
565,2920.0
566,10000.0
567,4870.0
568,28520.0
569,5320.0
570,5210.0
571,2940.0
572,4070.0
573,1700.0
574,
575,5220.0
576,9500.0
577,1500.0
578,900.0
579,980.0
580,120.0
581,5040.0
582,2600.0
583,3240.0
584,4200.0
585,3400.0
586,5400.0
587,5640.0
588,3920.0
589,2000.0
590,8350.0
591,3240.0
592,4360.0
593,3080.0
594,4200.0
595,2340.0
596,4450.0
597,1320.0
598,6340.0
599,4130.0
600,5150.0
601,2940.0
602,2670.0
603,4900.0
604,3400.0
605,3280.0
606,2880.0
607,2860.0
608,1560.0
609,2360.0
610,4950.0
611,2610.0
612,1950.0
613,4640.0
614,3140.0
615,1870.0
616,
617,3180.0
618,1800.0
619,1300.0
620,3300.0
621,2520.0
622,2720.0
623,7280.0
624,5140.0
625,4140.0
626,6400.0
627,1750.0
628,4960.0
629,6200.0
630,3120.0
631,2100.0
632,1700.0
633,10340.0
634,6120.0
635,2900.0
636,2060.0
637,1980.0
638,5650.0
639,2520.0
640,3600.0
641,45500.0
642,870.0
643,2500.0
644,6530.0
645,1930.0
646,6000.0
647,4640.0
648,1040.0
649,1440.0
650,9680.0
651,1550.0
652,2700.0
653,11480.0
654,2400.0
655,2750.0
656,5850.0
657,3280.0
658,3340.0
659,3150.0
660,3700.0
661,3100.0
662,7640.0
663,1840.0
664,2700.0
665,4050.0
666,1760.0
667,950.0
668,1500.0
669,2160.0
670,3640.0
671,5270.0
672,3470.0
673,3400.0
674,4200.0
675,3220.0
676,2880.0
677,1080.0
678,10720.0
679,2500.0
680,2000.0
681,6560.0
682,1920.0
683,2410.0
684,4370.0
685,11540.0
686,4560.0
687,
688,5020.0
689,2400.0
690,11300.0
691,2600.0
692,3960.0
693,3600.0
694,900.0
695,3000.0
696,3460.0
697,1000.0
698,3920.0
699,1260.0
700,3160.0
701,3360.0
702,3670.0
703,6520.0
704,2000.0
705,4920.0
706,2160.0
707,2920.0
708,5050.0
709,7000.0
710,2790.0
711,2390.0
712,2700.0
713,3700.0
714,3990.0
715,10640.0
716,2800.0
717,2200.0
718,1200.0
719,400.0
720,1020.0
721,2840.0
722,4680.0
723,3660.0
724,2900.0
725,7640.0
726,4100.0
727,2500.0
728,3800.0
729,5820.0
730,1500.0
731,1650.0
732,3520.0
733,4040.0
734,1280.0
735,5840.0
736,1750.0
737,5000.0
738,3560.0
739,1890.0
740,3600.0
741,2400.0
742,3600.0
743,4650.0
744,4100.0
745,5740.0
746,3000.0
747,3220.0
748,1590.0
749,10000.0
750,6200.0
751,2000.0
752,2400.0
753,
754,5190.0
755,5600.0
756,2600.0
757,6400.0
758,2380.0
759,2100.0
760,2280.0
761,2300.0
762,2000.0
763,3600.0
764,
765,2880.0
766,1750.0
767,
768,1810.0
769,1480.0
770,3700.0
771,1550.0
772,5350.0
773,2820.0
774,6480.0
775,2640.0
776,5400.0
777,1200.0
778,1960.0
779,3040.0
780,3700.0
781,
782,
783,2280.0
784,840.0
785,2140.0
786,4870.0
787,1950.0
788,1590.0
789,2280.0
790,1100.0
791,2870.0
792,6000.0
793,7270.0
794,1300.0
795,3010.0
796,5650.0
797,4940.0
798,2000.0
799,2000.0
800,3850.0
801,2200.0
802,2500.0
803,1610.0
804,7600.0
805,3440.0
806,1190.0
807,3000.0
808,2590.0
809,2270.0
810,3200.0
811,2560.0
812,4200.0
813,2590.0
814,4590.0
815,2610.0
816,3570.0
817,2390.0
818,4550.0
819,2430.0
820,3390.0
821,7150.0
822,2750.0
823,760.0
824,2700.0
825,2800.0
826,3220.0
827,2790.0
828,6000.0
829,6400.0
830,2500.0
831,6300.0
832,2990.0
833,1820.0
834,9990.0
835,5250.0
836,3000.0
837,200.0
838,1840.0
839,1800.0
840,3710.0
841,270.0
842,2340.0
843,3710.0
844,1820.0
845,2000.0
846,2800.0
847,2280.0
848,2400.0
849,8840.0
850,2350.0
851,2240.0
852,2300.0
853,3360.0
854,
855,1430.0
856,3910.0
857,6640.0
858,3740.0
859,3000.0
860,2400.0
861,3670.0
862,2990.0
863,3500.0
864,5470.0
865,3560.0
866,3400.0
867,1960.0
868,2500.0
869,2040.0
870,4100.0
871,2160.0
872,2800.0
873,2610.0
874,2900.0
875,3900.0
876,1550.0
877,3760.0
878,5220.0
879,2760.0
880,2320.0
881,
882,5100.0
883,1500.0
884,8500.0
885,3400.0
886,3960.0
887,1500.0
888,2520.0
889,3760.0
890,3000.0
891,1750.0
892,1960.0
893,4000.0
894,7280.0
895,2080.0
896,800.0
897,3480.0
898,800.0
899,2260.0
900,2520.0
901,4480.0
902,3600.0
903,1430.0
904,2800.0
905,4600.0
906,3150.0
907,3600.0
908,14920.0
909,3120.0
910,9800.0
911,2600.0
912,2760.0
913,2610.0
914,2160.0
915,4040.0
916,2920.0
917,1000.0
918,1470.0
919,8360.0
920,2900.0
921,1860.0
922,2100.0
923,21400.0
924,2870.0
925,4160.0
926,5400.0
927,7530.0
928,2000.0
929,11500.0
930,2300.0
931,2000.0
932,3610.0
933,3300.0
934,900.0
935,
936,3250.0
937,1100.0
938,1730.0
939,3080.0
940,2200.0
941,1530.0
942,6470.0
943,4040.0
944,2800.0
945,2550.0
946,3300.0
947,3200.0
948,5600.0
949,3300.0
950,3500.0
951,1100.0
952,2000.0
953,6790.0
954,2750.0
955,1640.0
956,2460.0
957,3880.0
958,2800.0
959,1400.0
960,4990.0
961,2440.0
962,2300.0
963,1560.0
964,1500.0
965,2390.0
966,1600.0
967,3670.0
968,3000.0
969,3220.0
970,7920.0
971,1520.0
972,2760.0
973,6390.0
974,1440.0
975,3600.0
976,6700.0
977,3200.0
978,2100.0
979,2450.0
980,5050.0
981,2700.0
982,2790.0
983,1480.0
984,5920.0
985,5250.0
986,1600.0
987,5350.0
988,2590.0
989,2200.0
990,5280.0
991,4970.0
992,4740.0
993,6930.0
994,930.0
995,4550.0
996,3150.0
997,2200.0
998,1960.0
999,5440.0
1000,2520.0
1001,10000.0
1002,2380.0
1003,6720.0
1004,700.0
1005,6370.0
1006,2380.0
1007,2360.0
1008,2200.0
1009,4880.0
1010,1000.0
1011,1700.0
1012,3510.0
1013,3660.0
1014,6930.0
1015,1950.0
1016,2270.0
1017,5800.0
1018,
1019,1960.0
1020,4120.0
1021,4120.0
1022,7950.0
1023,3400.0
1024,3000.0
1025,7340.0
1026,1740.0
1027,2400.0
1028,7200.0
1029,3150.0
1030,2340.0
1031,2720.0
1032,4100.0
1033,2000.0
1034,2000.0
1035,2370.0
1036,1200.0
1037,3390.0
1038,4880.0
1039,3780.0
1040,2700.0
1041,2280.0
1042,8000.0
1043,4870.0
1044,4880.0
1045,2640.0
1046,1890.0
1047,8500.0
1048,3150.0
1049,4230.0
1050,2500.0
1051,2360.0
1052,2700.0
1053,9560.0
1054,2920.0
1055,2520.0
1056,1650.0
1057,3440.0
1058,3500.0
1059,6300.0
1060,6930.0
1061,3860.0
1062,5350.0
1063,2400.0
1064,1900.0
1065,3590.0
1066,1800.0
1067,7070.0
1068,1610.0
1069,8520.0
1070,1240.0
1071,3390.0
1072,4900.0
1073,4930.0
1074,2900.0
1075,2700.0
1076,4100.0
1077,330.0
1078,2940.0
1079,1600.0
1080,3800.0
1081,3300.0
1082,4880.0
1083,2760.0
1084,2350.0
1085,3340.0
1086,2590.0
1087,2540.0
1088,7190.0
1089,2200.0
1090,840.0
1091,4480.0
1092,1950.0
1093,1900.0
1094,
1095,1300.0
1096,1500.0
1097,7000.0
1098,1350.0
1099,2600.0
1100,4400.0
1101,3780.0
1102,2900.0
1103,1640.0
1104,3200.0
1105,3200.0
1106,4250.0
1107,4480.0
1108,2800.0
1109,1400.0
1110,1470.0
1111,3750.0
1112,4590.0
1113,5580.0
1114,10210.0
1115,2480.0
1116,1280.0
1117,3160.0
1118,5000.0
1119,1720.0
1120,6140.0
1121,5220.0
1122,720.0
1123,5000.0
1124,6400.0
1125,4000.0
1126,1880.0
1127,5320.0
1128,5320.0
1129,2140.0
1130,1600.0
1131,8370.0
1132,3200.0
1133,2700.0
1134,3570.0
1135,3350.0
1136,6360.0
1137,1590.0
1138,1920.0
1139,2790.0
1140,1820.0
1141,4020.0
1142,3590.0
1143,2400.0
1144,3000.0
1145,5320.0
1146,1800.0
1147,4680.0
1148,5390.0
1149,1040.0
1150,3800.0
1151,4000.0
1152,2640.0
1153,3740.0
1154,11760.0
1155,3000.0
1156,1500.0
1157,2880.0
1158,1900.0
1159,3250.0
1160,500.0
1161,4670.0
1162,3200.0
1163,5760.0
1164,3200.0
1165,2800.0
1166,2340.0
1167,500.0
1168,1680.0
1169,2400.0
1170,1990.0
1171,3560.0
1172,10010.0
1173,5500.0
1174,3200.0
1175,4270.0
1176,1950.0
1177,800.0
1178,2240.0
1179,2100.0
1180,3600.0
1181,2100.0
1182,1620.0
1183,4470.0
1184,3780.0
1185,3000.0
1186,1050.0
1187,6540.0
1188,2400.0
1189,3870.0
1190,2190.0
1191,1940.0
1192,4000.0
1193,2360.0
1194,2000.0
1195,3760.0
1196,9480.0
1197,5700.0
1198,2800.0
1199,2900.0
1200,3360.0
1201,4200.0
1202,9920.0
1203,1440.0
1204,6100.0
1205,3190.0
1206,2700.0
1207,1990.0
1208,10160.0
1209,
1210,1800.0
1211,4870.0
1212,4540.0
1213,1850.0
1214,6000.0
1215,2100.0
1216,3280.0
1217,3320.0
1218,3000.0
1219,6390.0
1220,
1221,2160.0
1222,2500.0
1223,2780.0
1224,10280.0
1225,3070.0
1226,6400.0
1227,6750.0
1228,4800.0
1229,2040.0
1230,2300.0
1231,1560.0
1232,6100.0
1233,8000.0
1234,1610.0
1235,1340.0
1236,3600.0
1237,1040.0
1238,1800.0
1239,4000.0
1240,6100.0
1241,1800.0
1242,2670.0
1243,2100.0
1244,2190.0
1245,6080.0
1246,2120.0
1247,1680.0
1248,6510.0
1249,3500.0
1250,3600.0
1251,1270.0
1252,2500.0
1253,1320.0
1254,4240.0
1255,2350.0
1256,1920.0
1257,2000.0
1258,
1259,2790.0
1260,5580.0
1261,4470.0
1262,8000.0
1263,3240.0
1264,3760.0
1265,12940.0
1266,1740.0
1267,3990.0
1268,13200.0
1269,1900.0
1270,4280.0
1271,5300.0
1272,4460.0
1273,5160.0
1274,
1275,1590.0
1276,1960.0
1277,2350.0
1278,3000.0
1279,2540.0
1280,2200.0
1281,3640.0
1282,1330.0
1283,2400.0
1284,4070.0
1285,3000.0
1286,2550.0
1287,1400.0
1288,2500.0
1289,4050.0
1290,1120.0
1291,2880.0
1292,2300.0
1293,2730.0
1294,6720.0
1295,2000.0
1296,2900.0
1297,1100.0
1298,7080.0
1299,3360.0
1300,3590.0
1301,3650.0
1302,39990.0
1303,3040.0
1304,8600.0
1305,
1306,2780.0
1307,4000.0
1308,4240.0
1309,6000.0
1310,2190.0
1311,5560.0
1312,7590.0
1313,1150.0
1314,2520.0
1315,1700.0
1316,2010.0
1317,1880.0
1318,4500.0
1319,4300.0
1320,3000.0
1321,2880.0
1322,6760.0
1323,2200.0
1324,6140.0
1325,2210.0
1326,4250.0
1327,4750.0
1328,4280.0
1329,2560.0
1330,2280.0
1331,2860.0
1332,3840.0
1333,6930.0
1334,2750.0
1335,4740.0
1336,3400.0
1337,3840.0
1338,6470.0
1339,400.0
1340,2070.0
1341,5940.0
1342,4300.0
1343,4960.0
1344,1440.0
1345,6990.0
1346,3800.0
1347,2880.0
1348,1120.0
1349,1400.0
1350,2800.0
1351,1760.0
1352,4620.0
1353,1950.0
1354,2150.0
1355,2380.0
1356,2900.0
1357,1940.0
1358,3500.0
1359,1820.0
1360,4100.0
1361,4470.0
1362,2200.0
1363,12690.0
1364,4420.0
1365,2000.0
1366,6930.0
1367,2500.0
1368,4500.0
1369,2420.0
1370,3070.0
1371,6280.0
1372,3600.0
1373,3080.0
1374,4240.0
1375,1440.0
1376,500.0
1377,2800.0
1378,3400.0
1379,2600.0
1380,3600.0
1381,4320.0
1382,3300.0
1383,4690.0
1384,14990.0
1385,840.0
1386,3760.0
1387,3680.0
1388,5100.0
1389,1420.0
1390,6400.0
1391,2080.0
1392,4070.0
1393,3510.0
1394,2280.0
1395,4990.0
1396,2100.0
1397,4590.0
1398,3400.0
1399,3000.0
1400,2850.0
1401,13510.0
1402,2800.0
1403,1950.0
1404,2340.0
1405,3450.0
1406,2440.0
1407,3780.0
1408,2000.0
1409,4900.0
1410,2280.0
1411,2670.0
1412,240.0
1413,2320.0
1414,6200.0
1415,2700.0
1416,2000.0
1417,2530.0
1418,3640.0
1419,3870.0
1420,4690.0
1421,9010.0
1422,3040.0
1423,2280.0
1424,2760.0
1425,4600.0
1426,4500.0
1427,8270.0
1428,2550.0
1429,790.0
1430,1000.0
1431,11520.0
1432,2540.0
1433,1800.0
1434,2800.0
1435,5150.0
1436,2340.0
1437,2880.0
1438,4690.0
1439,2240.0
1440,2840.0
1441,3300.0
1442,2580.0
1443,1300.0
1444,6360.0
1445,3340.0
1446,12040.0
1447,2520.0
1448,320.0
1449,6790.0
1450,1200.0
1451,3400.0
1452,2730.0
1453,1640.0
1454,2200.0
1455,1430.0
1456,11120.0
1457,1760.0
1458,3560.0
1459,3540.0
1460,5330.0
1461,2700.0
1462,1620.0
1463,2220.0
1464,2240.0
1465,5990.0
1466,1200.0
1467,2300.0
1468,4200.0
1469,5360.0
1470,7200.0
1471,3000.0
1472,2160.0
1473,
1474,6680.0
1475,6930.0
1476,6680.0
1477,2480.0
1478,7520.0
1479,1940.0
1480,3400.0
1481,5100.0
1482,3880.0
1483,2610.0
1484,1600.0
1485,7620.0
1486,6590.0
1487,11330.0
1488,7990.0
1489,3540.0
1490,3940.0
1491,6000.0
1492,4070.0
1493,2400.0
1494,9180.0
1495,1120.0
1496,12870.0
1497,2400.0
1498,6000.0
1499,10800.0
1500,2440.0
1501,4000.0
1502,3120.0
1503,9520.0
1504,2430.0
1505,3300.0
1506,6300.0
1507,4760.0
1508,2760.0
1509,1740.0
1510,18240.0
1511,1700.0
1512,3570.0
1513,3800.0
1514,2000.0
1515,1960.0
1516,13500.0
1517,3520.0
1518,1820.0
1519,2750.0
1520,1040.0
1521,1590.0
1522,480.0
1523,5800.0
1524,3070.0
1525,3700.0
1526,1600.0
1527,2300.0
1528,2160.0
1529,2300.0
1530,1980.0
1531,2650.0
1532,5000.0
1533,1960.0
1534,5300.0
1535,7360.0
1536,2310.0
1537,7000.0
1538,2880.0
1539,3210.0
1540,1300.0
1541,4200.0
1542,5740.0
1543,4680.0
1544,5240.0
1545,400.0
1546,2730.0
1547,4200.0
1548,2310.0
1549,6070.0
1550,2560.0
1551,2240.0
1552,2800.0
1553,2330.0
1554,1890.0
1555,6000.0
1556,3210.0
1557,4700.0
1558,6000.0
1559,2590.0
1560,3680.0
1561,1760.0
1562,2340.0
1563,2160.0
1564,1820.0
1565,3080.0
1566,8000.0
1567,2310.0
1568,4800.0
1569,2540.0
1570,2040.0
1571,2030.0
1572,4740.0
1573,5450.0
1574,6680.0
1575,2430.0
1576,2340.0
1577,
1578,2910.0
1579,2200.0
1580,3200.0
1581,2200.0
1582,1100.0
1583,3100.0
1584,4990.0
1585,730.0
1586,3320.0
1587,2440.0
1588,1620.0
1589,2710.0
1590,6790.0
1591,
1592,4130.0
1593,14190.0
1594,1750.0
1595,5200.0
1596,5650.0
1597,1200.0
1598,810.0
1599,5200.0
1600,2520.0
1601,900.0
1602,3160.0
1603,4200.0
1604,3830.0
1605,3440.0
1606,2500.0
1607,1870.0
1608,2700.0
1609,3900.0
1610,2040.0
1611,1260.0
1612,1500.0
1613,4300.0
1614,
1615,3190.0
1616,2000.0
1617,5250.0
1618,1300.0
1619,3010.0
1620,2700.0
1621,4600.0
1622,4870.0
1623,1790.0
1624,6140.0
1625,1540.0
1626,4280.0
1627,2200.0
1628,3120.0
1629,1990.0
1630,2100.0
1631,1940.0
1632,8400.0
1633,4680.0
1634,5440.0
1635,
1636,3420.0
1637,1800.0
1638,3210.0
1639,
1640,1500.0
1641,5280.0
1642,2000.0
1643,2500.0
1644,2070.0
1645,1560.0
1646,2730.0
1647,2760.0
1648,300.0
1649,2700.0
1650,1600.0
1651,2840.0
1652,5280.0
1653,1760.0
1654,4940.0
1655,3480.0
1656,2400.0
1657,3390.0
1658,2760.0
1659,4800.0
1660,2700.0
1661,4110.0
1662,4710.0
1663,1280.0
1664,2200.0
1665,2700.0
1666,6040.0
1667,3870.0
1668,2280.0
1669,3190.0
1670,1340.0
1671,1400.0
1672,800.0
1673,1400.0
1674,2960.0
1675,2000.0
1676,3280.0
1677,5000.0
1678,2010.0
1679,1300.0
1680,4590.0
1681,2870.0
1682,3360.0
1683,850.0
1684,1120.0
1685,4070.0
1686,1000.0
1687,1840.0
1688,3200.0
1689,1260.0
1690,5350.0
1691,3930.0
1692,5900.0
1693,
1694,2040.0
1695,2960.0
1696,1800.0
1697,3880.0
1698,2220.0
1699,1400.0
1700,1190.0
1701,1980.0
1702,1700.0
1703,3000.0
1704,6300.0
1705,6300.0
1706,4050.0
1707,6670.0
1708,2760.0
1709,4000.0
1710,3500.0
1711,2160.0
1712,6070.0
1713,1330.0
1714,2300.0
1715,2400.0
1716,2280.0
1717,90.0
1718,2900.0
1719,3000.0
1720,1050.0
1721,1650.0
1722,2680.0
1723,7920.0
1724,4190.0
1725,5580.0
1726,3760.0
1727,2000.0
1728,6660.0
1729,4390.0
1730,3200.0
1731,2100.0
1732,860.0
1733,4080.0
1734,1800.0
1735,2300.0
1736,400.0
1737,3140.0
1738,5600.0
1739,11520.0
1740,5720.0
1741,1380.0
1742,1540.0
1743,8400.0
1744,2000.0
1745,2790.0
1746,7600.0
1747,8000.0
1748,9100.0
1749,1540.0
1750,7300.0
1751,3400.0
1752,4260.0
1753,2650.0
1754,2650.0
1755,5000.0
1756,2590.0
1757,1500.0
1758,1610.0
1759,8000.0
1760,2740.0
1761,3840.0
1762,4070.0
1763,2610.0
1764,1980.0
1765,4920.0
1766,2680.0
1767,1520.0
1768,1780.0
1769,6200.0
1770,4500.0
1771,1500.0
1772,6000.0
1773,4770.0
1774,2400.0
1775,5840.0
1776,5120.0
1777,4680.0
1778,2920.0
1779,7470.0
1780,1070.0
1781,2100.0
1782,1740.0
1783,4080.0
1784,3540.0
1785,4480.0
1786,3140.0
1787,3030.0
1788,7800.0
1789,5950.0
1790,1830.0
1791,6000.0
1792,1480.0
1793,2600.0
1794,
1795,2170.0
1796,3870.0
1797,2400.0
1798,2270.0
1799,2300.0
1800,5180.0
1801,5840.0
1802,2100.0
1803,3400.0
1804,4990.0
1805,4790.0
1806,3430.0
1807,9630.0
1808,1260.0
1809,2760.0
1810,
1811,1260.0
1812,80.0
1813,1680.0
1814,2800.0
1815,4300.0
1816,2100.0
1817,3510.0
1818,8000.0
1819,3960.0
1820,2000.0
1821,3000.0
1822,2170.0
1823,4010.0
1824,4990.0
1825,3900.0
1826,3800.0
1827,3540.0
1828,1190.0
1829,2460.0
1830,3340.0
1831,1400.0
1832,2000.0
1833,5040.0
1834,1280.0
1835,2190.0
1836,5150.0
1837,1120.0
1838,2390.0
1839,920.0
1840,4000.0
1841,990.0
1842,1330.0
1843,4010.0
1844,600.0
1845,11500.0
1846,1950.0
1847,2200.0
1848,2800.0
1849,2300.0
1850,18670.0
1851,1870.0
1852,6870.0
1853,11270.0
1854,3450.0
1855,720.0
1856,2390.0
1857,3360.0
1858,1700.0
1859,5330.0
1860,1920.0
1861,2450.0
1862,900.0
1863,2000.0
1864,6930.0
1865,2560.0
1866,3850.0
1867,6470.0
1868,2700.0
1869,500.0
1870,2400.0
1871,2300.0
1872,910.0
1873,3920.0
1874,1800.0
1875,
1876,5150.0
1877,1600.0
1878,2040.0
1879,3900.0
1880,4400.0
1881,3270.0
1882,200.0
1883,2400.0
1884,2670.0
1885,5320.0
1886,3600.0
1887,3330.0
1888,1480.0
1889,5120.0
1890,3640.0
1891,4990.0
1892,2720.0
1893,2400.0
1894,3120.0
1895,3280.0
1896,1710.0
1897,5280.0
1898,4730.0
1899,2250.0
1900,2000.0
1901,1200.0
1902,6840.0
1903,2760.0
1904,4340.0
1905,7340.0
1906,3540.0
1907,960.0
1908,480.0
1909,2990.0
1910,3000.0
1911,2870.0
1912,1640.0
1913,7000.0
1914,10100.0
1915,1120.0
1916,2320.0
1917,2000.0
1918,5650.0
1919,3740.0
1920,2140.0
1921,4000.0
1922,3450.0
1923,2720.0
1924,2870.0
1925,8700.0
1926,5400.0
1927,14100.0
1928,1680.0
1929,4280.0
1930,18800.0
1931,1740.0
1932,2520.0
1933,9540.0
1934,3900.0
1935,15010.0
1936,3060.0
1937,3720.0
1938,2900.0
1939,3280.0
1940,20550.0
1941,3900.0
1942,4300.0
1943,4320.0
1944,2270.0
1945,4700.0
1946,4350.0
1947,2900.0
1948,8240.0
1949,7600.0
1950,2540.0
1951,1990.0
1952,4080.0
1953,3330.0
1954,5840.0
1955,3480.0
1956,4500.0
1957,2240.0
1958,3200.0
1959,3000.0
1960,2670.0
1961,3760.0
1962,1100.0
1963,2300.0
1964,10070.0
1965,2380.0
1966,1160.0
1967,5070.0
1968,3900.0
1969,5420.0
1970,5850.0
1971,1000.0
1972,2600.0
1973,1100.0
1974,3440.0
1975,3270.0
1976,2940.0
1977,4960.0
1978,3900.0
1979,2070.0
1980,2500.0
1981,8160.0
1982,2430.0
1983,2600.0
1984,2920.0
1985,2400.0
1986,6110.0
1987,5190.0
1988,2960.0
1989,1320.0
1990,1900.0
1991,5920.0
1992,3850.0
1993,2460.0
1994,2540.0
1995,1920.0
1996,3960.0
1997,5750.0
1998,900.0
1999,6300.0
2000,1400.0
2001,3920.0
2002,760.0
2003,2310.0
2004,2880.0
2005,1700.0
2006,980.0
2007,3220.0
2008,500.0
2009,2480.0
2010,2160.0
2011,2200.0
2012,2200.0
2013,2880.0
2014,2410.0
2015,4760.0
2016,480.0
2017,1620.0
2018,2520.0
2019,810.0
2020,1600.0
2021,5850.0
2022,
2023,240.0
2024,3430.0
2025,1680.0
2026,5220.0
2027,4590.0
2028,9720.0
2029,2640.0
2030,2150.0
2031,1790.0
2032,3510.0
2033,4780.0
2034,4060.0
2035,2590.0
2036,6000.0
2037,4800.0
2038,5440.0
2039,2100.0
2040,2240.0
2041,2400.0
2042,1800.0
2043,2990.0
2044,3840.0
2045,4060.0
2046,7000.0
2047,4800.0
2048,4400.0
2049,2390.0
2050,1690.0
2051,
2052,4400.0
2053,950.0
2054,2100.0
2055,1600.0
2056,1800.0
2057,5950.0
2058,14800.0
2059,2900.0
2060,2740.0
2061,3420.0
2062,7270.0
2063,4060.0
2064,7800.0
2065,2400.0
2066,7980.0
2067,1260.0
2068,
2069,2000.0
2070,4400.0
2071,2400.0
2072,7470.0
2073,2430.0
2074,1990.0
2075,2880.0
2076,1740.0
2077,2320.0
2078,2600.0
2079,3300.0
2080,7380.0
2081,1940.0
2082,2600.0
2083,2730.0
2084,5170.0
2085,4000.0
2086,4160.0
2087,180.0
2088,2590.0
2089,1940.0
2090,2400.0
2091,240.0
2092,5160.0
2093,1370.0
2094,1560.0
2095,3200.0
2096,2000.0
2097,3240.0
2098,7330.0
2099,1210.0
2100,2500.0
2101,2000.0
2102,3540.0
2103,2160.0
2104,2000.0
2105,3000.0
2106,1000.0
2107,7000.0
2108,1560.0
2109,4000.0
2110,4900.0
2111,3990.0
2112,3410.0
2113,3000.0
2114,3150.0
2115,4100.0
2116,2870.0
2117,3000.0
2118,5990.0
2119,1700.0
2120,4630.0
2121,1000.0
2122,1460.0
2123,1000.0
2124,3760.0
2125,5010.0
2126,1680.0
2127,2600.0
2128,4150.0
2129,2070.0
2130,9140.0
2131,
2132,2160.0
2133,6600.0
2134,1300.0
2135,1500.0
2136,2000.0
2137,10200.0
2138,2040.0
2139,2900.0
2140,3790.0
2141,1890.0
2142,3800.0
2143,2400.0
2144,4000.0
2145,1130.0
2146,3000.0
2147,4140.0
2148,2560.0
2149,2300.0
2150,2040.0
2151,1600.0
2152,2800.0
2153,2880.0
2154,10500.0
2155,2400.0
2156,6480.0
2157,5900.0
2158,840.0
2159,2220.0
2160,6670.0
2161,5990.0
2162,3600.0
2163,2880.0
2164,6640.0
2165,2430.0
2166,1760.0
2167,5200.0
2168,
2169,3220.0
2170,7240.0
2171,3000.0
2172,2540.0
2173,4860.0
2174,3150.0
2175,6260.0
2176,4000.0
2177,2590.0
2178,4860.0
2179,2240.0
2180,5150.0
2181,2100.0
2182,2240.0
2183,
2184,1200.0
2185,2510.0
2186,3560.0
2187,4960.0
2188,2280.0
2189,6900.0
2190,3540.0
2191,2820.0
2192,2090.0
2193,5350.0
2194,19600.0
2195,870.0
2196,6240.0
2197,4160.0
2198,1240.0
2199,7390.0
2200,1600.0
2201,13700.0
2202,1800.0
2203,2100.0
2204,2730.0
2205,1120.0
2206,10000.0
2207,6400.0
2208,5040.0
2209,7800.0
2210,2400.0
2211,4670.0
2212,3760.0
2213,2640.0
2214,1950.0
2215,1160.0
2216,1560.0
2217,5590.0
2218,
2219,1760.0
2220,2660.0
2221,2600.0
2222,1200.0
2223,6000.0
2224,6900.0
2225,1210.0
2226,5010.0
2227,3260.0
2228,1740.0
2229,1040.0
2230,2350.0
2231,3000.0
2232,720.0
2233,2600.0
2234,2340.0
2235,1320.0
2236,4880.0
2237,1840.0
2238,5950.0
2239,2600.0
2240,4720.0
2241,1820.0
2242,1870.0
2243,2880.0
2244,5300.0
2245,2000.0
2246,2730.0
2247,4480.0
2248,3000.0
2249,1400.0
2250,5440.0
2251,1480.0
2252,2100.0
2253,7140.0
2254,3920.0
2255,2850.0
2256,5650.0
2257,5820.0
2258,2740.0
2259,3190.0
2260,8130.0
2261,3510.0
2262,900.0
2263,1500.0
2264,4520.0
2265,5480.0
2266,3760.0
2267,1440.0
2268,8900.0
2269,2950.0
2270,1200.0
2271,3400.0
2272,2850.0
2273,4300.0
2274,9560.0
2275,2000.0
2276,2000.0
2277,7100.0
2278,1300.0
2279,2220.0
2280,6320.0
2281,2750.0
2282,1980.0
2283,4320.0
2284,3480.0
2285,3960.0
2286,
2287,1140.0
2288,3500.0
2289,3680.0
2290,1780.0
2291,4200.0
2292,2520.0
2293,2840.0
2294,2400.0
2295,2140.0
2296,4960.0
2297,2960.0
2298,5950.0
2299,1600.0
2300,2500.0
2301,1410.0
2302,9510.0
2303,4200.0
2304,1200.0
2305,4320.0
2306,1680.0
2307,2790.0
2308,4700.0
2309,4520.0
2310,2400.0
2311,5520.0
2312,1350.0
2313,2200.0
2314,1080.0
2315,2700.0
2316,2430.0
2317,1980.0
2318,2000.0
2319,
2320,4830.0
2321,2650.0
2322,4690.0
2323,2100.0
2324,1680.0
2325,2070.0
2326,4480.0
2327,4500.0
2328,6440.0
2329,7800.0
2330,4200.0
2331,280.0
2332,5080.0
2333,
2334,10080.0
2335,4760.0
2336,2500.0
2337,6240.0
2338,1100.0
2339,1120.0
2340,5180.0
2341,1060.0
2342,2300.0
2343,2260.0
2344,3940.0
2345,5180.0
2346,2800.0
2347,1920.0
2348,5800.0
2349,5180.0
2350,5940.0
2351,11070.0
2352,8670.0
2353,2450.0
2354,1470.0
2355,1500.0
2356,2200.0
2357,1500.0
2358,5940.0
2359,2790.0
2360,2740.0
2361,3600.0
2362,5850.0
2363,3800.0
2364,8520.0
2365,1170.0
2366,3300.0
2367,1600.0
2368,22800.0
2369,1260.0
2370,3040.0
2371,3300.0
2372,7600.0
2373,2640.0
2374,6930.0
2375,6640.0
2376,8570.0
2377,1380.0
2378,2900.0
2379,3940.0
2380,5250.0
2381,2400.0
2382,8040.0
2383,2580.0
2384,2350.0
2385,3150.0
2386,3510.0
2387,2610.0
2388,4420.0
2389,8750.0
2390,3600.0
2391,8750.0
2392,2120.0
2393,2200.0
2394,17200.0
2395,2200.0
2396,3430.0
2397,3270.0
2398,8700.0
2399,4680.0
2400,1990.0
2401,5800.0
2402,7100.0
2403,7720.0
2404,2600.0
2405,2840.0
2406,3540.0
2407,6790.0
2408,2240.0
2409,2000.0
2410,6900.0
2411,1980.0
2412,2040.0
2413,5200.0
2414,13300.0
2415,3950.0
2416,15150.0
2417,15480.0
2418,1600.0
2419,3960.0
2420,840.0
2421,2430.0
2422,2200.0
2423,2000.0
2424,1290.0
2425,9000.0
2426,2880.0
2427,6210.0
2428,2100.0
2429,2000.0
2430,2000.0
2431,2100.0
2432,2200.0
2433,3000.0
2434,2870.0
2435,1780.0
2436,960.0
2437,1080.0
2438,4480.0
2439,1300.0
2440,3200.0
2441,960.0
2442,5400.0
2443,1920.0
2444,3960.0
2445,1960.0
2446,990.0
2447,1380.0
2448,2280.0
2449,2800.0
2450,3210.0
2451,4060.0
2452,2840.0
2453,4280.0
2454,4000.0
2455,1920.0
2456,1260.0
2457,
2458,1770.0
2459,2500.0
2460,5330.0
2461,1680.0
2462,1650.0
2463,5200.0
2464,6500.0
2465,2000.0
2466,2130.0
2467,2200.0
2468,2500.0
2469,1740.0
2470,2500.0
2471,2700.0
2472,15080.0
2473,4400.0
2474,5200.0
2475,5820.0
2476,4190.0
2477,3340.0
2478,
2479,1200.0
2480,2400.0
2481,6870.0
2482,5250.0
2483,2440.0
2484,3960.0
2485,5470.0
2486,3940.0
2487,1840.0
2488,2470.0
2489,2100.0
2490,6000.0
2491,4070.0
2492,4950.0
2493,200.0
2494,2800.0
2495,6000.0
2496,2500.0
2497,3450.0
2498,1400.0
2499,1300.0
2500,1620.0
2501,6360.0
2502,2070.0
2503,3660.0
2504,2040.0
2505,4840.0
2506,4600.0
2507,1820.0
2508,8000.0
2509,
2510,4930.0
2511,2900.0
2512,3430.0
2513,3010.0
2514,14820.0
2515,2120.0
2516,1680.0
2517,5350.0
2518,5200.0
2519,3830.0
2520,4000.0
2521,1650.0
2522,8000.0
2523,8100.0
2524,2640.0
2525,1600.0
2526,4400.0
2527,3900.0
2528,5920.0
2529,4620.0
2530,4080.0
2531,8400.0
2532,4900.0
2533,2700.0
2534,7920.0
2535,
2536,3400.0
2537,5200.0
2538,3750.0
2539,1500.0
2540,1870.0
2541,3670.0
2542,4500.0
2543,2900.0
2544,5540.0
2545,4880.0
2546,3760.0
2547,4960.0
2548,3600.0
2549,5460.0
2550,3710.0
2551,3990.0
2552,1710.0
2553,1760.0
2554,4450.0
2555,9340.0
2556,1000.0
2557,2660.0
2558,1820.0
2559,3500.0
2560,2100.0
2561,1610.0
2562,1600.0
2563,3040.0
2564,4590.0
2565,2800.0
2566,5070.0
2567,1590.0
2568,4270.0
2569,
2570,13700.0
2571,4920.0
2572,8390.0
2573,2640.0
2574,1710.0
2575,8870.0
2576,1940.0
2577,360.0
2578,2640.0
2579,3260.0
2580,2700.0
2581,2430.0
2582,7920.0
2583,4590.0
2584,2300.0
2585,1820.0
2586,4840.0
2587,3570.0
2588,5400.0
2589,6000.0
2590,5610.0
2591,2030.0
2592,780.0
2593,1980.0
2594,2260.0
2595,1820.0
2596,4990.0
2597,3050.0
2598,4940.0
2599,2240.0
2600,2500.0
2601,3810.0
2602,4100.0
2603,3180.0
2604,5370.0
2605,980.0
2606,2400.0
2607,
2608,3710.0
2609,1300.0
2610,3570.0
2611,1200.0
2612,1320.0
2613,6200.0
2614,390.0
2615,
2616,4900.0
2617,3200.0
2618,14990.0
2619,4390.0
2620,4600.0
2621,1300.0
2622,2160.0
2623,2050.0
2624,1560.0
2625,13160.0
2626,3270.0
2627,5330.0
2628,4080.0
2629,1040.0
2630,5880.0
2631,1790.0
2632,3480.0
2633,4880.0
2634,3430.0
2635,1500.0
2636,4000.0
2637,3480.0
2638,1870.0
2639,1980.0
2640,3420.0
2641,1150.0
2642,7800.0
2643,1320.0
2644,4200.0
2645,2100.0
2646,4640.0
2647,2700.0
2648,2960.0
2649,3000.0
2650,6840.0
2651,9600.0
2652,3350.0
2653,6200.0
2654,2010.0
2655,2740.0
2656,2190.0
2657,3450.0
2658,2800.0
2659,1820.0
2660,2400.0
2661,3360.0
2662,26000.0
2663,2570.0
2664,5810.0
2665,1200.0
2666,
2667,280.0
2668,6790.0
2669,4230.0
2670,3720.0
2671,3960.0
2672,5350.0
2673,3760.0
2674,5470.0
2675,2650.0
2676,5480.0
2677,4100.0
2678,4270.0
2679,1540.0
2680,2480.0
2681,2520.0
2682,5990.0
2683,1820.0
2684,5880.0
2685,5900.0
2686,2200.0
2687,9300.0
2688,4280.0
2689,3300.0
2690,4600.0
2691,3680.0
2692,2440.0
2693,2640.0
2694,4080.0
2695,3720.0
2696,3000.0
2697,3000.0
2698,1380.0
2699,2990.0
2700,2190.0
2701,3370.0
2702,4900.0
2703,
2704,4320.0
2705,470.0
2706,
2707,210.0
2708,14990.0
2709,2710.0
2710,3040.0
2711,3990.0
2712,3000.0
2713,6640.0
2714,1950.0
2715,3380.0
2716,1640.0
2717,3570.0
2718,6640.0
2719,4560.0
2720,8340.0
2721,1500.0
2722,2430.0
2723,3600.0
2724,340.0
2725,4000.0
2726,1440.0
2727,1740.0
2728,7230.0
2729,3000.0
2730,6520.0
2731,2250.0
2732,1670.0
2733,7230.0
2734,4500.0
2735,9000.0
2736,2680.0
2737,3210.0
2738,4990.0
2739,3500.0
2740,4620.0
2741,1100.0
2742,3900.0
2743,2000.0
2744,27670.0
2745,2360.0
2746,1000.0
2747,1190.0
2748,2200.0
2749,3850.0
2750,2400.0
2751,3000.0
2752,6000.0
2753,2000.0
2754,1400.0
2755,1900.0
2756,1670.0
2757,6960.0
2758,4800.0
2759,4450.0
2760,3000.0
2761,31100.0
2762,1590.0
2763,2650.0
2764,3200.0
2765,5320.0
2766,
2767,2700.0
2768,1700.0
2769,2520.0
2770,2900.0
2771,5000.0
2772,3540.0
2773,2520.0
2774,2400.0
2775,3000.0
2776,4880.0
2777,3060.0
2778,4200.0
2779,
2780,1000.0
2781,1640.0
2782,1600.0
2783,1280.0
2784,
2785,3590.0
2786,1010.0
2787,3200.0
2788,5070.0
2789,2500.0
2790,1300.0
2791,3600.0
2792,3600.0
2793,2400.0
2794,2550.0
2795,3990.0
2796,1530.0
2797,2400.0
2798,3160.0
2799,4100.0
2800,3700.0
2801,3500.0
2802,2100.0
2803,2700.0
2804,2100.0
2805,6320.0
2806,1600.0
2807,3000.0
2808,2080.0
2809,2880.0
2810,4000.0
2811,2800.0
2812,
2813,2300.0
2814,1650.0
2815,1520.0
2816,2460.0
2817,3850.0
2818,2200.0
2819,6990.0
2820,6300.0
2821,1900.0
2822,6040.0
2823,4180.0
2824,9600.0
2825,3480.0
2826,3180.0
2827,2930.0
2828,3660.0
2829,2400.0
2830,790.0
2831,
2832,4600.0
2833,
2834,1300.0
2835,3540.0
2836,2500.0
2837,2400.0
2838,1470.0
2839,1100.0
2840,4080.0
2841,5590.0
2842,4100.0
2843,4790.0
2844,1820.0
2845,9000.0
2846,700.0
2847,7230.0
2848,2700.0
2849,470.0
2850,1920.0
2851,5880.0
2852,2080.0
2853,3920.0
2854,1260.0
2855,1980.0
2856,5650.0
2857,1750.0
2858,4700.0
2859,1000.0
2860,2400.0
2861,3380.0
2862,2800.0
2863,7200.0
2864,6510.0
2865,5590.0
2866,4070.0
2867,
2868,2840.0
2869,2100.0
2870,1000.0
2871,2240.0
2872,3190.0
2873,2700.0
2874,3340.0
2875,2520.0
2876,2990.0
2877,
2878,1250.0
2879,1560.0
2880,3600.0
2881,5320.0
2882,1080.0
2883,6180.0
2884,2590.0
2885,4600.0
2886,5330.0
2887,2990.0
2888,3280.0
2889,5160.0
2890,1470.0
2891,1960.0
2892,1210.0
2893,2000.0
2894,6070.0
2895,1840.0
2896,1680.0
2897,990.0
2898,4210.0
2899,1110.0
2900,2900.0
2901,2400.0
2902,1640.0
2903,6360.0
2904,2800.0
2905,
2906,2260.0
2907,1760.0
2908,15010.0
2909,4840.0
2910,3800.0
2911,1500.0
2912,
2913,4700.0
2914,2400.0
2915,2300.0
2916,2000.0
2917,6000.0
2918,2800.0
2919,4480.0
2920,3000.0
2921,3080.0
2922,3060.0
2923,3280.0
2924,3390.0
2925,2000.0
2926,7010.0
2927,2400.0
2928,5400.0
2929,
2930,3600.0
2931,1390.0
2932,3540.0
2933,1080.0
2934,4070.0
2935,6870.0
2936,1200.0
2937,7100.0
2938,2140.0
2939,2520.0
2940,5680.0
2941,1340.0
2942,6660.0
2943,3500.0
2944,5140.0
2945,2130.0
2946,2960.0
2947,5220.0
2948,2610.0
2949,2310.0
2950,10150.0
2951,1600.0
2952,1920.0
2953,11870.0
2954,2520.0
2955,2310.0
2956,1540.0
2957,4640.0
2958,
2959,1670.0
2960,1200.0
2961,6540.0
2962,4100.0
2963,2300.0
2964,3640.0
2965,4400.0
2966,1840.0
2967,2000.0
2968,5400.0
2969,3020.0
2970,2580.0
2971,5800.0
2972,5350.0
2973,6000.0
2974,8600.0
2975,3420.0
2976,4600.0
2977,4250.0
2978,5350.0
2979,2700.0
2980,1400.0
2981,3920.0
2982,4800.0
2983,11480.0
2984,2920.0
2985,
2986,3160.0
2987,4990.0
2988,1650.0
2989,1900.0
2990,2400.0
2991,1700.0
2992,1240.0
2993,1790.0
2994,3240.0
2995,1680.0
2996,1700.0
2997,2000.0
2998,800.0
2999,2540.0
3000,9700.0
3001,2400.0
3002,7300.0
3003,3200.0
3004,
3005,1500.0
3006,2270.0
3007,2160.0
3008,1840.0
3009,2750.0
3010,3000.0
3011,4600.0
3012,10100.0
3013,
3014,1760.0
3015,2920.0
3016,1840.0
3017,3000.0
3018,7990.0
3019,960.0
3020,5880.0
3021,2390.0
3022,2000.0
3023,1760.0
3024,8120.0
3025,5270.0
3026,2340.0
3027,6420.0
3028,3200.0
3029,2400.0
3030,3800.0
3031,5520.0
3032,6000.0
3033,1760.0
3034,3710.0
3035,4860.0
3036,4770.0
3037,1950.0
3038,
3039,8600.0
3040,2400.0
3041,5650.0
3042,5650.0
3043,5460.0
3044,1430.0
3045,1580.0
3046,8600.0
3047,1760.0
3048,5840.0
3049,910.0
3050,21400.0
3051,4500.0
3052,1920.0
3053,1950.0
3054,3040.0
3055,4740.0
3056,2940.0
3057,5320.0
3058,4950.0
3059,2480.0
3060,2700.0
3061,7300.0
3062,1650.0
3063,33100.0
3064,1900.0
3065,3920.0
3066,4140.0
3067,160.0
3068,6200.0
3069,2190.0
3070,9170.0
3071,1200.0
3072,4990.0
3073,2020.0
3074,3000.0
3075,10100.0
3076,2010.0
3077,7240.0
3078,1000.0
3079,1050.0
3080,
3081,7900.0
3082,7920.0
3083,240.0
3084,11000.0
3085,1790.0
3086,3200.0
3087,1760.0
3088,4720.0
3089,1040.0
3090,5460.0
3091,12900.0
3092,2960.0
3093,3400.0
3094,2360.0
3095,1800.0
3096,
3097,6650.0
3098,3550.0
3099,1800.0
3100,1900.0
3101,2300.0
3102,
3103,9000.0
3104,4340.0
3105,2600.0
3106,2900.0
3107,2050.0
3108,
3109,
3110,7320.0
3111,1990.0
3112,1950.0
3113,2500.0
3114,2640.0
3115,2070.0
3116,7240.0
3117,4600.0
3118,1700.0
3119,2590.0
3120,2400.0
3121,4700.0
3122,1200.0
3123,2380.0
3124,
3125,3590.0
3126,2400.0
3127,5540.0
3128,3060.0
3129,4600.0
3130,4480.0
3131,4860.0
3132,2250.0
3133,10900.0
3134,4800.0
3135,8000.0
3136,1550.0
3137,2000.0
3138,4280.0
3139,2500.0
3140,1080.0
3141,7610.0
3142,2800.0
3143,6990.0
3144,1820.0
3145,3150.0
3146,3700.0
3147,2000.0
3148,4720.0
3149,3240.0
3150,1700.0
3151,1280.0
3152,3300.0
3153,4380.0
3154,5110.0
3155,3480.0
3156,720.0
3157,3700.0
3158,6040.0
3159,2840.0
3160,3190.0
3161,3420.0
3162,
3163,1840.0
3164,3320.0
3165,2170.0
3166,5330.0
3167,1900.0
3168,6430.0
3169,7200.0
3170,1870.0
3171,3360.0
3172,2340.0
3173,3000.0
3174,2080.0
3175,10160.0
3176,2700.0
3177,4320.0
3178,5950.0
3179,1280.0
3180,2250.0
3181,1700.0
3182,2700.0
3183,3080.0
3184,500.0
3185,2520.0
3186,2080.0
3187,1430.0
3188,4990.0
3189,7120.0
3190,3300.0
3191,2080.0
3192,4080.0
3193,3960.0
3194,3500.0
3195,1350.0
3196,12000.0
3197,1520.0
3198,1820.0
3199,4800.0
3200,1900.0
3201,3590.0
3202,1920.0
3203,2240.0
3204,3650.0
3205,7000.0
3206,2010.0
3207,200.0
3208,2010.0
3209,3760.0
3210,10100.0
3211,1200.0
3212,2100.0
3213,3710.0
3214,2660.0
3215,3010.0
3216,5220.0
3217,2160.0
3218,1550.0
3219,
3220,1120.0
3221,
3222,4400.0
3223,2340.0
3224,1600.0
3225,3340.0
3226,2400.0
3227,4420.0
3228,1960.0
3229,2270.0
3230,1700.0
3231,3400.0
3232,280.0
3233,1330.0
3234,2050.0
3235,6640.0
3236,2170.0
3237,3550.0
3238,3230.0
3239,500.0
3240,2520.0
3241,2900.0
3242,2080.0
3243,2400.0
3244,2820.0
3245,3040.0
3246,5210.0
3247,6760.0
3248,5050.0
3249,1400.0
3250,7920.0
3251,2900.0
3252,2500.0
3253,5870.0
3254,5470.0
3255,5670.0
3256,2880.0
3257,7250.0
3258,4400.0
3259,4100.0
3260,5920.0
3261,4860.0
3262,2010.0
3263,6100.0
3264,5300.0
3265,1870.0
3266,6880.0
3267,20000.0
3268,960.0
3269,1070.0
3270,2800.0
3271,3700.0
3272,7600.0
3273,7100.0
3274,640.0
3275,10070.0
3276,1320.0
3277,4990.0
3278,1840.0
3279,6800.0
3280,990.0
3281,2400.0
3282,3710.0
3283,5180.0
3284,5640.0
3285,1820.0
3286,2640.0
3287,1870.0
3288,15030.0
3289,4560.0
3290,3320.0
3291,2520.0
3292,6700.0
3293,4240.0
3294,2160.0
3295,1600.0
3296,
3297,280.0
3298,5000.0
3299,1680.0
3300,2990.0
3301,5390.0
3302,7100.0
3303,4590.0
3304,2400.0
3305,3120.0
3306,1200.0
3307,2400.0
3308,1400.0
3309,2760.0
3310,2500.0
3311,4550.0
3312,2760.0
3313,6040.0
3314,3300.0
3315,3590.0
3316,3900.0
3317,4600.0
3318,
3319,3800.0
3320,4390.0
3321,2070.0
3322,3210.0
3323,2800.0
3324,4400.0
3325,2490.0
3326,
3327,4300.0
3328,5460.0
3329,2080.0
3330,600.0
3331,2880.0
3332,4660.0
3333,2800.0
3334,1200.0
3335,1120.0
3336,2250.0
3337,1100.0
3338,2800.0
3339,1980.0
3340,1890.0
3341,1920.0
3342,6100.0
3343,2730.0
3344,2310.0
3345,14820.0
3346,4200.0
3347,2460.0
3348,2680.0
3349,4860.0
3350,2400.0
3351,3960.0
3352,6300.0
3353,3480.0
3354,2920.0
3355,2430.0
3356,5100.0
3357,11540.0
3358,4790.0
3359,600.0
3360,2100.0
3361,1960.0
3362,2400.0
3363,1920.0
3364,1500.0
3365,1470.0
3366,4000.0
3367,
3368,2300.0
3369,1280.0
3370,1990.0
3371,7400.0
3372,2280.0
3373,2280.0
3374,2400.0
3375,2830.0
3376,22440.0
3377,2650.0
3378,1200.0
3379,3440.0
3380,2320.0
3381,3750.0
3382,5640.0
3383,5400.0
3384,5390.0
3385,1500.0
3386,2000.0
3387,2100.0
3388,2700.0
3389,3360.0
3390,2220.0
3391,7700.0
3392,5900.0
3393,4130.0
3394,4000.0
3395,
3396,1520.0
3397,5880.0
3398,2520.0
3399,2580.0
3400,3000.0
3401,1350.0
3402,3010.0
3403,2800.0
3404,7100.0
3405,1200.0
3406,670.0
3407,9600.0
3408,820.0
3409,2940.0
3410,1160.0
3411,1090.0
3412,4000.0
3413,1200.0
3414,1080.0
3415,4320.0
3416,2640.0
3417,1340.0
3418,6450.0
3419,900.0
3420,3400.0
3421,9990.0
3422,2680.0
3423,3060.0
3424,
3425,4590.0
3426,11000.0
3427,2500.0
3428,3960.0
3429,2240.0
3430,
3431,4680.0
3432,6000.0
3433,3540.0
3434,8410.0
3435,2280.0
3436,7500.0
3437,2200.0
3438,6160.0
3439,2000.0
3440,1980.0
3441,2550.0
3442,3000.0
3443,1300.0
3444,
3445,2210.0
3446,2160.0
3447,4650.0
3448,1040.0
3449,1040.0
3450,2760.0
3451,8200.0
3452,4990.0
3453,4300.0
3454,9100.0
3455,4830.0
3456,3190.0
3457,2840.0
3458,8800.0
3459,1620.0
3460,1120.0
3461,3300.0
3462,5880.0
3463,2340.0
3464,900.0
3465,12840.0
3466,1500.0
3467,1400.0
3468,280.0
3469,1600.0
3470,3280.0
3471,2800.0
3472,2400.0
3473,4000.0
3474,3000.0
3475,3400.0
3476,1260.0
3477,5160.0
3478,1500.0
3479,2840.0
3480,1820.0
3481,3540.0
3482,4100.0
3483,3000.0
3484,6880.0
3485,2400.0
3486,2400.0
3487,5120.0
3488,3480.0
3489,1800.0
3490,5280.0
3491,5220.0
3492,6200.0
3493,2300.0
3494,1120.0
3495,4760.0
3496,2160.0
3497,4600.0
3498,4400.0
3499,5300.0
3500,2310.0
3501,1470.0
3502,6390.0
3503,1260.0
3504,1140.0
3505,1940.0
3506,5320.0
3507,1700.0
3508,3360.0
3509,3830.0
3510,5320.0
3511,2500.0
3512,8500.0
3513,3100.0
3514,1360.0
3515,5040.0
3516,5320.0
3517,2340.0
3518,1200.0
3519,2460.0
3520,1840.0
3521,2000.0
3522,
3523,1050.0
3524,7000.0
3525,1100.0
3526,2800.0
3527,2900.0
3528,
3529,2340.0
3530,2820.0
3531,940.0
3532,2030.0
3533,1400.0
3534,4720.0
3535,4200.0
3536,3600.0
3537,680.0
3538,3600.0
3539,2820.0
3540,1490.0
3541,2360.0
3542,8000.0
3543,4680.0
3544,3640.0
3545,3760.0
3546,7940.0
3547,4500.0
3548,2000.0
3549,1440.0
3550,2100.0
3551,1800.0
3552,5840.0
3553,6930.0
3554,
3555,8270.0
3556,3600.0
3557,7840.0
3558,1800.0
3559,4390.0
3560,1740.0
3561,960.0
3562,2900.0
3563,5970.0
3564,3700.0
3565,3760.0
3566,6640.0
3567,1120.0
3568,1960.0
3569,6000.0
3570,3540.0
3571,4000.0
3572,1960.0
3573,7400.0
3574,4200.0
3575,1790.0
3576,2220.0
3577,3340.0
3578,5540.0
3579,2200.0
3580,5800.0
3581,5120.0
3582,5390.0
3583,2360.0
3584,3810.0
3585,1950.0
3586,3540.0
3587,3270.0
3588,2730.0
3589,11480.0
3590,3660.0
3591,180.0
3592,6560.0
3593,1680.0
3594,5010.0
3595,5120.0
3596,3640.0
3597,3800.0
3598,1820.0
3599,3340.0
3600,1800.0
3601,3390.0
3602,4760.0
3603,4800.0
3604,2800.0
3605,2960.0
3606,4040.0
3607,3900.0
3608,2560.0
3609,3410.0
3610,2880.0
3611,5130.0
3612,5300.0
3613,4100.0
3614,2600.0
3615,10800.0
3616,6930.0
3617,11500.0
3618,7000.0
3619,1100.0
3620,2200.0
3621,5740.0
3622,1600.0
3623,3000.0
3624,3000.0
3625,7120.0
3626,3800.0
3627,4360.0
3628,8540.0
3629,3080.0
3630,
3631,30.0
3632,14520.0
3633,4900.0
3634,5600.0
3635,3480.0
3636,6800.0
3637,6040.0
3638,3540.0
3639,2880.0
3640,2550.0
3641,1230.0
3642,3640.0
3643,4200.0
3644,5100.0
3645,1050.0
3646,2860.0
3647,1680.0
3648,5160.0
3649,1750.0
3650,7800.0
3651,4400.0
3652,2280.0
3653,1760.0
3654,2920.0
3655,1600.0
3656,6060.0
3657,4000.0
3658,3680.0
3659,22430.0
3660,2720.0
3661,2520.0
3662,
3663,1980.0
3664,2050.0
3665,4500.0
3666,1640.0
3667,3760.0
3668,2540.0
3669,9200.0
3670,6670.0
3671,2500.0
3672,3390.0
3673,3680.0
3674,3070.0
3675,5100.0
3676,1260.0
3677,3940.0
3678,4830.0
3679,5280.0
3680,7800.0
3681,4580.0
3682,
3683,3480.0
3684,2460.0
3685,3840.0
3686,2470.0
3687,3960.0
3688,3540.0
3689,
3690,2940.0
3691,5650.0
3692,9920.0
3693,4500.0
3694,2750.0
3695,3280.0
3696,3800.0
3697,6160.0
3698,2510.0
3699,2870.0
3700,2000.0
3701,3000.0
3702,2760.0
3703,1400.0
3704,3920.0
3705,
3706,9990.0
3707,5160.0
3708,10560.0
3709,2900.0
3710,1900.0
3711,
3712,2640.0
3713,1710.0
3714,2140.0
3715,900.0
3716,9560.0
3717,5050.0
3718,3000.0
3719,5100.0
3720,3530.0
3721,3100.0
3722,
3723,1890.0
3724,5000.0
3725,4120.0
3726,4860.0
3727,3780.0
3728,4000.0
3729,3150.0
3730,1560.0
3731,7000.0
3732,5650.0
3733,3100.0
3734,10890.0
3735,3440.0
3736,7470.0
3737,4000.0
3738,4500.0
3739,2880.0
3740,4680.0
3741,1700.0
3742,2800.0
3743,4800.0
3744,6740.0
3745,4600.0
3746,3840.0
3747,
3748,1420.0
3749,2330.0
3750,1400.0
3751,2960.0
3752,2750.0
3753,5950.0
3754,4620.0
3755,3500.0
3756,5070.0
3757,1380.0
3758,3150.0
3759,3100.0
3760,2390.0
3761,3800.0
3762,5300.0
3763,3200.0
3764,1560.0
3765,5000.0
3766,3200.0
3767,4800.0
3768,2000.0
3769,5880.0
3770,3870.0
3771,3840.0
3772,8340.0
3773,6470.0
3774,5440.0
3775,1720.0
3776,4420.0
3777,9480.0
3778,
3779,18920.0
3780,3040.0
3781,3500.0
3782,5010.0
3783,4540.0
3784,5040.0
3785,3470.0
3786,1860.0
3787,3300.0
3788,1230.0
3789,4380.0
3790,3210.0
3791,10450.0
3792,6600.0
3793,
3794,3040.0
3795,2940.0
3796,1500.0
3797,3270.0
3798,4120.0
3799,13050.0
3800,2200.0
3801,1640.0
3802,2640.0
3803,1500.0
3804,7840.0
3805,8470.0
3806,4500.0
3807,2750.0
3808,6390.0
3809,6040.0
3810,1190.0
3811,4180.0
3812,
3813,7300.0
3814,3640.0
3815,3960.0
3816,4870.0
3817,5200.0
3818,9340.0
3819,3140.0
3820,6930.0
3821,2530.0
3822,1200.0
3823,2200.0
3824,15120.0
3825,13400.0
3826,2520.0
3827,1490.0
3828,5380.0
3829,2390.0
3830,5800.0
3831,5440.0
3832,1860.0
3833,2210.0
3834,1200.0
3835,1960.0
3836,6860.0
3837,1100.0
3838,1470.0
3839,3200.0
3840,15150.0
3841,3420.0
3842,9300.0
3843,3200.0
3844,2160.0
3845,14940.0
3846,420.0
3847,4500.0
3848,2360.0
3849,4900.0
3850,5140.0
3851,4540.0
3852,2300.0
3853,1800.0
3854,5650.0
3855,2730.0
3856,1710.0
3857,4960.0
3858,6000.0
3859,2200.0
3860,1750.0
3861,4990.0
3862,1830.0
3863,1050.0
3864,3590.0
3865,9990.0
3866,15080.0
3867,2320.0
3868,3290.0
3869,1880.0
3870,2660.0
3871,3210.0
3872,3170.0
3873,4600.0
3874,3540.0
3875,12100.0
3876,1700.0
3877,
3878,2400.0
3879,4410.0
3880,8920.0
3881,3340.0
3882,6300.0
3883,5010.0
3884,1400.0
3885,4800.0
3886,2600.0
3887,3540.0
3888,2800.0
3889,
3890,2990.0
3891,5200.0
3892,4600.0
3893,3850.0
3894,
3895,1300.0
3896,3380.0
3897,4100.0
3898,3920.0
3899,3640.0
3900,10070.0
3901,2000.0
3902,4000.0
3903,6000.0
3904,2000.0
3905,2550.0
3906,
3907,2500.0
3908,1400.0
3909,3200.0
3910,2280.0
3911,2700.0
3912,1870.0
3913,1860.0
3914,3000.0
3915,3660.0
3916,2480.0
3917,3000.0
3918,2280.0
3919,2800.0
3920,1500.0
3921,2000.0
3922,1340.0
3923,7100.0
3924,3000.0
3925,2600.0
3926,2470.0
3927,2640.0
3928,3000.0
3929,1460.0
3930,5560.0
3931,2090.0
3932,4040.0
3933,4990.0
3934,5000.0
3935,2360.0
3936,
3937,5600.0
3938,2150.0
3939,2270.0
3940,1200.0
3941,3670.0
3942,2610.0
3943,2850.0
3944,
3945,5200.0
3946,2840.0
3947,10200.0
3948,1830.0
3949,2500.0
3950,16000.0
3951,2100.0
3952,3600.0
3953,1610.0
3954,2370.0
3955,7740.0
3956,5800.0
3957,6120.0
3958,
3959,2030.0
3960,3600.0
3961,4620.0
3962,9180.0
3963,3120.0
3964,2980.0
3965,3100.0
3966,4320.0
3967,4600.0
3968,2340.0
3969,2400.0
3970,4700.0
3971,2200.0
3972,7700.0
3973,2120.0
3974,2800.0
3975,1700.0
3976,1500.0
3977,2120.0
3978,15000.0
3979,1000.0
3980,3960.0
3981,18560.0
3982,600.0
3983,1500.0
3984,2600.0
3985,6040.0
3986,4140.0
3987,3300.0
3988,2100.0
3989,1700.0
3990,1960.0
3991,1140.0
3992,880.0
3993,3760.0
3994,2470.0
3995,2900.0
3996,
3997,3180.0
3998,2400.0
3999,5640.0
4000,
4001,9080.0
4002,1050.0
4003,2600.0
4004,4360.0
4005,4460.0
4006,3960.0
4007,1990.0
4008,1990.0
4009,10070.0
4010,3000.0
4011,6600.0
4012,2500.0
4013,4040.0
4014,2000.0
4015,2400.0
4016,2400.0
4017,2200.0
4018,9870.0
4019,2100.0
4020,1200.0
4021,2000.0
4022,5080.0
4023,1800.0
4024,7760.0
4025,5200.0
4026,2440.0
4027,3700.0
4028,1440.0
4029,1400.0
4030,2950.0
4031,1680.0
4032,3600.0
4033,1800.0
4034,1100.0
4035,4440.0
4036,2800.0
4037,1960.0
4038,2400.0
4039,2160.0
4040,2550.0
4041,7080.0
4042,4720.0
4043,11200.0
4044,2800.0
4045,3600.0
4046,1600.0
4047,
4048,1190.0
4049,3500.0
4050,2000.0
4051,2000.0
4052,4320.0
4053,1500.0
4054,1100.0
4055,4520.0
4056,1800.0
4057,1260.0
4058,
4059,11400.0
4060,3500.0
4061,3240.0
4062,9990.0
4063,1200.0
4064,100.0
4065,3010.0
4066,2400.0
4067,2400.0
4068,560.0
4069,1480.0
4070,3600.0
4071,
4072,2100.0
4073,5220.0
4074,4000.0
4075,5120.0
4076,1800.0
4077,5020.0
4078,3000.0
4079,
4080,6140.0
4081,1950.0
4082,6000.0
4083,2000.0
4084,
4085,4500.0
4086,11120.0
4087,2340.0
4088,1920.0
4089,3600.0
4090,3280.0
4091,4240.0
4092,2600.0
4093,360.0
4094,6000.0
4095,3200.0
4096,6540.0
4097,
4098,3660.0
4099,6680.0
4100,1750.0
4101,4990.0
4102,2100.0
4103,9000.0
4104,2800.0
4105,5910.0
4106,3000.0
4107,4180.0
4108,4180.0
4109,2760.0
4110,
4111,14010.0
4112,1600.0
4113,720.0
4114,4200.0
4115,
4116,2880.0
4117,1620.0
4118,3040.0
4119,2400.0
4120,2480.0
4121,8130.0
4122,2340.0
4123,2280.0
4124,6510.0
4125,150.0
4126,5080.0
4127,5250.0
4128,6300.0
4129,2240.0
4130,4400.0
4131,8120.0
4132,2200.0
4133,5600.0
4134,7280.0
4135,3760.0
4136,4680.0
4137,4600.0
4138,1700.0
4139,3300.0
4140,4600.0
4141,4200.0
4142,1390.0
4143,3720.0
4144,
4145,3260.0
4146,2200.0
4147,2110.0
4148,2110.0
4149,4160.0
4150,2260.0
4151,4480.0
4152,4800.0
4153,4290.0
4154,2280.0
4155,3790.0
4156,2340.0
4157,3600.0
4158,6640.0
4159,2000.0
4160,9070.0
4161,5400.0
4162,1290.0
4163,4890.0
4164,5220.0
4165,2150.0
4166,9300.0
4167,4680.0
4168,15010.0
4169,11120.0
4170,1200.0
4171,3680.0
4172,13350.0
4173,
4174,3630.0
4175,2500.0
4176,2750.0
4177,100.0
4178,2000.0
4179,2750.0
4180,2600.0
4181,
4182,3300.0
4183,3700.0
4184,3010.0
4185,6680.0
4186,9000.0
4187,3600.0
4188,
4189,3000.0
4190,3060.0
4191,1710.0
4192,
4193,2820.0
4194,5320.0
4195,1320.0
4196,6300.0
4197,3000.0
4198,4770.0
4199,
4200,3540.0
4201,
4202,11760.0
4203,3000.0
4204,28520.0
4205,14000.0
4206,
4207,1270.0
4208,3010.0
4209,5020.0
4210,2310.0
4211,2700.0
4212,2400.0
4213,6580.0
4214,3540.0
4215,1400.0
4216,3360.0
4217,2400.0
4218,
4219,5440.0
4220,1800.0
4221,2820.0
4222,1400.0
4223,
4224,4990.0
4225,13700.0
4226,2300.0
4227,7800.0
4228,2400.0
4229,1540.0
4230,1300.0
4231,3360.0
4232,2400.0
4233,3240.0
4234,2610.0
4235,4200.0
4236,1800.0
4237,4160.0
4238,
4239,1540.0
4240,2940.0
4241,2440.0
4242,1900.0
4243,1260.0
4244,1400.0
4245,3100.0
4246,6160.0
4247,930.0
4248,1400.0
4249,2090.0
4250,
4251,2500.0
4252,1870.0
4253,5320.0
4254,1200.0
4255,2400.0
4256,2800.0
4257,
4258,3100.0
4259,4160.0
4260,1950.0
4261,4500.0
4262,4760.0
4263,3160.0
4264,1800.0
4265,3200.0
4266,4050.0
4267,3500.0
4268,4100.0
4269,4280.0
4270,2400.0
4271,1050.0
4272,6930.0
4273,2700.0
4274,3850.0
4275,
4276,2860.0
4277,670.0
4278,2200.0
4279,2190.0
4280,1120.0
4281,4840.0
4282,1120.0
4283,2160.0
4284,2360.0
4285,8120.0
4286,6160.0
4287,4500.0
4288,5400.0
4289,
4290,
4291,
4292,
4293,
4294,
4295,
4296,1790.0
4297,4360.0
4298,2720.0
4299,1530.0
4300,3000.0
4301,2890.0
4302,5600.0
4303,2470.0
4304,1800.0
4305,2400.0
4306,2480.0
4307,3400.0
4308,
4309,2070.0
4310,7000.0
4311,
4312,
4313,2550.0
4314,4130.0
4315,2880.0
4316,1800.0
4317,3000.0
4318,4340.0
4319,5720.0
4320,6200.0
4321,6200.0
4322,3400.0
4323,1710.0
4324,1300.0
4325,2900.0
4326,4000.0
4327,2940.0
4328,6200.0
4329,4200.0
4330,5220.0
4331,1040.0
4332,2640.0
4333,
4334,6040.0
4335,6020.0
4336,1500.0
4337,3270.0
4338,4200.0
4339,2200.0
4340,11550.0
4341,4760.0
4342,2340.0
4343,5300.0
4344,1110.0
4345,1520.0
4346,3840.0
4347,8470.0
4348,3100.0
4349,6600.0
4350,6100.0
4351,
4352,900.0
4353,6100.0
4354,3200.0
4355,1430.0
4356,
4357,2050.0
4358,1980.0
4359,1940.0
4360,2880.0
4361,2070.0
4362,1500.0
4363,2800.0
4364,13000.0
4365,5590.0
4366,2640.0
4367,2990.0
4368,3600.0
4369,900.0
4370,1720.0
4371,2300.0
4372,8190.0
4373,7160.0
4374,6200.0
4375,4200.0
4376,3320.0
4377,3680.0
4378,8700.0
4379,3280.0
4380,2810.0
4381,2470.0
4382,2540.0
4383,
4384,1950.0
4385,
4386,
4387,1330.0
4388,2520.0
4389,4000.0
4390,2800.0
4391,6000.0
4392,11600.0
4393,6370.0
4394,1300.0
4395,4280.0
4396,3000.0
4397,
4398,2070.0
4399,3760.0
4400,3740.0
4401,6930.0
4402,3640.0
4403,1300.0
4404,2700.0
4405,
4406,2620.0
4407,2600.0
4408,6760.0
4409,1800.0
4410,2870.0
4411,2160.0
4412,10600.0
4413,2800.0
4414,2000.0
4415,1380.0
4416,3200.0
4417,500.0
4418,4950.0
4419,2400.0
4420,
4421,1950.0
4422,1960.0
4423,4500.0
4424,2900.0
4425,2220.0
4426,7200.0
4427,6150.0
4428,1800.0
4429,5100.0
4430,9000.0
4431,1560.0
4432,2840.0
4433,
4434,2740.0
4435,3000.0
4436,3000.0
4437,2000.0
4438,2800.0
4439,2200.0
4440,3000.0
4441,1700.0
4442,4600.0
4443,2200.0
4444,1400.0
4445,
4446,5160.0
4447,2070.0
4448,3540.0
4449,3000.0
4450,1710.0
4451,2940.0
4452,2000.0
4453,7100.0
4454,1750.0
4455,
4456,6930.0
4457,3100.0
4458,1100.0
4459,2360.0
4460,10960.0
4461,4200.0
4462,2510.0
4463,1650.0
4464,2600.0
4465,2530.0
4466,1210.0
4467,1680.0
4468,2600.0
4469,4360.0
4470,4340.0
4471,6060.0
4472,1400.0
4473,4200.0
4474,5500.0
4475,1600.0
4476,5850.0
4477,2160.0
4478,2220.0
4479,
4480,4810.0
4481,11760.0
4482,3300.0
4483,3300.0
4484,17500.0
4485,1540.0
4486,4200.0
4487,2610.0
4488,2700.0
4489,6100.0
4490,4160.0
4491,3680.0
4492,14500.0
4493,4200.0
4494,
4495,5580.0
4496,2800.0
4497,1200.0
4498,3160.0
4499,5840.0
4500,3700.0
4501,3360.0
4502,3360.0
4503,2940.0
4504,4080.0
4505,2170.0
4506,3920.0
4507,4500.0
4508,3000.0
4509,6510.0
4510,1220.0
4511,5400.0
4512,4600.0
4513,1560.0
4514,2880.0
4515,5960.0
4516,780.0
4517,1760.0
4518,1750.0
4519,3200.0
4520,4480.0
4521,2740.0
4522,3600.0
4523,8700.0
4524,8760.0
4525,5210.0
4526,4990.0
4527,3500.0
4528,2600.0
4529,2560.0
4530,2700.0
4531,4840.0
4532,
4533,2470.0
4534,
4535,2670.0
4536,1920.0
4537,4680.0
4538,3360.0
4539,3000.0
4540,1600.0
4541,12180.0
4542,
4543,
4544,5400.0
4545,1840.0
4546,3460.0
4547,2440.0
4548,210.0
4549,3600.0
4550,1680.0
4551,5200.0
4552,3900.0
4553,2550.0
4554,900.0
4555,4000.0
4556,1360.0
4557,2500.0
4558,3840.0
4559,8760.0
4560,12000.0
4561,4000.0
4562,9840.0
4563,1100.0
4564,3400.0
4565,
4566,5310.0
4567,3600.0
4568,3000.0
4569,8000.0
4570,4990.0
4571,2500.0
4572,10960.0
4573,
4574,8900.0
4575,2520.0
4576,2940.0
4577,
4578,4600.0
4579,
4580,5180.0
4581,13000.0
4582,2550.0
4583,3840.0
4584,
4585,8000.0
4586,3990.0
4587,2760.0
4588,2000.0
4589,15150.0
4590,2400.0
4591,3500.0
4592,3540.0
4593,2900.0
4594,4990.0
4595,1920.0
4596,4140.0
4597,4760.0
4598,13350.0
4599,
4600,1540.0
4601,2280.0
4602,1760.0
4603,2560.0
4604,2640.0
4605,1190.0
4606,1200.0
4607,9140.0
4608,3600.0
4609,4080.0
4610,
4611,1400.0
4612,7120.0
4613,2900.0
4614,1800.0
4615,4140.0
4616,2360.0
4617,2500.0
4618,3000.0
4619,2750.0
4620,
4621,700.0
4622,4990.0
4623,4990.0
4624,2600.0
4625,2600.0
4626,3540.0
4627,8100.0
4628,3000.0
4629,3000.0
4630,6640.0
4631,3400.0
4632,2900.0
4633,3960.0
4634,5950.0
4635,2600.0
4636,
4637,3180.0
4638,2820.0
4639,3280.0
4640,4680.0
4641,4100.0
4642,6160.0
4643,3510.0
4644,1400.0
4645,
4646,5350.0
4647,1050.0
4648,4500.0
4649,5220.0
4650,1960.0
4651,7360.0
4652,3740.0
4653,1600.0
4654,3960.0
4655,3000.0
4656,3180.0
4657,480.0
4658,2800.0
4659,7000.0
4660,6320.0
4661,
4662,5300.0
4663,2320.0
4664,1400.0
4665,7120.0
4666,4500.0
4667,1990.0
4668,2660.0
4669,2940.0
4670,2000.0
4671,3220.0
4672,1800.0
4673,2450.0
4674,2860.0
4675,2640.0
4676,4620.0
4677,680.0
4678,3120.0
4679,6930.0
4680,7500.0
4681,1440.0
4682,1950.0
4683,2610.0
4684,2760.0
4685,6840.0
4686,1400.0
4687,3570.0
4688,2940.0
4689,7450.0
4690,2000.0
4691,1280.0
4692,1000.0
4693,1200.0
4694,2400.0
4695,2880.0
4696,7360.0
4697,2880.0
4698,2000.0
4699,
4700,4600.0
4701,6700.0
4702,
4703,4390.0
4704,19600.0
4705,3400.0
4706,10070.0
4707,1240.0
4708,3300.0
4709,3500.0
4710,2400.0
4711,2300.0
4712,5160.0
4713,1760.0
4714,2880.0
4715,5600.0
4716,1960.0
4717,2960.0
4718,4400.0
4719,5480.0
4720,4130.0
4721,2880.0
4722,1620.0
4723,2900.0
4724,8010.0
4725,2040.0
4726,
4727,13400.0
4728,1990.0
4729,3380.0
4730,4360.0
4731,1560.0
4732,2700.0
4733,1870.0
4734,3960.0
4735,
4736,3200.0
4737,4990.0
4738,2600.0
4739,1820.0
4740,11550.0
4741,3930.0
4742,4880.0
4743,1200.0
4744,11060.0
4745,3200.0
4746,7000.0
4747,1860.0
4748,2580.0
4749,
4750,3500.0
4751,2100.0
4752,4160.0
4753,1500.0
4754,2450.0
4755,2720.0
4756,2200.0
4757,6320.0
4758,
4759,
4760,4400.0
4761,900.0
4762,4880.0
4763,3250.0
4764,
4765,3100.0
4766,2100.0
4767,2850.0
4768,
4769,2100.0
4770,6000.0
4771,2040.0
4772,4070.0
4773,
4774,200.0
4775,4950.0
4776,5100.0
4777,4500.0
4778,3900.0
4779,1700.0
4780,2990.0
4781,700.0
4782,2000.0
4783,2120.0
4784,410.0
4785,1530.0
4786,5000.0
4787,2040.0
4788,1040.0
4789,3800.0
4790,2400.0
4791,3450.0
4792,1500.0
4793,2830.0
4794,3680.0
4795,2460.0
4796,2460.0
4797,7560.0
4798,
4799,3200.0
4800,1240.0
4801,
4802,2840.0
4803,13800.0
4804,1690.0
4805,3840.0
4806,3050.0
4807,4720.0
4808,600.0
4809,4510.0
4810,1470.0
4811,4190.0
4812,2310.0
4813,4680.0
4814,2000.0
4815,2300.0
4816,2700.0
4817,2320.0
4818,
4819,
4820,2400.0
4821,1470.0
4822,3600.0
4823,1890.0
4824,240.0
4825,1900.0
4826,6120.0
4827,2600.0
4828,4990.0
4829,2400.0
4830,4400.0
4831,1700.0
4832,
4833,4000.0
4834,3150.0
4835,1190.0
4836,8640.0
4837,5810.0
4838,2560.0
4839,2100.0
4840,2960.0
4841,
4842,4440.0
4843,3050.0
4844,2160.0
4845,3220.0
4846,
4847,4100.0
4848,
4849,4600.0
4850,1440.0
4851,6600.0
4852,180.0
4853,3280.0
4854,1350.0
4855,1700.0
4856,3300.0
4857,1710.0
4858,
4859,5350.0
4860,3670.0
4861,720.0
4862,6520.0
4863,2600.0
4864,1400.0
4865,
4866,2200.0
4867,1740.0
4868,2300.0
4869,3600.0
4870,1860.0
4871,3500.0
4872,6760.0
4873,3000.0
4874,280.0
4875,5100.0
4876,800.0
4877,5400.0
4878,1900.0
4879,1900.0
4880,3400.0
4881,1450.0
4882,5460.0
4883,1540.0
4884,1540.0
4885,1900.0
4886,1600.0
4887,2200.0
4888,5200.0
4889,8260.0
4890,1540.0
4891,8240.0
4892,
4893,
4894,2940.0
4895,1200.0
4896,1700.0
4897,2940.0
4898,3150.0
4899,2400.0
4900,5040.0
4901,1560.0
4902,6840.0
4903,5920.0
4904,1400.0
4905,5400.0
4906,3760.0
4907,5550.0
4908,3200.0
4909,4400.0
4910,18000.0
4911,1580.0
4912,6160.0
4913,990.0
4914,8560.0
4915,3840.0
4916,3100.0
4917,4240.0
4918,1320.0
4919,3270.0
4920,7890.0
4921,3400.0
4922,8300.0
4923,7020.0
4924,3800.0
4925,1960.0
4926,2700.0
4927,2200.0
4928,4370.0
4929,2800.0
4930,3680.0
4931,10720.0
4932,4600.0
4933,1100.0
4934,11300.0
4935,3400.0
4936,3350.0
4937,11400.0
4938,1300.0
4939,3960.0
4940,1000.0
4941,2650.0
4942,6640.0
4943,13700.0
4944,
4945,3300.0
4946,3720.0
4947,3240.0
4948,2880.0
4949,6690.0
4950,4500.0
4951,2100.0
4952,2600.0
4953,5880.0
4954,2250.0
4955,1800.0
4956,5310.0
4957,5040.0
4958,5320.0
4959,1300.0
4960,
4961,920.0
4962,4050.0
4963,
4964,1950.0
4965,3840.0
4966,4920.0
4967,2040.0
4968,
4969,4800.0
4970,8460.0
4971,2760.0
4972,1800.0
4973,4240.0
4974,
4975,2160.0
4976,4040.0
4977,2090.0
4978,2210.0
4979,2300.0
4980,1800.0
4981,3920.0
4982,3440.0
4983,
4984,4150.0
4985,2340.0
4986,4860.0
4987,15000.0
4988,4830.0
4989,4600.0
4990,
4991,
4992,4600.0
4993,4100.0
4994,2220.0
4995,1540.0
4996,10230.0
4997,5840.0
4998,1920.0
4999,3570.0
5000,2000.0
5001,900.0
5002,770.0
5003,2880.0
5004,1820.0
5005,2500.0
5006,4320.0
5007,2400.0
5008,5160.0
5009,
5010,3720.0
5011,1200.0
5012,3560.0
5013,6880.0
5014,2160.0
5015,2300.0
5016,3550.0
5017,800.0
5018,1960.0
5019,6560.0
5020,2880.0
5021,
5022,5130.0
5023,7600.0
5024,2720.0
5025,4520.0
5026,5400.0
5027,1400.0
5028,4500.0
5029,2310.0
5030,4440.0
5031,630.0
5032,2600.0
5033,4160.0
5034,5320.0
5035,7500.0
5036,2320.0
5037,5360.0
5038,3550.0
5039,1520.0
5040,
5041,3660.0
5042,3960.0
5043,4800.0
5044,
5045,
5046,1080.0
5047,5740.0
5048,
5049,3600.0
5050,6370.0
5051,2340.0
5052,5100.0
5053,
5054,5320.0
5055,3600.0
5056,14160.0
5057,2800.0
5058,2500.0
5059,
5060,1000.0
5061,5200.0
5062,4890.0
5063,210.0
5064,2200.0
5065,4790.0
5066,5160.0
5067,2160.0
5068,
5069,2370.0
5070,2160.0
5071,5770.0
5072,8100.0
5073,
5074,3360.0
5075,2700.0
5076,2100.0
5077,2980.0
5078,3120.0
5079,2400.0
5080,1560.0
5081,2640.0
5082,1200.0
5083,2000.0
5084,560.0
5085,3300.0
5086,3250.0
5087,6160.0
5088,4080.0
5089,2700.0
5090,3680.0
5091,4110.0
5092,2560.0
5093,2700.0
5094,2640.0
5095,2700.0
5096,2750.0
5097,2520.0
5098,
5099,4950.0
5100,3360.0
5101,1920.0
5102,1320.0
5103,4800.0
5104,5500.0
5105,14280.0
5106,2240.0
5107,3760.0
5108,3060.0
5109,3510.0
5110,6370.0
5111,3200.0
5112,4600.0
5113,8240.0
5114,1760.0
5115,3000.0
5116,1230.0
5117,7240.0
5118,1650.0
5119,6000.0
5120,4600.0
5121,4950.0
5122,4000.0
5123,2400.0
5124,4500.0
5125,2240.0
5126,4600.0
5127,1950.0
5128,2430.0
5129,
5130,3480.0
5131,880.0
5132,3080.0
5133,7470.0
5134,4500.0
5135,570.0
5136,1500.0
5137,4120.0
5138,1880.0
5139,3100.0
5140,2430.0
5141,1400.0
5142,2000.0
5143,2400.0
5144,4840.0
5145,2040.0
5146,2220.0
5147,3900.0
5148,3770.0
5149,2800.0
5150,3000.0
5151,2310.0
5152,2500.0
5153,3580.0
5154,680.0
5155,4020.0
5156,2600.0
5157,800.0
5158,1390.0
5159,4320.0
5160,
5161,4520.0
5162,3600.0
5163,2900.0
5164,4280.0
5165,3900.0
5166,4680.0
5167,7200.0
5168,3640.0
5169,4960.0
5170,1230.0
5171,7600.0
5172,2800.0
5173,
5174,3000.0
5175,6450.0
5176,3600.0
5177,4450.0
5178,2900.0
5179,1320.0
5180,3500.0
5181,600.0
5182,3760.0
5183,6930.0
5184,5040.0
5185,2140.0
5186,11100.0
5187,
5188,3860.0
5189,2660.0
5190,4960.0
5191,2100.0
5192,4740.0
5193,2400.0
5194,20900.0
5195,2160.0
5196,4230.0
5197,2000.0
5198,5280.0
5199,
5200,4440.0
5201,2400.0
5202,2300.0
5203,9870.0
5204,1680.0
5205,4720.0
5206,1400.0
5207,1050.0
5208,1920.0
5209,340.0
5210,5250.0
5211,960.0
5212,3000.0
5213,
5214,2420.0
5215,10950.0
5216,2760.0
5217,4600.0
5218,4500.0
5219,1400.0
5220,1080.0
5221,1380.0
5222,3640.0
5223,1800.0
5224,770.0
5225,
5226,3700.0
5227,4100.0
5228,3600.0
5229,900.0
5230,4100.0
5231,2700.0
5232,3000.0
5233,5280.0
5234,2600.0
5235,7000.0
5236,5400.0
5237,5200.0
5238,1470.0
5239,1600.0
5240,2600.0
5241,7200.0
5242,15360.0
5243,2080.0
5244,5200.0
5245,1600.0
5246,6810.0
5247,5200.0
5248,3840.0
5249,1620.0
5250,2040.0
5251,1980.0
5252,
5253,7980.0
5254,2100.0
5255,3480.0
5256,2640.0
5257,2800.0
5258,3030.0
5259,3000.0
5260,1980.0
5261,4080.0
5262,3240.0
5263,3360.0
5264,6520.0
5265,
5266,1800.0
5267,3780.0
5268,1700.0
5269,1500.0
5270,1530.0
5271,4320.0
5272,4680.0
5273,1800.0
5274,3430.0
5275,2800.0
5276,1750.0
5277,
5278,17980.0
5279,3380.0
5280,6930.0
5281,1500.0
5282,3920.0
5283,2000.0
5284,4640.0
5285,10950.0
5286,5900.0
5287,
5288,3150.0
5289,3150.0
5290,3500.0
5291,3000.0
5292,2600.0
5293,3600.0
5294,1650.0
5295,6540.0
5296,1590.0
5297,1500.0
5298,1680.0
5299,2000.0
5300,10990.0
5301,2400.0
5302,2520.0
5303,2700.0
5304,2430.0
5305,2400.0
5306,3570.0
5307,2280.0
5308,
5309,3320.0
5310,
5311,
5312,2400.0
5313,1920.0
5314,6140.0
5315,2840.0
5316,1320.0
5317,4200.0
5318,7920.0
5319,3500.0
5320,
5321,2000.0
5322,2400.0
5323,10480.0
5324,4860.0
5325,13680.0
5326,1160.0
5327,1400.0
5328,2600.0
5329,1800.0
5330,3450.0
5331,4320.0
5332,2960.0
5333,4200.0
5334,1300.0
5335,1120.0
5336,2800.0
5337,3540.0
5338,9240.0
5339,4200.0
5340,
5341,3540.0
5342,
5343,3250.0
5344,
5345,5880.0
5346,3180.0
5347,1840.0
5348,9000.0
5349,10630.0
5350,6500.0
5351,2700.0
5352,1800.0
5353,1700.0
5354,3600.0
5355,6880.0
5356,6000.0
5357,2600.0
5358,1680.0
5359,4550.0
5360,2240.0
5361,6320.0
5362,8160.0
5363,2800.0
5364,1540.0
5365,6930.0
5366,2360.0
5367,
5368,1520.0
5369,2070.0
5370,400.0
5371,1440.0
5372,3000.0
5373,770.0
5374,5400.0
5375,1700.0
5376,5400.0
5377,5340.0
5378,13040.0
5379,5700.0
5380,7210.0
5381,6480.0
5382,100.0
5383,10000.0
5384,3300.0
5385,4350.0
5386,1700.0
5387,2280.0
5388,800.0
5389,3440.0
5390,1520.0
5391,5530.0
5392,2320.0
5393,4000.0
5394,4020.0
5395,1520.0
5396,2700.0
5397,1200.0
5398,3800.0
5399,2680.0
5400,1600.0
5401,2170.0
5402,7800.0
5403,2100.0
5404,2100.0
5405,1560.0
5406,2100.0
5407,2360.0
5408,16320.0
5409,2400.0
5410,
5411,
5412,5280.0
5413,2900.0
5414,
5415,6360.0
5416,2100.0
5417,2610.0
5418,6280.0
5419,2800.0
5420,2000.0
5421,3540.0
5422,3150.0
5423,2160.0
5424,5840.0
5425,3510.0
5426,2100.0
5427,2900.0
5428,
5429,4100.0
5430,
5431,3330.0
5432,570.0
5433,4070.0
5434,3900.0
5435,
5436,
5437,4280.0
5438,
5439,3120.0
5440,6360.0
5441,5640.0
5442,5360.0
5443,560.0
5444,1140.0
5445,1440.0
5446,7400.0
5447,1900.0
5448,4320.0
5449,
5450,4550.0
5451,3300.0
5452,3330.0
5453,6960.0
5454,2650.0
5455,4440.0
5456,5880.0
5457,7000.0
5458,5000.0
5459,2140.0
5460,5400.0
5461,5840.0
5462,4720.0
5463,4000.0
5464,4300.0
5465,9240.0
5466,2520.0
5467,
5468,2670.0
5469,600.0
5470,720.0
5471,
5472,2000.0
5473,240.0
5474,1500.0
5475,1800.0
5476,3300.0
5477,2240.0
5478,1900.0
5479,3600.0
5480,4500.0
5481,4140.0
5482,4290.0
5483,1980.0
5484,3300.0
5485,3500.0
5486,4600.0
5487,1200.0
5488,5500.0
5489,1960.0
5490,2680.0
5491,1320.0
5492,3680.0
5493,1350.0
5494,2380.0
5495,2000.0
5496,
5497,1500.0
5498,
5499,1690.0
5500,440.0
5501,2100.0
5502,1440.0
5503,3420.0
5504,2280.0
5505,1280.0
5506,1200.0
5507,5100.0
5508,8560.0
5509,3840.0
5510,3770.0
5511,6600.0
5512,2500.0
5513,1830.0
5514,3280.0
5515,1760.0
5516,1000.0
5517,4200.0
5518,2210.0
5519,400.0
5520,2040.0
5521,7260.0
5522,2950.0
5523,3600.0
5524,5120.0
5525,2470.0
5526,1760.0
5527,10560.0
5528,4320.0
5529,4800.0
5530,3120.0
5531,6590.0
5532,1920.0
5533,16100.0
5534,4360.0
5535,3750.0
5536,
5537,2360.0
5538,1920.0
5539,2040.0
5540,1820.0
5541,9920.0
5542,1800.0
5543,4900.0
5544,
5545,3960.0
5546,2440.0
5547,1700.0
5548,
5549,4800.0
5550,2080.0
5551,1360.0
5552,3600.0
5553,3300.0
5554,3230.0
5555,1700.0
5556,1500.0
5557,1080.0
5558,5520.0
5559,3600.0
5560,1680.0
5561,10400.0
5562,3540.0
5563,3900.0
5564,2640.0
5565,4080.0
5566,2800.0
5567,2280.0
5568,1950.0
5569,5390.0
5570,4600.0
5571,2340.0
5572,2850.0
5573,3200.0
5574,12960.0
5575,
5576,1440.0
5577,120.0
5578,2100.0
5579,8040.0
5580,1080.0
5581,3120.0
5582,4600.0
5583,2520.0
5584,8120.0
5585,2840.0
5586,6520.0
5587,
5588,1380.0
5589,3540.0
5590,3630.0
5591,2740.0
5592,1300.0
5593,7200.0
5594,1140.0
5595,2160.0
5596,2600.0
5597,4040.0
5598,5840.0
5599,3440.0
5600,3960.0
5601,3420.0
5602,5200.0
5603,1000.0
5604,60.0
5605,2720.0
5606,4140.0
5607,600.0
5608,3010.0
5609,280.0
5610,1560.0
5611,2700.0
5612,1560.0
5613,2250.0
5614,720.0
5615,7920.0
5616,4400.0
5617,870.0
5618,4680.0
5619,3000.0
5620,2720.0
5621,4320.0
5622,6500.0
5623,3000.0
5624,2000.0
5625,15300.0
5626,1320.0
5627,6080.0
5628,3200.0
5629,3420.0
5630,
5631,2400.0
5632,1400.0
5633,2220.0
5634,7980.0
5635,3720.0
5636,4730.0
5637,2730.0
5638,1320.0
5639,2300.0
5640,2710.0
5641,1330.0
5642,4100.0
5643,
5644,
5645,570.0
5646,600.0
5647,3500.0
5648,1080.0
5649,720.0
5650,4400.0
5651,3630.0
5652,1200.0
5653,1440.0
5654,
5655,6390.0
5656,
5657,4900.0
5658,1480.0
5659,140.0
5660,2660.0
5661,2300.0
5662,3570.0
5663,4680.0
5664,2040.0
5665,3680.0
5666,1280.0
5667,5760.0
5668,1750.0
5669,3570.0
5670,240.0
5671,3760.0
5672,5650.0
5673,2500.0
5674,8160.0
5675,7560.0
5676,4720.0
5677,2760.0
5678,1710.0
5679,1500.0
5680,
5681,3840.0
5682,3300.0
5683,1820.0
5684,3560.0
5685,3320.0
5686,2000.0
5687,5440.0
5688,3600.0
5689,1000.0
5690,1050.0
5691,600.0
5692,1800.0
5693,9000.0
5694,4300.0
5695,
5696,
5697,5280.0
5698,6040.0
5699,
5700,2160.0
5701,
5702,1680.0
5703,3400.0
5704,
5705,4440.0
5706,3000.0
5707,3560.0
5708,16030.0
5709,
5710,1560.0
5711,2280.0
5712,9480.0
5713,4830.0
5714,3810.0
5715,21400.0
5716,1900.0
5717,5880.0
5718,700.0
5719,4150.0
5720,1500.0
5721,4080.0
5722,5600.0
5723,
5724,
5725,800.0
5726,1050.0
5727,400.0
5728,6500.0
5729,4400.0
5730,2000.0
5731,
5732,4160.0
5733,4400.0
5734,4690.0
5735,3240.0
5736,
5737,
5738,2400.0
5739,5200.0
5740,2100.0
5741,3000.0
5742,1820.0
5743,4200.0
