,duration_duration
0,2
1,3
2,4
3,3
4,1
5,6
6,8
7,9
8,3
9,1
10,4
11,6
12,1
13,4
14,1
15,1
16,8
17,9
18,4
19,2
20,3
21,3
22,1
23,1
24,2
25,2
26,4
27,2
28,2
29,2
30,12
31,6
32,1
33,4
34,1
35,3
36,1
37,3
38,4
39,4
40,3
41,5
42,4
43,3
44,7
45,4
46,10
47,4
48,3
49,2
50,2
51,2
52,1
53,7
54,8
55,3
56,1
57,3
58,5
59,4
60,3
61,1
62,10
63,2
64,1
65,3
66,1
67,2
68,1
69,3
70,3
71,2
72,1
73,2
74,1
75,1
76,4
77,6
78,4
79,2
80,2
81,20
82,9
83,1
84,2
85,1
86,1
87,5
88,6
89,4
90,4
91,2
92,4
93,12
94,1
95,1
96,11
97,3
98,2
99,1
100,17
101,4
102,3
103,5
104,9
105,2
106,1
107,2
108,4
109,1
110,5
111,5
112,2
113,6
114,6
115,3
116,5
117,2
118,2
119,8
120,8
121,0
122,4
123,1
124,4
125,5
126,0
127,6
128,3
129,4
130,2
131,4
132,6
133,4
134,1
135,2
136,1
137,3
138,6
139,3
140,1
141,3
142,1
143,6
144,8
145,1
146,2
147,4
148,5
149,4
150,4
151,9
152,12
153,4
154,10
155,2
156,1
157,3
158,2
159,13
160,2
161,2
162,7
163,1
164,2
165,1
166,1
167,3
168,1
169,2
170,7
171,3
172,3
173,6
174,4
175,7
176,3
177,6
178,1
179,4
180,2
181,2
182,2
183,2
184,2
185,6
186,5
187,5
188,4
189,2
190,5
191,2
192,4
193,8
194,1
195,4
196,1
197,2
198,0
199,2
200,3
201,6
202,2
203,2
204,4
205,3
206,3
207,2
208,1
209,3
210,11
211,4
212,3
213,7
214,2
215,1
216,2
217,2
218,2
219,5
220,1
221,6
222,3
223,0
224,1
225,2
226,4
227,3
228,12
229,0
230,2
231,9
232,2
233,12
234,4
235,0
236,5
237,4
238,3
239,6
240,4
241,3
242,8
243,3
244,2
245,3
246,2
247,2
248,4
249,4
250,7
251,-368934881474191040
252,5
253,4
254,2
255,2
256,6
257,7
258,3
259,5
260,2
261,1
262,2
263,22
264,12
265,3
266,7
267,2
268,2
269,4
270,3
271,3
272,7
273,4
274,1
275,2
276,2
277,2
278,4
279,3
280,2
281,3
282,4
283,2
284,2
285,6
286,1
287,4
288,3
289,7
290,2
291,4
292,4
293,6
294,7
295,2
296,15
297,3
298,6
299,2
300,2
301,1
302,2
303,2
304,2
305,3
306,2
307,3
308,0
309,3
310,5
311,3
312,6
313,6
314,7
315,5
316,1
317,4
318,1
319,3
320,3
321,10
322,12
323,5
324,3
325,4
326,3
327,1
328,4
329,5
330,2
331,6
332,1
333,3
334,1
335,9
336,2
337,1
338,4
339,2
340,3
341,11
342,3
343,3
344,6
345,1
346,2
347,2
348,1
349,1
350,4
351,6
352,1
353,4
354,1
355,2
356,3
357,9
358,2
359,6
360,5
361,6
362,1
363,5
364,3
365,3
366,6
367,1
368,3
369,2
370,7
371,2
372,1
373,5
374,2
375,7
376,7
377,3
378,3
379,3
380,1
381,10
382,3
383,6
384,2
385,4
386,1
387,2
388,2
389,2
390,3
391,3
392,3
393,2
394,12
395,3
396,3
397,3
398,2
399,0
400,2
401,1
402,3
403,4
404,1
405,4
406,5
407,1
408,6
409,2
410,2
411,1
412,2
413,7
414,15
415,6
416,2
417,5
418,2
419,2
420,5
421,3
422,4
423,3
424,2
425,3
426,5
427,5
428,2
429,1
430,4
431,1
432,5
433,3
434,4
435,4
436,7
437,2
438,5
439,2
440,3
441,3
442,8
443,1
444,1
445,1
446,1
447,6
448,2
449,6
450,2
451,5
452,2
453,2
454,1
455,0
456,1
457,3
458,27
459,3
460,2
461,6
462,2
463,4
464,1
465,6
466,4
467,3
468,6
469,6
470,6
471,2
472,3
473,3
474,4
475,2
476,4
477,1
478,2
479,2
480,5
481,4
482,3
483,2
484,2
485,2
486,2
487,4
488,6
489,8
490,3
491,1
492,4
493,3
494,6
495,2
496,3
497,11
498,5
499,4
500,2
501,3
502,3
503,4
504,4
505,1
506,2
507,1
508,5
509,50
510,8
511,5
512,2
513,1
514,3
515,5
516,2
517,1
518,4
519,2
520,5
521,5
522,2
523,3
524,0
525,6
526,3
527,3
528,4
529,4
530,5
531,4
532,13
533,3
534,2
535,6
536,3
537,5
538,2
539,2
540,4
541,3
542,2
543,3
544,1
545,2
546,2
547,7
548,3
549,2
550,4
551,2
552,2
553,4
554,1
555,6
556,4
557,2
558,2
559,3
560,1
561,2
562,5
563,2
564,1
565,2
566,10
567,4
568,28
569,5
570,5
571,3
572,4
573,1
574,7
575,5
576,9
577,1
578,0
579,1
580,0
581,5
582,2
583,3
584,4
585,3
586,5
587,5
588,3
589,2
590,8
591,3
592,4
593,3
594,4
595,2
596,4
597,1
598,6
599,4
600,5
601,3
602,2
603,4
604,3
605,3
606,3
607,3
608,1
609,2
610,4
611,2
612,1
613,4
614,3
615,2
616,3
617,3
618,1
619,1
620,3
621,2
622,2
623,7
624,5
625,4
626,6
627,1
628,4
629,6
630,3
631,2
632,1
633,10
634,6
635,2
636,2
637,2
638,5
639,2
640,3
641,45
642,0
643,2
644,6
645,1
646,6
647,4
648,1
649,1
650,9
651,1
652,2
653,11
654,2
655,2
656,5
657,3
658,3
659,3
660,3
661,3
662,7
663,1
664,2
665,4
666,1
667,0
668,1
669,2
670,3
671,5
672,3
673,3
674,4
675,3
676,3
677,1
678,10
679,2
680,2
681,6
682,2
683,2
684,4
685,11
686,4
687,1
688,6
689,2
690,12
691,2
692,3
693,3
694,0
695,3
696,3
697,1
698,4
699,1
700,3
701,3
702,3
703,6
704,2
705,5
706,2
707,3
708,5
709,7
710,2
711,2
712,2
713,3
714,4
715,10
716,2
717,2
718,1
719,0
720,1
721,2
722,4
723,3
724,2
725,7
726,4
727,2
728,3
729,6
730,1
731,1
732,3
733,4
734,1
735,5
736,1
737,5
738,3
739,1
740,3
741,2
742,3
743,5
744,4
745,5
746,3
747,3
748,1
749,10
750,6
751,2
752,2
753,4
754,5
755,5
756,2
757,6
758,2
759,2
760,2
761,2
762,2
763,3
764,1
765,3
766,1
767,-368934881474191040
768,1
769,1
770,3
771,1
772,5
773,2
774,6
775,2
776,5
777,1
778,2
779,3
780,3
781,3
782,3
783,2
784,0
785,2
786,4
787,2
788,1
789,2
790,1
791,3
792,6
793,7
794,1
795,3
796,5
797,4
798,2
799,2
800,3
801,2
802,2
803,1
804,7
805,3
806,1
807,3
808,2
809,2
810,3
811,2
812,4
813,2
814,4
815,2
816,3
817,2
818,4
819,2
820,3
821,7
822,2
823,0
824,2
825,2
826,3
827,2
828,6
829,6
830,2
831,6
832,3
833,1
834,10
835,5
836,3
837,0
838,1
839,1
840,3
841,0
842,2
843,3
844,1
845,2
846,2
847,2
848,2
849,8
850,2
851,2
852,2
853,3
854,8
855,1
856,3
857,6
858,3
859,3
860,2
861,3
862,3
863,3
864,5
865,3
866,3
867,2
868,2
869,2
870,4
871,2
872,2
873,2
874,2
875,3
876,1
877,3
878,5
879,2
880,2
881,1
882,5
883,1
884,9
885,3
886,3
887,1
888,2
889,3
890,3
891,1
892,2
893,3
894,7
895,2
896,0
897,3
898,0
899,2
900,2
901,4
902,3
903,1
904,2
905,4
906,3
907,3
908,14
909,3
910,9
911,2
912,2
913,2
914,2
915,4
916,2
917,1
918,1
919,9
920,2
921,1
922,2
923,21
924,2
925,4
926,5
927,7
928,2
929,11
930,2
931,2
932,4
933,3
934,0
935,14
936,3
937,1
938,1
939,3
940,2
941,1
942,6
943,4
944,2
945,2
946,3
947,3
948,5
949,3
950,3
951,1
952,2
953,6
954,2
955,1
956,2
957,3
958,2
959,1
960,5
961,2
962,2
963,1
964,1
965,2
966,1
967,3
968,3
969,3
970,6
971,1
972,2
973,6
974,1
975,3
976,6
977,3
978,2
979,2
980,5
981,2
982,2
983,1
984,5
985,5
986,1
987,5
988,2
989,2
990,5
991,5
992,4
993,7
994,0
995,4
996,3
997,2
998,2
999,5
1000,2
1001,10
1002,2
1003,6
1004,0
1005,6
1006,2
1007,2
1008,2
1009,5
1010,1
1011,1
1012,3
1013,3
1014,7
1015,1
1016,2
1017,5
1018,5
1019,2
1020,4
1021,4
1022,8
1023,3
1024,3
1025,7
1026,1
1027,2
1028,7
1029,3
1030,2
1031,2
1032,4
1033,2
1034,2
1035,2
1036,1
1037,3
1038,4
1039,3
1040,2
1041,2
1042,8
1043,4
1044,5
1045,2
1046,1
1047,8
1048,3
1049,4
1050,2
1051,2
1052,2
1053,8
1054,2
1055,2
1056,1
1057,3
1058,3
1059,6
1060,7
1061,3
1062,5
1063,2
1064,1
1065,3
1066,1
1067,7
1068,1
1069,8
1070,1
1071,3
1072,5
1073,4
1074,2
1075,2
1076,4
1077,0
1078,3
1079,1
1080,3
1081,3
1082,5
1083,2
1084,2
1085,3
1086,2
1087,2
1088,7
1089,2
1090,0
1091,4
1092,2
1093,1
1094,3
1095,1
1096,1
1097,7
1098,1
1099,2
1100,4
1101,3
1102,2
1103,1
1104,3
1105,3
1106,4
1107,4
1108,2
1109,1
1110,1
1111,3
1112,4
1113,5
1114,10
1115,2
1116,1
1117,3
1118,5
1119,1
1120,6
1121,5
1122,0
1123,5
1124,6
1125,4
1126,1
1127,5
1128,5
1129,2
1130,1
1131,8
1132,3
1133,2
1134,3
1135,3
1136,6
1137,1
1138,1
1139,2
1140,1
1141,4
1142,3
1143,2
1144,3
1145,5
1146,1
1147,4
1148,5
1149,1
1150,3
1151,4
1152,2
1153,3
1154,11
1155,3
1156,1
1157,3
1158,1
1159,3
1160,0
1161,4
1162,3
1163,6
1164,3
1165,2
1166,2
1167,0
1168,1
1169,2
1170,2
1171,3
1172,10
1173,5
1174,3
1175,4
1176,2
1177,0
1178,2
1179,2
1180,3
1181,2
1182,1
1183,4
1184,3
1185,3
1186,1
1187,6
1188,2
1189,3
1190,2
1191,2
1192,4
1193,2
1194,2
1195,4
1196,9
1197,5
1198,2
1199,2
1200,3
1201,4
1202,9
1203,1
1204,6
1205,3
1206,2
1207,2
1208,8
1209,2
1210,1
1211,4
1212,4
1213,1
1214,6
1215,2
1216,3
1217,3
1218,3
1219,6
1220,3
1221,2
1222,2
1223,2
1224,10
1225,3
1226,6
1227,6
1228,5
1229,2
1230,2
1231,1
1232,6
1233,8
1234,1
1235,1
1236,3
1237,1
1238,1
1239,4
1240,6
1241,1
1242,2
1243,2
1244,2
1245,6
1246,2
1247,1
1248,6
1249,3
1250,3
1251,1
1252,2
1253,1
1254,4
1255,2
1256,1
1257,2
1258,3
1259,2
1260,5
1261,4
1262,8
1263,3
1264,3
1265,12
1266,1
1267,4
1268,13
1269,1
1270,4
1271,5
1272,4
1273,5
1274,4
1275,1
1276,2
1277,2
1278,3
1279,2
1280,2
1281,3
1282,1
1283,2
1284,4
1285,3
1286,2
1287,1
1288,2
1289,4
1290,1
1291,2
1292,2
1293,2
1294,3
1295,2
1296,2
1297,1
1298,6
1299,3
1300,3
1301,3
1302,40
1303,3
1304,8
1305,3
1306,2
1307,4
1308,4
1309,6
1310,2
1311,5
1312,7
1313,1
1314,2
1315,1
1316,2
1317,1
1318,4
1319,4
1320,3
1321,2
1322,6
1323,2
1324,6
1325,2
1326,4
1327,4
1328,4
1329,2
1330,2
1331,2
1332,3
1333,7
1334,2
1335,4
1336,3
1337,4
1338,6
1339,0
1340,2
1341,6
1342,4
1343,4
1344,1
1345,7
1346,3
1347,2
1348,1
1349,1
1350,2
1351,1
1352,4
1353,2
1354,2
1355,2
1356,2
1357,2
1358,3
1359,1
1360,4
1361,4
1362,2
1363,12
1364,4
1365,2
1366,7
1367,2
1368,4
1369,2
1370,3
1371,6
1372,3
1373,3
1374,4
1375,1
1376,0
1377,2
1378,3
1379,2
1380,3
1381,4
1382,3
1383,4
1384,15
1385,0
1386,3
1387,3
1388,5
1389,1
1390,6
1391,2
1392,4
1393,3
1394,2
1395,5
1396,2
1397,4
1398,3
1399,3
1400,2
1401,13
1402,2
1403,2
1404,2
1405,3
1406,2
1407,3
1408,2
1409,4
1410,2
1411,2
1412,0
1413,2
1414,6
1415,2
1416,2
1417,2
1418,3
1419,3
1420,4
1421,9
1422,3
1423,2
1424,2
1425,4
1426,4
1427,8
1428,2
1429,0
1430,4
1431,12
1432,2
1433,1
1434,2
1435,5
1436,2
1437,2
1438,4
1439,2
1440,2
1441,3
1442,2
1443,1
1444,6
1445,3
1446,12
1447,2
1448,0
1449,6
1450,1
1451,3
1452,2
1453,1
1454,2
1455,1
1456,11
1457,1
1458,3
1459,3
1460,5
1461,2
1462,1
1463,2
1464,2
1465,4
1466,1
1467,2
1468,4
1469,5
1470,7
1471,3
1472,2
1473,3
1474,6
1475,7
1476,6
1477,2
1478,7
1479,2
1480,3
1481,5
1482,3
1483,2
1484,1
1485,7
1486,6
1487,11
1488,8
1489,3
1490,3
1491,6
1492,4
1493,2
1494,9
1495,1
1496,13
1497,2
1498,6
1499,10
1500,2
1501,4
1502,3
1503,9
1504,2
1505,3
1506,6
1507,4
1508,2
1509,1
1510,19
1511,1
1512,3
1513,3
1514,2
1515,2
1516,14
1517,3
1518,1
1519,2
1520,1
1521,1
1522,0
1523,5
1524,3
1525,3
1526,1
1527,2
1528,2
1529,2
1530,2
1531,2
1532,5
1533,2
1534,5
1535,7
1536,2
1537,7
1538,3
1539,3
1540,1
1541,4
1542,5
1543,4
1544,5
1545,0
1546,3
1547,4
1548,2
1549,6
1550,2
1551,2
1552,2
1553,2
1554,1
1555,6
1556,3
1557,4
1558,6
1559,2
1560,3
1561,1
1562,2
1563,2
1564,1
1565,3
1566,8
1567,2
1568,5
1569,2
1570,2
1571,2
1572,4
1573,5
1574,6
1575,2
1576,2
1577,4
1578,2
1579,2
1580,3
1581,2
1582,1
1583,3
1584,5
1585,0
1586,3
1587,2
1588,1
1589,2
1590,6
1591,-368934881474191040
1592,4
1593,14
1594,1
1595,5
1596,5
1597,1
1598,0
1599,5
1600,2
1601,0
1602,3
1603,4
1604,3
1605,3
1606,2
1607,2
1608,2
1609,3
1610,2
1611,1
1612,1
1613,4
1614,2
1615,3
1616,2
1617,5
1618,1
1619,3
1620,2
1621,4
1622,4
1623,1
1624,6
1625,1
1626,4
1627,2
1628,3
1629,2
1630,2
1631,2
1632,8
1633,4
1634,5
1635,-368934881474191040
1636,3
1637,1
1638,3
1639,3
1640,1
1641,5
1642,2
1643,2
1644,2
1645,1
1646,2
1647,2
1648,0
1649,2
1650,1
1651,2
1652,5
1653,1
1654,4
1655,3
1656,2
1657,3
1658,2
1659,4
1660,2
1661,4
1662,4
1663,1
1664,2
1665,2
1666,6
1667,3
1668,2
1669,3
1670,1
1671,1
1672,0
1673,1
1674,2
1675,2
1676,3
1677,5
1678,2
1679,1
1680,5
1681,2
1682,3
1683,0
1684,1
1685,4
1686,1
1687,1
1688,3
1689,1
1690,5
1691,3
1692,5
1693,2
1694,2
1695,3
1696,1
1697,3
1698,2
1699,1
1700,1
1701,2
1702,1
1703,3
1704,6
1705,6
1706,4
1707,6
1708,2
1709,4
1710,3
1711,2
1712,6
1713,1
1714,2
1715,2
1716,2
1717,0
1718,2
1719,3
1720,1
1721,1
1722,2
1723,6
1724,4
1725,5
1726,3
1727,2
1728,6
1729,4
1730,3
1731,2
1732,0
1733,4
1734,1
1735,2
1736,0
1737,3
1738,5
1739,11
1740,5
1741,1
1742,1
1743,8
1744,2
1745,2
1746,8
1747,8
1748,10
1749,1
1750,7
1751,3
1752,4
1753,2
1754,2
1755,5
1756,2
1757,1
1758,1
1759,8
1760,2
1761,4
1762,4
1763,2
1764,2
1765,5
1766,2
1767,1
1768,1
1769,6
1770,4
1771,1
1772,6
1773,4
1774,2
1775,5
1776,5
1777,4
1778,2
1779,7
1780,1
1781,2
1782,1
1783,4
1784,3
1785,4
1786,3
1787,3
1788,7
1789,6
1790,1
1791,6
1792,1
1793,2
1794,-368934881474191040
1795,2
1796,3
1797,2
1798,2
1799,2
1800,5
1801,5
1802,2
1803,3
1804,4
1805,4
1806,3
1807,9
1808,1
1809,2
1810,3
1811,1
1812,0
1813,1
1814,2
1815,4
1816,2
1817,3
1818,8
1819,4
1820,2
1821,3
1822,2
1823,4
1824,5
1825,3
1826,3
1827,3
1828,1
1829,2
1830,3
1831,1
1832,2
1833,5
1834,1
1835,2
1836,5
1837,1
1838,2
1839,0
1840,4
1841,1
1842,1
1843,4
1844,0
1845,11
1846,2
1847,2
1848,2
1849,2
1850,20
1851,2
1852,6
1853,11
1854,3
1855,0
1856,2
1857,3
1858,1
1859,5
1860,2
1861,2
1862,0
1863,2
1864,7
1865,2
1866,3
1867,6
1868,2
1869,0
1870,2
1871,2
1872,0
1873,4
1874,1
1875,2
1876,5
1877,1
1878,2
1879,3
1880,4
1881,3
1882,3
1883,2
1884,2
1885,5
1886,3
1887,3
1888,1
1889,5
1890,3
1891,5
1892,2
1893,2
1894,3
1895,3
1896,1
1897,5
1898,4
1899,2
1900,2
1901,1
1902,6
1903,2
1904,4
1905,7
1906,3
1907,1
1908,0
1909,3
1910,3
1911,3
1912,1
1913,7
1914,10
1915,1
1916,2
1917,2
1918,5
1919,3
1920,2
1921,4
1922,18
1923,2
1924,2
1925,8
1926,5
1927,14
1928,1
1929,4
1930,18
1931,1
1932,2
1933,9
1934,4
1935,15
1936,3
1937,3
1938,2
1939,3
1940,20
1941,3
1942,4
1943,4
1944,2
1945,4
1946,4
1947,2
1948,8
1949,7
1950,2
1951,2
1952,4
1953,3
1954,5
1955,3
1956,4
1957,2
1958,3
1959,3
1960,2
1961,3
1962,1
1963,2
1964,10
1965,2
1966,1
1967,5
1968,3
1969,5
1970,5
1971,1
1972,2
1973,1
1974,3
1975,3
1976,3
1977,4
1978,4
1979,2
1980,2
1981,8
1982,2
1983,2
1984,2
1985,2
1986,6
1987,5
1988,2
1989,1
1990,1
1991,5
1992,3
1993,2
1994,2
1995,2
1996,3
1997,5
1998,0
1999,6
2000,1
2001,4
2002,0
2003,2
2004,2
2005,1
2006,0
2007,3
2008,0
2009,2
2010,2
2011,2
2012,2
2013,2
2014,2
2015,4
2016,0
2017,1
2018,2
2019,0
2020,1
2021,6
2022,3
2023,0
2024,3
2025,1
2026,5
2027,4
2028,9
2029,2
2030,2
2031,1
2032,3
2033,5
2034,4
2035,2
2036,6
2037,4
2038,5
2039,2
2040,2
2041,2
2042,1
2043,3
2044,3
2045,4
2046,7
2047,4
2048,4
2049,2
2050,1
2051,-368934881474191040
2052,4
2053,0
2054,2
2055,1
2056,1
2057,5
2058,14
2059,2
2060,2
2061,3
2062,7
2063,4
2064,8
2065,2
2066,8
2067,1
2068,4
2069,2
2070,4
2071,2
2072,7
2073,2
2074,2
2075,3
2076,1
2077,2
2078,2
2079,3
2080,7
2081,2
2082,2
2083,2
2084,5
2085,4
2086,4
2087,0
2088,2
2089,2
2090,2
2091,0
2092,5
2093,1
2094,1
2095,3
2096,2
2097,3
2098,7
2099,1
2100,2
2101,2
2102,3
2103,2
2104,2
2105,3
2106,1
2107,7
2108,1
2109,4
2110,4
2111,4
2112,3
2113,3
2114,3
2115,4
2116,2
2117,3
2118,6
2119,1
2120,4
2121,1
2122,1
2123,1
2124,3
2125,5
2126,1
2127,2
2128,4
2129,2
2130,8
2131,7
2132,2
2133,6
2134,1
2135,1
2136,2
2137,10
2138,2
2139,2
2140,3
2141,1
2142,3
2143,2
2144,4
2145,1
2146,3
2147,4
2148,2
2149,2
2150,2
2151,1
2152,2
2153,3
2154,10
2155,2
2156,6
2157,5
2158,0
2159,2
2160,6
2161,6
2162,4
2163,2
2164,6
2165,2
2166,1
2167,5
2168,-368934881474191040
2169,3
2170,7
2171,3
2172,2
2173,5
2174,3
2175,6
2176,4
2177,2
2178,5
2179,2
2180,4
2181,2
2182,2
2183,1
2184,1
2185,2
2186,3
2187,4
2188,2
2189,6
2190,3
2191,2
2192,2
2193,5
2194,19
2195,0
2196,6
2197,4
2198,1
2199,7
2200,1
2201,13
2202,1
2203,2
2204,2
2205,1
2206,10
2207,6
2208,5
2209,7
2210,2
2211,4
2212,3
2213,2
2214,2
2215,1
2216,1
2217,5
2218,-368934881474191040
2219,1
2220,2
2221,2
2222,1
2223,6
2224,7
2225,1
2226,5
2227,3
2228,1
2229,1
2230,2
2231,3
2232,0
2233,2
2234,2
2235,1
2236,5
2237,1
2238,6
2239,2
2240,4
2241,2
2242,2
2243,2
2244,5
2245,2
2246,3
2247,4
2248,3
2249,1
2250,5
2251,1
2252,2
2253,7
2254,4
2255,2
2256,5
2257,5
2258,2
2259,3
2260,8
2261,3
2262,0
2263,1
2264,4
2265,5
2266,3
2267,1
2268,17
2269,2
2270,1
2271,3
2272,2
2273,4
2274,8
2275,2
2276,2
2277,7
2278,1
2279,2
2280,6
2281,7
2282,2
2283,4
2284,3
2285,3
2286,4
2287,1
2288,3
2289,3
2290,1
2291,4
2292,2
2293,2
2294,2
2295,2
2296,5
2297,2
2298,5
2299,1
2300,2
2301,1
2302,9
2303,4
2304,1
2305,4
2306,1
2307,2
2308,4
2309,4
2310,2
2311,5
2312,1
2313,2
2314,1
2315,2
2316,2
2317,2
2318,2
2319,3
2320,4
2321,2
2322,4
2323,2
2324,1
2325,2
2326,4
2327,4
2328,6
2329,7
2330,4
2331,2
2332,5
2333,8
2334,10
2335,4
2336,2
2337,6
2338,1
2339,1
2340,5
2341,1
2342,2
2343,2
2344,3
2345,5
2346,2
2347,2
2348,5
2349,5
2350,6
2351,11
2352,8
2353,2
2354,1
2355,1
2356,2
2357,1
2358,6
2359,2
2360,2
2361,3
2362,6
2363,3
2364,8
2365,1
2366,3
2367,1
2368,22
2369,1
2370,3
2371,3
2372,7
2373,2
2374,7
2375,6
2376,8
2377,1
2378,2
2379,3
2380,5
2381,2
2382,8
2383,2
2384,2
2385,3
2386,3
2387,2
2388,4
2389,8
2390,3
2391,8
2392,2
2393,2
2394,17
2395,2
2396,3
2397,3
2398,8
2399,4
2400,2
2401,5
2402,7
2403,7
2404,2
2405,2
2406,3
2407,6
2408,2
2409,2
2410,6
2411,2
2412,2
2413,5
2414,13
2415,3
2416,15
2417,15
2418,1
2419,3
2420,0
2421,2
2422,2
2423,2
2424,1
2425,9
2426,2
2427,6
2428,2
2429,2
2430,2
2431,2
2432,2
2433,3
2434,3
2435,1
2436,0
2437,1
2438,4
2439,1
2440,3
2441,0
2442,5
2443,2
2444,3
2445,2
2446,1
2447,1
2448,2
2449,2
2450,3
2451,4
2452,2
2453,4
2454,4
2455,1
2456,1
2457,6
2458,1
2459,2
2460,5
2461,1
2462,1
2463,5
2464,6
2465,2
2466,2
2467,2
2468,2
2469,1
2470,2
2471,2
2472,16
2473,4
2474,5
2475,5
2476,4
2477,3
2478,1
2479,1
2480,2
2481,6
2482,5
2483,2
2484,3
2485,5
2486,3
2487,2
2488,2
2489,2
2490,6
2491,4
2492,5
2493,0
2494,3
2495,6
2496,2
2497,3
2498,1
2499,1
2500,1
2501,6
2502,2
2503,3
2504,2
2505,4
2506,4
2507,1
2508,8
2509,0
2510,4
2511,2
2512,3
2513,3
2514,14
2515,2
2516,1
2517,5
2518,5
2519,3
2520,4
2521,1
2522,8
2523,8
2524,2
2525,1
2526,4
2527,3
2528,6
2529,4
2530,4
2531,9
2532,4
2533,2
2534,6
2535,0
2536,3
2537,5
2538,3
2539,1
2540,2
2541,3
2542,4
2543,2
2544,5
2545,5
2546,3
2547,5
2548,3
2549,5
2550,3
2551,4
2552,1
2553,1
2554,4
2555,9
2556,1
2557,2
2558,1
2559,3
2560,2
2561,1
2562,1
2563,3
2564,4
2565,2
2566,5
2567,1
2568,4
2569,8
2570,13
2571,5
2572,8
2573,2
2574,1
2575,8
2576,2
2577,0
2578,2
2579,3
2580,2
2581,2
2582,6
2583,4
2584,2
2585,1
2586,4
2587,3
2588,6
2589,6
2590,5
2591,2
2592,0
2593,2
2594,2
2595,1
2596,5
2597,3
2598,4
2599,2
2600,2
2601,3
2602,4
2603,3
2604,5
2605,1
2606,2
2607,-368934881474191040
2608,3
2609,1
2610,3
2611,1
2612,1
2613,6
2614,3
2615,1
2616,4
2617,3
2618,15
2619,4
2620,5
2621,1
2622,2
2623,2
2624,1
2625,13
2626,3
2627,5
2628,4
2629,1
2630,5
2631,1
2632,3
2633,5
2634,3
2635,1
2636,4
2637,3
2638,2
2639,2
2640,3
2641,1
2642,7
2643,1
2644,4
2645,2
2646,4
2647,2
2648,2
2649,3
2650,7
2651,9
2652,3
2653,6
2654,2
2655,2
2656,2
2657,3
2658,2
2659,1
2660,2
2661,3
2662,26
2663,2
2664,5
2665,1
2666,1
2667,2
2668,6
2669,4
2670,3
2671,3
2672,5
2673,3
2674,5
2675,2
2676,5
2677,4
2678,4
2679,1
2680,2
2681,2
2682,6
2683,1
2684,6
2685,5
2686,2
2687,9
2688,4
2689,3
2690,4
2691,3
2692,2
2693,2
2694,4
2695,3
2696,3
2697,3
2698,1
2699,3
2700,2
2701,3
2702,5
2703,3
2704,4
2705,0
2706,2
2707,0
2708,15
2709,2
2710,3
2711,4
2712,3
2713,6
2714,2
2715,3
2716,1
2717,3
2718,6
2719,4
2720,8
2721,1
2722,2
2723,3
2724,0
2725,4
2726,1
2727,1
2728,7
2729,3
2730,6
2731,2
2732,1
2733,7
2734,5
2735,9
2736,2
2737,3
2738,5
2739,3
2740,4
2741,1
2742,3
2743,2
2744,27
2745,2
2746,1
2747,1
2748,2
2749,3
2750,2
2751,3
2752,6
2753,2
2754,1
2755,1
2756,1
2757,6
2758,4
2759,4
2760,3
2761,31
2762,1
2763,2
2764,3
2765,5
2766,1
2767,2
2768,1
2769,2
2770,2
2771,5
2772,3
2773,2
2774,2
2775,3
2776,5
2777,3
2778,4
2779,3
2780,4
2781,1
2782,1
2783,1
2784,8
2785,3
2786,1
2787,3
2788,5
2789,2
2790,1
2791,3
2792,3
2793,2
2794,2
2795,4
2796,1
2797,2
2798,3
2799,4
2800,3
2801,3
2802,2
2803,2
2804,2
2805,6
2806,1
2807,3
2808,2
2809,3
2810,4
2811,2
2812,4
2813,2
2814,1
2815,1
2816,2
2817,3
2818,2
2819,7
2820,6
2821,1
2822,6
2823,4
2824,9
2825,3
2826,3
2827,2
2828,3
2829,2
2830,0
2831,0
2832,4
2833,0
2834,1
2835,3
2836,2
2837,2
2838,1
2839,1
2840,4
2841,5
2842,4
2843,4
2844,1
2845,9
2846,0
2847,7
2848,2
2849,0
2850,2
2851,5
2852,2
2853,3
2854,1
2855,2
2856,5
2857,1
2858,4
2859,1
2860,2
2861,3
2862,2
2863,8
2864,6
2865,6
2866,4
2867,3
2868,2
2869,2
2870,1
2871,2
2872,3
2873,2
2874,3
2875,2
2876,3
2877,8
2878,1
2879,1
2880,3
2881,5
2882,1
2883,6
2884,2
2885,4
2886,5
2887,3
2888,3
2889,5
2890,1
2891,2
2892,1
2893,2
2894,6
2895,1
2896,1
2897,1
2898,4
2899,1
2900,2
2901,2
2902,1
2903,6
2904,2
2905,-368934881474191040
2906,2
2907,1
2908,15
2909,4
2910,3
2911,1
2912,-368934881474191040
2913,4
2914,2
2915,2
2916,2
2917,6
2918,2
2919,4
2920,3
2921,3
2922,3
2923,3
2924,3
2925,2
2926,7
2927,2
2928,5
2929,1
2930,3
2931,1
2932,3
2933,1
2934,4
2935,6
2936,1
2937,7
2938,2
2939,2
2940,5
2941,1
2942,7
2943,3
2944,5
2945,2
2946,2
2947,5
2948,2
2949,2
2950,10
2951,1
2952,2
2953,11
2954,2
2955,2
2956,1
2957,4
2958,4
2959,1
2960,1
2961,6
2962,4
2963,2
2964,3
2965,4
2966,1
2967,2
2968,5
2969,3
2970,2
2971,7
2972,5
2973,6
2974,8
2975,3
2976,4
2977,4
2978,5
2979,2
2980,1
2981,3
2982,5
2983,11
2984,2
2985,6
2986,3
2987,5
2988,1
2989,1
2990,2
2991,1
2992,1
2993,1
2994,3
2995,1
2996,1
2997,2
2998,0
2999,2
3000,9
3001,2
3002,7
3003,3
3004,2
3005,1
3006,2
3007,2
3008,2
3009,2
3010,3
3011,4
3012,10
3013,4
3014,1
3015,2
3016,1
3017,3
3018,8
3019,0
3020,6
3021,2
3022,2
3023,1
3024,8
3025,5
3026,2
3027,6
3028,3
3029,2
3030,3
3031,5
3032,6
3033,1
3034,3
3035,5
3036,4
3037,2
3038,-368934881474191040
3039,8
3040,2
3041,5
3042,5
3043,5
3044,1
3045,1
3046,8
3047,1
3048,5
3049,0
3050,21
3051,4
3052,2
3053,1
3054,3
3055,5
3056,3
3057,5
3058,5
3059,2
3060,3
3061,7
3062,1
3063,33
3064,1
3065,3
3066,4
3067,0
3068,6
3069,2
3070,9
3071,1
3072,5
3073,2
3074,3
3075,10
3076,2
3077,7
3078,1
3079,1
3080,4
3081,7
3082,6
3083,0
3084,31
3085,1
3086,3
3087,1
3088,4
3089,1
3090,4
3091,11
3092,3
3093,3
3094,2
3095,1
3096,2
3097,6
3098,3
3099,1
3100,1
3101,2
3102,3
3103,9
3104,4
3105,2
3106,2
3107,2
3108,2
3109,-368934881474191040
3110,7
3111,2
3112,2
3113,2
3114,2
3115,2
3116,7
3117,4
3118,1
3119,2
3120,2
3121,4
3122,1
3123,2
3124,1
3125,3
3126,2
3127,5
3128,3
3129,4
3130,4
3131,5
3132,2
3133,10
3134,5
3135,8
3136,1
3137,2
3138,4
3139,2
3140,1
3141,7
3142,2
3143,7
3144,2
3145,3
3146,3
3147,2
3148,4
3149,3
3150,1
3151,1
3152,3
3153,4
3154,5
3155,3
3156,0
3157,3
3158,6
3159,2
3160,3
3161,3
3162,2
3163,1
3164,3
3165,2
3166,5
3167,2
3168,6
3169,7
3170,2
3171,3
3172,2
3173,3
3174,2
3175,10
3176,2
3177,4
3178,5
3179,1
3180,2
3181,1
3182,2
3183,3
3184,0
3185,2
3186,2
3187,1
3188,5
3189,7
3190,3
3191,2
3192,4
3193,3
3194,3
3195,1
3196,12
3197,1
3198,2
3199,5
3200,1
3201,3
3202,1
3203,2
3204,3
3205,7
3206,2
3207,0
3208,2
3209,3
3210,10
3211,1
3212,2
3213,3
3214,2
3215,3
3216,5
3217,2
3218,1
3219,5
3220,1
3221,5
3222,4
3223,2
3224,1
3225,3
3226,2
3227,4
3228,2
3229,2
3230,1
3231,3
3232,0
3233,1
3234,2
3235,6
3236,2
3237,3
3238,3
3239,0
3240,2
3241,2
3242,2
3243,2
3244,2
3245,3
3246,5
3247,6
3248,3
3249,1
3250,6
3251,2
3252,2
3253,5
3254,5
3255,5
3256,3
3257,9
3258,4
3259,4
3260,5
3261,5
3262,2
3263,6
3264,5
3265,2
3266,6
3267,20
3268,0
3269,1
3270,2
3271,3
3272,7
3273,7
3274,0
3275,10
3276,1
3277,5
3278,1
3279,6
3280,1
3281,2
3282,3
3283,5
3284,5
3285,2
3286,2
3287,2
3288,15
3289,4
3290,3
3291,2
3292,6
3293,4
3294,2
3295,1
3296,3
3297,0
3298,5
3299,1
3300,3
3301,5
3302,7
3303,4
3304,2
3305,3
3306,1
3307,2
3308,1
3309,2
3310,2
3311,4
3312,2
3313,6
3314,3
3315,3
3316,3
3317,4
3318,-368934881474191040
3319,3
3320,4
3321,2
3322,3
3323,2
3324,4
3325,2
3326,-368934881474191040
3327,4
3328,5
3329,2
3330,0
3331,2
3332,4
3333,2
3334,1
3335,1
3336,2
3337,1
3338,2
3339,2
3340,1
3341,1
3342,6
3343,2
3344,2
3345,14
3346,4
3347,2
3348,2
3349,4
3350,2
3351,4
3352,6
3353,3
3354,2
3355,2
3356,5
3357,12
3358,4
3359,0
3360,2
3361,2
3362,2
3363,2
3364,1
3365,1
3366,4
3367,8
3368,2
3369,1
3370,2
3371,7
3372,2
3373,2
3374,2
3375,2
3376,22
3377,2
3378,1
3379,9
3380,2
3381,3
3382,5
3383,5
3384,5
3385,1
3386,2
3387,2
3388,2
3389,3
3390,2
3391,6
3392,5
3393,4
3394,4
3395,-368934881474191040
3396,1
3397,5
3398,2
3399,2
3400,3
3401,1
3402,3
3403,2
3404,7
3405,1
3406,0
3407,9
3408,0
3409,3
3410,1
3411,1
3412,4
3413,1
3414,1
3415,4
3416,2
3417,1
3418,7
3419,1
3420,3
3421,10
3422,2
3423,3
3424,2
3425,4
3426,11
3427,2
3428,4
3429,2
3430,2
3431,4
3432,6
3433,3
3434,8
3435,2
3436,7
3437,2
3438,6
3439,2
3440,2
3441,3
3442,3
3443,1
3444,3
3445,2
3446,2
3447,5
3448,1
3449,1
3450,2
3451,8
3452,5
3453,4
3454,9
3455,4
3456,3
3457,2
3458,8
3459,1
3460,1
3461,3
3462,5
3463,2
3464,0
3465,12
3466,1
3467,1
3468,2
3469,1
3470,3
3471,2
3472,2
3473,4
3474,3
3475,3
3476,1
3477,5
3478,1
3479,2
3480,1
3481,3
3482,4
3483,3
3484,6
3485,2
3486,2
3487,5
3488,3
3489,1
3490,5
3491,5
3492,6
3493,2
3494,1
3495,4
3496,2
3497,4
3498,4
3499,5
3500,2
3501,1
3502,6
3503,1
3504,1
3505,2
3506,5
3507,1
3508,3
3509,3
3510,5
3511,2
3512,8
3513,3
3514,1
3515,5
3516,5
3517,2
3518,1
3519,2
3520,1
3521,2
3522,1
3523,1
3524,7
3525,1
3526,2
3527,2
3528,2
3529,2
3530,2
3531,0
3532,2
3533,1
3534,4
3535,4
3536,3
3537,0
3538,3
3539,2
3540,1
3541,2
3542,8
3543,4
3544,3
3545,3
3546,7
3547,4
3548,2
3549,1
3550,2
3551,1
3552,5
3553,7
3554,-368934881474191040
3555,8
3556,3
3557,8
3558,1
3559,4
3560,1
3561,1
3562,2
3563,5
3564,3
3565,3
3566,6
3567,1
3568,1
3569,6
3570,3
3571,4
3572,2
3573,7
3574,4
3575,1
3576,2
3577,3
3578,5
3579,2
3580,5
3581,5
3582,5
3583,2
3584,3
3585,2
3586,3
3587,3
3588,2
3589,11
3590,3
3591,0
3592,6
3593,1
3594,5
3595,5
3596,3
3597,3
3598,2
3599,3
3600,1
3601,3
3602,4
3603,4
3604,2
3605,2
3606,4
3607,3
3608,2
3609,3
3610,3
3611,5
3612,5
3613,4
3614,2
3615,11
3616,7
3617,11
3618,7
3619,1
3620,2
3621,5
3622,1
3623,3
3624,3
3625,7
3626,3
3627,4
3628,8
3629,3
3630,3
3631,2
3632,15
3633,4
3634,5
3635,3
3636,6
3637,6
3638,3
3639,2
3640,2
3641,1
3642,3
3643,4
3644,5
3645,1
3646,3
3647,1
3648,5
3649,1
3650,7
3651,3
3652,2
3653,1
3654,2
3655,1
3656,6
3657,4
3658,3
3659,22
3660,3
3661,2
3662,1
3663,2
3664,2
3665,4
3666,1
3667,3
3668,2
3669,9
3670,6
3671,2
3672,3
3673,3
3674,3
3675,5
3676,1
3677,3
3678,4
3679,5
3680,7
3681,4
3682,3
3683,3
3684,2
3685,4
3686,2
3687,3
3688,3
3689,1
3690,3
3691,5
3692,9
3693,4
3694,2
3695,3
3696,3
3697,6
3698,2
3699,3
3700,2
3701,3
3702,2
3703,1
3704,4
3705,1
3706,10
3707,5
3708,11
3709,2
3710,1
3711,2
3712,2
3713,1
3714,2
3715,0
3716,8
3717,5
3718,3
3719,5
3720,3
3721,3
3722,-368934881474191040
3723,1
3724,5
3725,4
3726,5
3727,3
3728,4
3729,3
3730,1
3731,7
3732,5
3733,3
3734,13
3735,3
3736,7
3737,4
3738,4
3739,2
3740,4
3741,1
3742,2
3743,4
3744,6
3745,4
3746,4
3747,4
3748,1
3749,2
3750,1
3751,2
3752,2
3753,5
3754,4
3755,3
3756,5
3757,1
3758,3
3759,3
3760,2
3761,3
3762,5
3763,3
3764,1
3765,5
3766,3
3767,4
3768,2
3769,5
3770,3
3771,4
3772,8
3773,6
3774,5
3775,1
3776,4
3777,9
3778,2
3779,18
3780,3
3781,3
3782,5
3783,4
3784,5
3785,3
3786,1
3787,3
3788,1
3789,4
3790,3
3791,10
3792,6
3793,-368934881474191040
3794,3
3795,3
3796,7
3797,3
3798,4
3799,14
3800,2
3801,1
3802,2
3803,1
3804,8
3805,8
3806,5
3807,2
3808,6
3809,6
3810,1
3811,4
3812,1
3813,7
3814,3
3815,3
3816,4
3817,5
3818,10
3819,3
3820,7
3821,2
3822,1
3823,2
3824,15
3825,13
3826,2
3827,1
3828,5
3829,2
3830,5
3831,5
3832,1
3833,2
3834,1
3835,2
3836,7
3837,1
3838,1
3839,3
3840,15
3841,3
3842,9
3843,3
3844,2
3845,14
3846,0
3847,4
3848,2
3849,4
3850,5
3851,4
3852,2
3853,1
3854,5
3855,3
3856,1
3857,4
3858,6
3859,2
3860,1
3861,5
3862,1
3863,1
3864,3
3865,10
3866,16
3867,2
3868,3
3869,1
3870,2
3871,3
3872,2
3873,4
3874,3
3875,12
3876,1
3877,-368934881474191040
3878,2
3879,4
3880,8
3881,3
3882,6
3883,5
3884,1
3885,4
3886,2
3887,3
3888,2
3889,1
3890,3
3891,5
3892,4
3893,3
3894,4
3895,1
3896,3
3897,4
3898,4
3899,3
3900,10
3901,2
3902,4
3903,6
3904,2
3905,2
3906,-368934881474191040
3907,2
3908,1
3909,3
3910,2
3911,2
3912,2
3913,1
3914,3
3915,3
3916,2
3917,3
3918,2
3919,2
3920,1
3921,2
3922,1
3923,7
3924,3
3925,2
3926,2
3927,2
3928,3
3929,1
3930,5
3931,2
3932,4
3933,5
3934,5
3935,2
3936,4
3937,5
3938,2
3939,2
3940,1
3941,3
3942,2
3943,2
3944,3
3945,5
3946,2
3947,10
3948,1
3949,2
3950,16
3951,2
3952,3
3953,1
3954,2
3955,7
3956,7
3957,6
3958,-368934881474191040
3959,2
3960,3
3961,4
3962,9
3963,3
3964,3
3965,3
3966,4
3967,4
3968,2
3969,2
3970,4
3971,2
3972,7
3973,2
3974,2
3975,1
3976,1
3977,2
3978,16
3979,1
3980,4
3981,33
3982,0
3983,1
3984,3
3985,6
3986,4
3987,3
3988,2
3989,1
3990,2
3991,1
3992,0
3993,3
3994,2
3995,2
3996,4
3997,3
3998,2
3999,5
4000,6
4001,9
4002,1
4003,2
4004,3
4005,4
4006,3
4007,2
4008,2
4009,10
4010,3
4011,4
4012,2
4013,4
4014,2
4015,2
4016,2
4017,2
4018,9
4019,2
4020,1
4021,2
4022,5
4023,1
4024,7
4025,5
4026,2
4027,3
4028,1
4029,1
4030,2
4031,1
4032,3
4033,1
4034,1
4035,4
4036,2
4037,2
4038,2
4039,2
4040,2
4041,7
4042,4
4043,11
4044,2
4045,3
4046,1
4047,1
4048,1
4049,3
4050,2
4051,2
4052,4
4053,1
4054,1
4055,4
4056,1
4057,1
4058,-368934881474191040
4059,11
4060,3
4061,3
4062,10
4063,1
4064,2
4065,3
4066,2
4067,2
4068,0
4069,1
4070,2
4071,3
4072,2
4073,5
4074,4
4075,5
4076,1
4077,5
4078,3
4079,-368934881474191040
4080,6
4081,2
4082,6
4083,2
4084,3
4085,4
4086,11
4087,2
4088,1
4089,3
4090,3
4091,4
4092,2
4093,0
4094,6
4095,3
4096,6
4097,3
4098,3
4099,6
4100,1
4101,5
4102,2
4103,9
4104,2
4105,5
4106,3
4107,4
4108,4
4109,2
4110,1
4111,14
4112,1
4113,0
4114,4
4115,2
4116,3
4117,1
4118,3
4119,2
4120,2
4121,8
4122,2
4123,2
4124,6
4125,0
4126,5
4127,5
4128,6
4129,2
4130,4
4131,8
4132,2
4133,5
4134,8
4135,3
4136,4
4137,4
4138,1
4139,3
4140,4
4141,4
4142,1
4143,3
4144,-368934881474191040
4145,3
4146,2
4147,2
4148,2
4149,4
4150,2
4151,4
4152,4
4153,4
4154,2
4155,3
4156,2
4157,3
4158,6
4159,2
4160,9
4161,5
4162,1
4163,5
4164,5
4165,2
4166,9
4167,4
4168,15
4169,11
4170,1
4171,3
4172,14
4173,1
4174,3
4175,2
4176,7
4177,1
4178,2
4179,2
4180,2
4181,1
4182,3
4183,3
4184,3
4185,6
4186,9
4187,3
4188,8
4189,3
4190,3
4191,1
4192,5
4193,2
4194,5
4195,1
4196,6
4197,3
4198,4
4199,-368934881474191040
4200,3
4201,14
4202,11
4203,3
4204,28
4205,14
4206,2
4207,1
4208,3
4209,5
4210,2
4211,2
4212,2
4213,6
4214,3
4215,1
4216,3
4217,2
4218,-368934881474191040
4219,5
4220,1
4221,2
4222,1
4223,6
4224,5
4225,13
4226,2
4227,7
4228,2
4229,1
4230,1
4231,3
4232,2
4233,3
4234,2
4235,4
4236,1
4237,4
4238,6
4239,1
4240,2
4241,2
4242,1
4243,1
4244,1
4245,3
4246,6
4247,0
4248,1
4249,2
4250,4
4251,2
4252,2
4253,5
4254,1
4255,2
4256,3
4257,2
4258,3
4259,4
4260,1
4261,4
4262,4
4263,3
4264,1
4265,3
4266,4
4267,3
4268,4
4269,4
4270,2
4271,1
4272,7
4273,2
4274,3
4275,-368934881474191040
4276,2
4277,0
4278,2
4279,2
4280,1
4281,4
4282,1
4283,2
4284,2
4285,7
4286,6
4287,4
4288,5
4289,-368934881474191040
4290,-368934881474191040
4291,-368934881474191040
4292,-368934881474191040
4293,-368934881474191040
4294,-368934881474191040
4295,-368934881474191040
4296,1
4297,4
4298,2
4299,1
4300,3
4301,3
4302,5
4303,2
4304,1
4305,2
4306,2
4307,3
4308,-368934881474191040
4309,2
4310,7
4311,4
4312,1
4313,2
4314,4
4315,2
4316,1
4317,3
4318,4
4319,5
4320,6
4321,6
4322,3
4323,1
4324,1
4325,2
4326,4
4327,3
4328,6
4329,4
4330,5
4331,1
4332,2
4333,-368934881474191040
4334,6
4335,6
4336,1
4337,3
4338,4
4339,2
4340,11
4341,4
4342,2
4343,5
4344,1
4345,1
4346,4
4347,8
4348,3
4349,6
4350,6
4351,2
4352,0
4353,6
4354,3
4355,1
4356,-368934881474191040
4357,2
4358,1
4359,2
4360,2
4361,2
4362,1
4363,3
4364,13
4365,5
4366,2
4367,3
4368,3
4369,0
4370,1
4371,2
4372,8
4373,7
4374,6
4375,4
4376,3
4377,3
4378,8
4379,3
4380,2
4381,2
4382,2
4383,-368934881474191040
4384,2
4385,3
4386,2
4387,1
4388,2
4389,4
4390,2
4391,6
4392,11
4393,6
4394,1
4395,4
4396,3
4397,3
4398,2
4399,3
4400,3
4401,7
4402,3
4403,1
4404,2
4405,4
4406,2
4407,2
4408,6
4409,2
4410,3
4411,2
4412,10
4413,2
4414,2
4415,1
4416,3
4417,0
4418,5
4419,2
4420,-368934881474191040
4421,2
4422,2
4423,4
4424,2
4425,2
4426,7
4427,6
4428,1
4429,5
4430,9
4431,1
4432,2
4433,8
4434,2
4435,3
4436,3
4437,2
4438,2
4439,2
4440,3
4441,1
4442,4
4443,2
4444,1
4445,8
4446,5
4447,2
4448,3
4449,3
4450,1
4451,3
4452,5
4453,7
4454,1
4455,-368934881474191040
4456,7
4457,3
4458,1
4459,2
4460,10
4461,4
4462,2
4463,1
4464,2
4465,2
4466,1
4467,1
4468,2
4469,4
4470,4
4471,6
4472,1
4473,4
4474,5
4475,1
4476,5
4477,2
4478,2
4479,2
4480,5
4481,12
4482,3
4483,3
4484,17
4485,1
4486,4
4487,2
4488,2
4489,6
4490,4
4491,3
4492,14
4493,4
4494,8
4495,5
4496,2
4497,1
4498,3
4499,6
4500,3
4501,3
4502,3
4503,3
4504,4
4505,2
4506,3
4507,4
4508,3
4509,6
4510,1
4511,5
4512,4
4513,1
4514,3
4515,6
4516,0
4517,1
4518,1
4519,3
4520,4
4521,2
4522,3
4523,9
4524,8
4525,5
4526,5
4527,3
4528,2
4529,2
4530,2
4531,4
4532,0
4533,2
4534,2
4535,2
4536,2
4537,4
4538,3
4539,3
4540,1
4541,12
4542,-368934881474191040
4543,1
4544,5
4545,2
4546,3
4547,2
4548,8
4549,3
4550,1
4551,5
4552,4
4553,2
4554,0
4555,4
4556,1
4557,2
4558,3
4559,8
4560,12
4561,4
4562,10
4563,1
4564,3
4565,-368934881474191040
4566,4
4567,3
4568,3
4569,8
4570,5
4571,2
4572,10
4573,-368934881474191040
4574,8
4575,2
4576,3
4577,2
4578,4
4579,-368934881474191040
4580,5
4581,13
4582,2
4583,3
4584,0
4585,8
4586,4
4587,2
4588,2
4589,15
4590,2
4591,3
4592,3
4593,2
4594,5
4595,2
4596,4
4597,4
4598,14
4599,-368934881474191040
4600,1
4601,2
4602,1
4603,2
4604,2
4605,1
4606,1
4607,9
4608,3
4609,4
4610,4
4611,1
4612,7
4613,2
4614,1
4615,4
4616,2
4617,2
4618,3
4619,2
4620,3
4621,0
4622,5
4623,5
4624,2
4625,2
4626,3
4627,8
4628,3
4629,3
4630,6
4631,3
4632,2
4633,3
4634,6
4635,2
4636,4
4637,3
4638,2
4639,3
4640,4
4641,4
4642,6
4643,3
4644,1
4645,6
4646,5
4647,1
4648,4
4649,5
4650,2
4651,7
4652,3
4653,1
4654,3
4655,3
4656,3
4657,0
4658,2
4659,7
4660,6
4661,-368934881474191040
4662,5
4663,2
4664,1
4665,7
4666,4
4667,2
4668,2
4669,3
4670,2
4671,3
4672,1
4673,2
4674,3
4675,2
4676,4
4677,0
4678,3
4679,7
4680,7
4681,1
4682,2
4683,2
4684,2
4685,7
4686,1
4687,4
4688,3
4689,7
4690,2
4691,1
4692,1
4693,1
4694,2
4695,2
4696,7
4697,2
4698,2
4699,12
4700,4
4701,6
4702,-368934881474191040
4703,4
4704,19
4705,3
4706,10
4707,1
4708,3
4709,3
4710,2
4711,2
4712,5
4713,1
4714,2
4715,5
4716,2
4717,3
4718,4
4719,5
4720,4
4721,2
4722,1
4723,2
4724,8
4725,2
4726,5
4727,13
4728,2
4729,3
4730,4
4731,1
4732,2
4733,2
4734,4
4735,1
4736,3
4737,5
4738,2
4739,2
4740,11
4741,3
4742,5
4743,1
4744,11
4745,3
4746,7
4747,1
4748,2
4749,-368934881474191040
4750,3
4751,2
4752,4
4753,1
4754,2
4755,2
4756,2
4757,6
4758,3
4759,4
4760,4
4761,0
4762,5
4763,3
4764,3
4765,3
4766,2
4767,2
4768,-368934881474191040
4769,2
4770,6
4771,2
4772,4
4773,14
4774,0
4775,4
4776,5
4777,4
4778,4
4779,1
4780,3
4781,0
4782,2
4783,2
4784,4
4785,1
4786,12
4787,2
4788,1
4789,3
4790,2
4791,3
4792,1
4793,3
4794,3
4795,2
4796,2
4797,7
4798,1
4799,3
4800,1
4801,-368934881474191040
4802,2
4803,13
4804,1
4805,4
4806,3
4807,4
4808,0
4809,4
4810,1
4811,4
4812,2
4813,4
4814,2
4815,2
4816,2
4817,2
4818,3
4819,4
4820,2
4821,1
4822,3
4823,1
4824,0
4825,1
4826,6
4827,2
4828,5
4829,2
4830,4
4831,1
4832,-368934881474191040
4833,4
4834,3
4835,1
4836,9
4837,5
4838,2
4839,2
4840,3
4841,1
4842,4
4843,3
4844,2
4845,3
4846,-368934881474191040
4847,4
4848,1
4849,4
4850,1
4851,6
4852,1
4853,3
4854,1
4855,1
4856,3
4857,1
4858,-368934881474191040
4859,5
4860,3
4861,0
4862,6
4863,2
4864,1
4865,4
4866,2
4867,1
4868,2
4869,3
4870,1
4871,3
4872,7
4873,3
4874,0
4875,5
4876,0
4877,5
4878,1
4879,1
4880,3
4881,1
4882,5
4883,1
4884,1
4885,1
4886,1
4887,2
4888,5
4889,8
4890,1
4891,9
4892,-368934881474191040
4893,1
4894,3
4895,1
4896,1
4897,3
4898,3
4899,2
4900,5
4901,1
4902,7
4903,6
4904,1
4905,5
4906,3
4907,6
4908,3
4909,4
4910,18
4911,1
4912,6
4913,1
4914,8
4915,3
4916,3
4917,4
4918,1
4919,3
4920,7
4921,3
4922,8
4923,7
4924,3
4925,2
4926,2
4927,2
4928,4
4929,2
4930,3
4931,10
4932,4
4933,1
4934,11
4935,3
4936,3
4937,12
4938,1
4939,4
4940,1
4941,2
4942,6
4943,13
4944,-368934881474191040
4945,3
4946,3
4947,3
4948,2
4949,6
4950,4
4951,2
4952,2
4953,5
4954,2
4955,1
4956,5
4957,5
4958,5
4959,1
4960,7
4961,0
4962,4
4963,14
4964,2
4965,3
4966,4
4967,2
4968,-368934881474191040
4969,5
4970,8
4971,2
4972,1
4973,4
4974,6
4975,2
4976,4
4977,2
4978,2
4979,2
4980,1
4981,4
4982,3
4983,-368934881474191040
4984,4
4985,2
4986,5
4987,15
4988,4
4989,4
4990,4
4991,2
4992,4
4993,4
4994,2
4995,1
4996,10
4997,6
4998,1
4999,3
5000,2
5001,1
5002,0
5003,3
5004,2
5005,2
5006,4
5007,2
5008,5
5009,3
5010,3
5011,1
5012,3
5013,6
5014,2
5015,2
5016,3
5017,0
5018,1
5019,6
5020,3
5021,-368934881474191040
5022,5
5023,7
5024,2
5025,4
5026,5
5027,1
5028,4
5029,2
5030,4
5031,0
5032,2
5033,4
5034,5
5035,7
5036,2
5037,5
5038,3
5039,1
5040,2
5041,3
5042,4
5043,4
5044,-368934881474191040
5045,-368934881474191040
5046,1
5047,5
5048,3
5049,3
5050,6
5051,2
5052,5
5053,-368934881474191040
5054,5
5055,2
5056,14
5057,2
5058,2
5059,8
5060,1
5061,5
5062,4
5063,0
5064,2
5065,4
5066,5
5067,2
5068,1
5069,2
5070,2
5071,6
5072,8
5073,-368934881474191040
5074,3
5075,2
5076,2
5077,2
5078,3
5079,2
5080,1
5081,2
5082,1
5083,2
5084,0
5085,3
5086,3
5087,6
5088,4
5089,2
5090,3
5091,4
5092,2
5093,2
5094,2
5095,2
5096,2
5097,2
5098,1
5099,5
5100,3
5101,2
5102,1
5103,4
5104,5
5105,16
5106,2
5107,3
5108,3
5109,3
5110,6
5111,3
5112,4
5113,8
5114,1
5115,3
5116,1
5117,7
5118,1
5119,6
5120,4
5121,4
5122,4
5123,2
5124,4
5125,2
5126,4
5127,2
5128,2
5129,2
5130,3
5131,0
5132,3
5133,7
5134,4
5135,0
5136,1
5137,4
5138,1
5139,3
5140,2
5141,1
5142,2
5143,2
5144,4
5145,2
5146,2
5147,3
5148,4
5149,2
5150,3
5151,2
5152,2
5153,3
5154,0
5155,4
5156,2
5157,0
5158,1
5159,4
5160,4
5161,4
5162,3
5163,2
5164,4
5165,3
5166,4
5167,7
5168,3
5169,4
5170,1
5171,7
5172,2
5173,5
5174,3
5175,6
5176,3
5177,4
5178,2
5179,1
5180,3
5181,0
5182,3
5183,7
5184,5
5185,2
5186,11
5187,3
5188,5
5189,2
5190,4
5191,2
5192,4
5193,2
5194,20
5195,2
5196,4
5197,2
5198,5
5199,-368934881474191040
5200,4
5201,2
5202,2
5203,10
5204,1
5205,4
5206,1
5207,1
5208,2
5209,3
5210,5
5211,1
5212,3
5213,3
5214,2
5215,9
5216,2
5217,4
5218,4
5219,1
5220,1
5221,1
5222,3
5223,1
5224,0
5225,3
5226,3
5227,4
5228,3
5229,0
5230,4
5231,3
5232,3
5233,5
5234,2
5235,7
5236,5
5237,5
5238,1
5239,1
5240,2
5241,7
5242,16
5243,2
5244,5
5245,1
5246,6
5247,6
5248,4
5249,1
5250,2
5251,2
5252,-368934881474191040
5253,8
5254,2
5255,3
5256,2
5257,2
5258,3
5259,3
5260,2
5261,4
5262,3
5263,3
5264,6
5265,-368934881474191040
5266,1
5267,3
5268,1
5269,1
5270,1
5271,4
5272,4
5273,2
5274,3
5275,2
5276,1
5277,2
5278,17
5279,3
5280,7
5281,1
5282,3
5283,2
5284,4
5285,10
5286,5
5287,3
5288,3
5289,3
5290,3
5291,3
5292,2
5293,3
5294,1
5295,6
5296,1
5297,1
5298,1
5299,1
5300,11
5301,2
5302,2
5303,2
5304,2
5305,2
5306,3
5307,2
5308,1
5309,3
5310,5
5311,-368934881474191040
5312,2
5313,1
5314,6
5315,2
5316,1
5317,4
5318,8
5319,3
5320,4
5321,2
5322,2
5323,10
5324,4
5325,13
5326,1
5327,1
5328,2
5329,1
5330,3
5331,4
5332,3
5333,4
5334,1
5335,1
5336,2
5337,3
5338,10
5339,4
5340,7
5341,3
5342,4
5343,3
5344,-368934881474191040
5345,6
5346,3
5347,1
5348,9
5349,8
5350,7
5351,2
5352,1
5353,1
5354,3
5355,6
5356,6
5357,2
5358,1
5359,2
5360,2
5361,6
5362,8
5363,2
5364,1
5365,7
5366,2
5367,-368934881474191040
5368,1
5369,1
5370,0
5371,1
5372,3
5373,0
5374,5
5375,1
5376,5
5377,5
5378,13
5379,5
5380,7
5381,6
5382,4
5383,10
5384,3
5385,4
5386,1
5387,2
5388,0
5389,3
5390,1
5391,5
5392,2
5393,4
5394,4
5395,1
5396,2
5397,1
5398,3
5399,2
5400,1
5401,2
5402,7
5403,2
5404,2
5405,1
5406,2
5407,2
5408,16
5409,2
5410,8
5411,-368934881474191040
5412,5
5413,2
5414,1
5415,6
5416,2
5417,2
5418,6
5419,2
5420,2
5421,3
5422,3
5423,2
5424,5
5425,3
5426,2
5427,2
5428,-368934881474191040
5429,4
5430,-368934881474191040
5431,3
5432,5
5433,4
5434,4
5435,-368934881474191040
5436,-368934881474191040
5437,4
5438,2
5439,3
5440,6
5441,5
5442,5
5443,0
5444,1
5445,1
5446,7
5447,1
5448,4
5449,14
5450,4
5451,3
5452,3
5453,7
5454,2
5455,4
5456,6
5457,7
5458,5
5459,2
5460,5
5461,5
5462,4
5463,4
5464,4
5465,9
5466,2
5467,1
5468,2
5469,0
5470,0
5471,4
5472,2
5473,0
5474,1
5475,1
5476,3
5477,2
5478,1
5479,3
5480,4
5481,4
5482,4
5483,2
5484,3
5485,3
5486,4
5487,1
5488,5
5489,1
5490,2
5491,1
5492,3
5493,1
5494,2
5495,2
5496,-368934881474191040
5497,1
5498,2
5499,1
5500,0
5501,2
5502,1
5503,3
5504,2
5505,1
5506,1
5507,5
5508,8
5509,4
5510,4
5511,6
5512,2
5513,1
5514,3
5515,1
5516,1
5517,4
5518,2
5519,4
5520,2
5521,7
5522,2
5523,3
5524,5
5525,2
5526,1
5527,10
5528,4
5529,5
5530,3
5531,6
5532,2
5533,16
5534,4
5535,4
5536,5
5537,2
5538,2
5539,2
5540,1
5541,9
5542,1
5543,5
5544,2
5545,3
5546,2
5547,1
5548,5
5549,5
5550,2
5551,1
5552,3
5553,3
5554,3
5555,1
5556,1
5557,1
5558,5
5559,3
5560,1
5561,10
5562,3
5563,3
5564,2
5565,4
5566,2
5567,2
5568,2
5569,5
5570,4
5571,2
5572,3
5573,3
5574,13
5575,3
5576,1
5577,0
5578,2
5579,8
5580,1
5581,2
5582,4
5583,2
5584,7
5585,2
5586,6
5587,3
5588,1
5589,3
5590,3
5591,2
5592,1
5593,7
5594,1
5595,2
5596,2
5597,4
5598,5
5599,3
5600,4
5601,3
5602,5
5603,1
5604,0
5605,2
5606,4
5607,0
5608,3
5609,0
5610,1
5611,2
5612,1
5613,2
5614,0
5615,8
5616,4
5617,0
5618,4
5619,3
5620,2
5621,4
5622,6
5623,3
5624,2
5625,15
5626,1
5627,6
5628,3
5629,3
5630,2
5631,2
5632,1
5633,2
5634,8
5635,3
5636,4
5637,2
5638,1
5639,2
5640,2
5641,1
5642,4
5643,1
5644,-368934881474191040
5645,0
5646,0
5647,3
5648,1
5649,0
5650,4
5651,3
5652,1
5653,1
5654,1
5655,6
5656,3
5657,5
5658,1
5659,1
5660,2
5661,2
5662,3
5663,4
5664,2
5665,3
5666,1
5667,6
5668,1
5669,3
5670,0
5671,3
5672,5
5673,2
5674,8
5675,7
5676,4
5677,2
5678,1
5679,1
5680,-368934881474191040
5681,4
5682,3
5683,2
5684,3
5685,3
5686,2
5687,5
5688,3
5689,1
5690,1
5691,0
5692,1
5693,9
5694,4
5695,4
5696,2
5697,5
5698,6
5699,-368934881474191040
5700,2
5701,-368934881474191040
5702,1
5703,3
5704,3
5705,4
5706,3
5707,3
5708,16
5709,-368934881474191040
5710,1
5711,2
5712,9
5713,4
5714,3
5715,21
5716,1
5717,6
5718,0
5719,4
5720,1
5721,4
5722,5
5723,1
5724,3
5725,0
5726,1
5727,0
5728,7
5729,4
5730,2
5731,4
5732,4
5733,4
5734,4
5735,3
5736,4
5737,10
5738,2
5739,5
5740,2
5741,3
5742,1
5743,4
