,fps_duration
0,25
1,24
2,14
3,10
4,8
5,12
6,10
7,16
8,20
9,10
10,14
11,10
12,10
13,14
14,8
15,9
16,10
17,16
18,12
19,10
20,10
21,14
22,8
23,7
24,10
25,7
26,20
27,14
28,14
29,10
30,10
31,25
32,14
33,14
34,10
35,10
36,30
37,16
38,11
39,20
40,20
41,10
42,8
43,16
44,25
45,10
46,7
47,25
48,25
49,11
50,14
51,20
52,14
53,10
54,15
55,12
56,16
57,12
58,25
59,14
60,24
61,10
62,25
63,20
64,20
65,15
66,10
67,25
68,10
69,11
70,22
71,10
72,50
73,14
74,25
75,11
76,10
77,30
78,25
79,20
80,14
81,5
82,15
83,25
84,10
85,20
86,10
87,10
88,10
89,25
90,15
91,12
92,15
93,16
94,25
95,7
96,15
97,25
98,22
99,20
100,15
101,7
102,20
103,10
104,15
105,10
106,25
107,25
108,15
109,16
110,15
111,21
112,25
113,10
114,15
115,16
116,25
117,14
118,25
119,25
120,10
121,10
122,12
123,10
124,10
125,8
126,16
127,7
128,32
129,22
130,15
131,25
132,10
133,14
134,14
135,10
136,25
137,25
138,10
139,10
140,16
141,14
142,7
143,24
144,10
145,10
146,14
147,15
148,25
149,15
150,6
151,33
152,23
153,25
154,14
155,25
156,10
157,23
158,10
159,20
160,8
161,10
162,8
163,16
164,10
165,25
166,10
167,16
168,33
169,33
170,11
171,25
172,5
173,10
174,10
175,16
176,25
177,14
178,15
179,30
180,16
181,19
182,14
183,14
184,14
185,20
186,25
187,16
188,15
189,24
190,12
191,20
192,25
193,25
194,14
195,15
196,14
197,14
198,15
199,50
200,9
201,15
202,20
203,10
204,14
205,12
206,10
207,25
208,7
209,10
210,16
211,10
212,10
213,25
214,14
215,14
216,11
217,14
218,14
219,20
220,10
221,25
222,25
223,10
224,23
225,8
226,14
227,20
228,7
229,20
230,9
231,10
232,10
233,14
234,20
235,20
236,12
237,25
238,14
239,25
240,15
241,24
242,25
243,14
244,25
245,25
246,14
247,10
248,25
249,7
250,14
251,25
252,5
253,25
254,20
255,20
256,19
257,10
258,16
259,15
260,14
261,25
262,25
263,33
264,16
265,15
266,12
267,14
268,20
269,10
270,13
271,10
272,8
273,10
274,25
275,10
276,23
277,14
278,20
279,10
280,10
281,10
282,15
283,20
284,25
285,25
286,10
287,30
288,14
289,11
290,20
291,25
292,30
293,22
294,10
295,15
296,14
297,6
298,25
299,8
300,10
301,10
302,14
303,10
304,25
305,25
306,20
307,12
308,10
309,20
310,10
311,33
312,14
313,10
314,21
315,10
316,30
317,16
318,10
319,30
320,30
321,13
322,14
323,10
324,10
325,20
326,20
327,12
328,10
329,25
330,10
331,13
332,15
333,22
334,6
335,20
336,10
337,30
338,7
339,14
340,25
341,12
342,33
343,25
344,25
345,15
346,10
347,15
348,10
349,20
350,10
351,15
352,14
353,25
354,19
355,22
356,15
357,16
358,25
359,25
360,25
361,25
362,10
363,24
364,15
365,15
366,15
367,16
368,10
369,14
370,15
371,14
372,25
373,15
374,33
375,15
376,20
377,14
378,11
379,25
380,12
381,20
382,10
383,25
384,10
385,24
386,10
387,16
388,25
389,14
390,25
391,26
392,25
393,15
394,25
395,15
396,12
397,16
398,11
399,10
400,30
401,25
402,25
403,15
404,33
405,7
406,25
407,14
408,25
409,25
410,25
411,10
412,15
413,20
414,10
415,16
416,25
417,25
418,10
419,28
420,25
421,20
422,25
423,25
424,10
425,9
426,25
427,25
428,25
429,25
430,14
431,20
432,10
433,10
434,25
435,6
436,12
437,6
438,25
439,14
440,10
441,24
442,10
443,10
444,8
445,25
446,14
447,12
448,14
449,10
450,33
451,24
452,25
453,10
454,11
455,33
456,22
457,25
458,10
459,14
460,8
461,15
462,10
463,25
464,14
465,15
466,10
467,10
468,15
469,20
470,10
471,20
472,25
473,12
474,15
475,16
476,23
477,5
478,10
479,12
480,15
481,10
482,14
483,11
484,25
485,14
486,10
487,15
488,15
489,10
490,10
491,20
492,10
493,5
494,5
495,10
496,25
497,10
498,14
499,15
500,10
501,14
502,18
503,25
504,15
505,14
506,12
507,24
508,14
509,24
510,20
511,21
512,22
513,9
514,10
515,12
516,25
517,14
518,10
519,16
520,20
521,10
522,15
523,29
524,20
525,10
526,8
527,25
528,25
529,10
530,30
531,9
532,14
533,20
534,14
535,25
536,7
537,33
538,27
539,30
540,10
541,10
542,25
543,15
544,10
545,8
546,12
547,15
548,12
549,5
550,10
551,20
552,14
553,15
554,10
555,25
556,10
557,14
558,22
559,12
560,25
561,10
562,15
563,14
564,15
565,25
566,14
567,15
568,25
569,25
570,14
571,14
572,15
573,10
574,10
575,33
576,10
577,10
578,10
579,14
580,50
581,24
582,10
583,16
584,16
585,25
586,11
587,25
588,25
589,10
590,30
591,33
592,30
593,14
594,14
595,7
596,20
597,16
598,14
599,14
600,20
601,15
602,6
603,10
604,10
605,25
606,12
607,7
608,33
609,11
610,20
611,33
612,20
613,25
614,14
615,14
616,10
617,22
618,20
619,10
620,16
621,7
622,25
623,25
624,15
625,15
626,10
627,20
628,25
629,25
630,12
631,10
632,10
633,9
634,16
635,10
636,30
637,9
638,20
639,11
640,10
641,10
642,33
643,10
644,30
645,14
646,11
647,12
648,25
649,25
650,25
651,13
652,10
653,14
654,10
655,16
656,7
657,12
658,14
659,14
660,10
661,9
662,16
663,12
664,11
665,33
666,23
667,20
668,20
669,30
670,25
671,15
672,15
673,7
674,10
675,14
676,16
677,8
678,25
679,10
680,10
681,25
682,12
683,30
684,14
685,15
686,18
687,10
688,13
689,10
690,8
691,10
692,25
693,13
694,20
695,25
696,30
697,20
698,14
699,14
700,25
701,7
702,15
703,25
704,10
705,16
706,11
707,7
708,20
709,10
710,15
711,15
712,33
713,10
714,14
715,14
716,14
717,20
718,10
719,10
720,16
721,25
722,25
723,16
724,10
725,25
726,10
727,10
728,10
729,16
730,20
731,6
732,25
733,25
734,12
735,25
736,14
737,10
738,9
739,25
740,10
741,16
742,16
743,6
744,10
745,15
746,10
747,7
748,15
749,25
750,10
751,20
752,10
753,10
754,33
755,25
756,10
757,12
758,14
759,20
760,8
761,10
762,10
763,10
764,10
765,6
766,14
767,25
768,14
769,25
770,20
771,20
772,20
773,16
774,25
775,25
776,8
777,5
778,14
779,25
780,20
781,10
782,10
783,25
784,15
785,14
786,15
787,7
788,15
789,25
790,10
791,14
792,25
793,15
794,20
795,14
796,20
797,15
798,10
799,10
800,20
801,10
802,10
803,14
804,25
805,25
806,15
807,24
808,15
809,14
810,10
811,12
812,16
813,14
814,15
815,11
816,14
817,15
818,14
819,11
820,14
821,7
822,20
823,25
824,20
825,14
826,23
827,15
828,12
829,10
830,10
831,10
832,15
833,23
834,15
835,14
836,10
837,20
838,12
839,25
840,14
841,11
842,14
843,7
844,7
845,20
846,10
847,19
848,10
849,6
850,20
851,12
852,10
853,12
854,10
855,30
856,12
857,25
858,15
859,5
860,10
861,15
862,15
863,13
864,15
865,10
866,10
867,23
868,10
869,18
870,10
871,50
872,20
873,11
874,10
875,10
876,20
877,25
878,16
879,25
880,12
881,10
882,6
883,10
884,4
885,10
886,25
887,10
888,25
889,25
890,8
891,14
892,23
893,20
894,14
895,12
896,10
897,25
898,25
899,30
900,25
901,12
902,10
903,23
904,10
905,10
906,14
907,33
908,25
909,33
910,25
911,10
912,25
913,11
914,25
915,25
916,25
917,10
918,14
919,11
920,10
921,24
922,14
923,10
924,14
925,12
926,8
927,30
928,20
929,10
930,20
931,10
932,8
933,10
934,20
935,10
936,20
937,10
938,10
939,14
940,25
941,33
942,15
943,25
944,10
945,6
946,10
947,10
948,10
949,16
950,10
951,20
952,10
953,15
954,20
955,24
956,26
957,25
958,10
959,20
960,15
961,25
962,10
963,25
964,10
965,15
966,10
967,15
968,10
969,14
970,24
971,25
972,16
973,15
974,24
975,5
976,10
977,24
978,10
979,20
980,22
981,10
982,11
983,25
984,25
985,14
986,10
987,20
988,15
989,24
990,25
991,14
992,15
993,11
994,33
995,20
996,14
997,14
998,23
999,25
1000,25
1001,9
1002,14
1003,14
1004,10
1005,14
1006,14
1007,25
1008,10
1009,12
1010,10
1011,10
1012,30
1013,16
1014,11
1015,20
1016,14
1017,20
1018,10
1019,14
1020,25
1021,25
1022,33
1023,20
1024,10
1025,15
1026,14
1027,10
1028,15
1029,33
1030,14
1031,12
1032,10
1033,10
1034,10
1035,22
1036,25
1037,15
1038,25
1039,14
1040,16
1041,16
1042,10
1043,15
1044,12
1045,25
1046,11
1047,10
1048,20
1049,30
1050,10
1051,25
1052,11
1053,25
1054,25
1055,25
1056,20
1057,7
1058,20
1059,21
1060,11
1061,50
1062,20
1063,10
1064,30
1065,15
1066,16
1067,15
1068,14
1069,25
1070,25
1071,15
1072,14
1073,14
1074,10
1075,11
1076,10
1077,33
1078,14
1079,10
1080,10
1081,20
1082,12
1083,30
1084,6
1085,14
1086,14
1087,14
1088,15
1089,10
1090,25
1091,14
1092,6
1093,10
1094,10
1095,20
1096,10
1097,29
1098,20
1099,10
1100,10
1101,14
1102,20
1103,50
1104,10
1105,10
1106,20
1107,25
1108,14
1109,20
1110,14
1111,33
1112,33
1113,24
1114,14
1115,25
1116,21
1117,25
1118,20
1119,15
1120,15
1121,16
1122,12
1123,4
1124,24
1125,10
1126,25
1127,14
1128,14
1129,14
1130,20
1131,11
1132,25
1133,10
1134,14
1135,20
1136,25
1137,15
1138,25
1139,15
1140,14
1141,16
1142,15
1143,12
1144,20
1145,14
1146,10
1147,25
1148,9
1149,25
1150,25
1151,10
1152,12
1153,15
1154,25
1155,14
1156,16
1157,12
1158,20
1159,7
1160,10
1161,15
1162,10
1163,8
1164,25
1165,10
1166,14
1167,10
1168,16
1169,10
1170,15
1171,25
1172,12
1173,10
1174,10
1175,14
1176,6
1177,50
1178,7
1179,14
1180,16
1181,10
1182,16
1183,15
1184,16
1185,8
1186,14
1187,15
1188,10
1189,33
1190,15
1191,14
1192,10
1193,11
1194,10
1195,22
1196,16
1197,10
1198,20
1199,10
1200,14
1201,10
1202,25
1203,8
1204,10
1205,15
1206,10
1207,15
1208,20
1209,10
1210,10
1211,15
1212,15
1213,21
1214,16
1215,10
1216,25
1217,25
1218,25
1219,15
1220,10
1221,25
1222,10
1223,22
1224,7
1225,14
1226,10
1227,11
1228,16
1229,25
1230,10
1231,25
1232,10
1233,20
1234,14
1235,5
1236,10
1237,25
1238,33
1239,10
1240,10
1241,8
1242,14
1243,20
1244,15
1245,25
1246,25
1247,12
1248,14
1249,14
1250,33
1251,14
1252,10
1253,25
1254,25
1255,6
1256,25
1257,20
1258,10
1259,15
1260,12
1261,15
1262,25
1263,11
1264,25
1265,15
1266,14
1267,15
1268,8
1269,22
1270,25
1271,9
1272,24
1273,20
1274,10
1275,15
1276,14
1277,20
1278,10
1279,24
1280,10
1281,14
1282,14
1283,22
1284,15
1285,24
1286,20
1287,20
1288,20
1289,20
1290,8
1291,11
1292,10
1293,14
1294,25
1295,10
1296,20
1297,10
1298,22
1299,12
1300,15
1301,20
1302,15
1303,25
1304,20
1305,10
1306,31
1307,12
1308,25
1309,8
1310,15
1311,25
1312,23
1313,20
1314,33
1315,10
1316,30
1317,30
1318,10
1319,10
1320,16
1321,25
1322,25
1323,10
1324,7
1325,30
1326,19
1327,23
1328,25
1329,30
1330,25
1331,30
1332,33
1333,11
1334,20
1335,15
1336,10
1337,8
1338,15
1339,10
1340,11
1341,9
1342,10
1343,25
1344,12
1345,15
1346,10
1347,25
1348,24
1349,10
1350,14
1351,25
1352,23
1353,7
1354,20
1355,14
1356,10
1357,15
1358,30
1359,14
1360,10
1361,15
1362,10
1363,33
1364,7
1365,10
1366,11
1367,10
1368,10
1369,9
1370,14
1371,25
1372,10
1373,14
1374,25
1375,25
1376,20
1377,14
1378,10
1379,10
1380,8
1381,12
1382,10
1383,14
1384,15
1385,8
1386,12
1387,12
1388,20
1389,14
1390,25
1391,25
1392,15
1393,11
1394,25
1395,14
1396,10
1397,15
1398,10
1399,25
1400,20
1401,30
1402,12
1403,7
1404,33
1405,20
1406,25
1407,16
1408,10
1409,10
1410,33
1411,14
1412,25
1413,25
1414,20
1415,10
1416,10
1417,9
1418,25
1419,15
1420,14
1421,30
1422,25
1423,16
1424,27
1425,10
1426,10
1427,15
1428,6
1429,15
1430,7
1431,5
1432,13
1433,10
1434,10
1435,20
1436,5
1437,25
1438,14
1439,7
1440,25
1441,20
1442,33
1443,10
1444,30
1445,14
1446,25
1447,8
1448,25
1449,15
1450,10
1451,10
1452,14
1453,25
1454,25
1455,7
1456,12
1457,25
1458,25
1459,16
1460,7
1461,10
1462,16
1463,22
1464,6
1465,15
1466,10
1467,20
1468,14
1469,12
1470,10
1471,25
1472,16
1473,10
1474,25
1475,11
1476,20
1477,12
1478,25
1479,28
1480,25
1481,10
1482,25
1483,33
1484,25
1485,8
1486,15
1487,9
1488,15
1489,16
1490,15
1491,10
1492,15
1493,12
1494,30
1495,7
1496,33
1497,10
1498,10
1499,10
1500,25
1501,25
1502,7
1503,25
1504,13
1505,10
1506,20
1507,14
1508,33
1509,14
1510,12
1511,10
1512,14
1513,10
1514,5
1515,14
1516,16
1517,25
1518,14
1519,20
1520,25
1521,15
1522,16
1523,25
1524,14
1525,10
1526,10
1527,10
1528,12
1529,20
1530,16
1531,20
1532,20
1533,14
1534,10
1535,12
1536,14
1537,25
1538,12
1539,22
1540,10
1541,10
1542,15
1543,25
1544,25
1545,10
1546,7
1547,14
1548,9
1549,15
1550,12
1551,14
1552,10
1553,13
1554,33
1555,10
1556,22
1557,10
1558,25
1559,15
1560,12
1561,25
1562,11
1563,8
1564,14
1565,9
1566,25
1567,14
1568,4
1569,24
1570,16
1571,30
1572,15
1573,20
1574,24
1575,24
1576,14
1577,10
1578,33
1579,10
1580,25
1581,20
1582,19
1583,10
1584,15
1585,30
1586,25
1587,25
1588,33
1589,30
1590,14
1591,25
1592,14
1593,15
1594,20
1595,20
1596,20
1597,10
1598,11
1599,10
1600,8
1601,10
1602,25
1603,14
1604,30
1605,12
1606,10
1607,14
1608,20
1609,10
1610,25
1611,14
1612,6
1613,10
1614,10
1615,22
1616,10
1617,14
1618,10
1619,11
1620,20
1621,25
1622,15
1623,24
1624,15
1625,14
1626,25
1627,9
1628,8
1629,15
1630,20
1631,14
1632,10
1633,33
1634,25
1635,25
1636,16
1637,10
1638,24
1639,10
1640,10
1641,25
1642,10
1643,10
1644,11
1645,7
1646,14
1647,16
1648,33
1649,20
1650,25
1651,25
1652,25
1653,12
1654,15
1655,16
1656,10
1657,15
1658,8
1659,10
1660,10
1661,33
1662,33
1663,25
1664,10
1665,20
1666,25
1667,33
1668,8
1669,15
1670,14
1671,25
1672,10
1673,10
1674,25
1675,12
1676,12
1677,10
1678,30
1679,7
1680,5
1681,8
1682,16
1683,20
1684,12
1685,15
1686,10
1687,25
1688,12
1689,11
1690,20
1691,30
1692,8
1693,10
1694,33
1695,12
1696,20
1697,25
1698,33
1699,14
1700,14
1701,9
1702,10
1703,10
1704,16
1705,14
1706,5
1707,15
1708,25
1709,12
1710,10
1711,16
1712,15
1713,30
1714,10
1715,24
1716,16
1717,33
1718,10
1719,10
1720,33
1721,20
1722,25
1723,24
1724,15
1725,33
1726,30
1727,10
1728,16
1729,15
1730,25
1731,6
1732,30
1733,33
1734,14
1735,10
1736,10
1737,14
1738,10
1739,25
1740,25
1741,16
1742,14
1743,8
1744,10
1745,15
1746,2
1747,25
1748,7
1749,14
1750,10
1751,25
1752,33
1753,20
1754,20
1755,25
1756,15
1757,10
1758,14
1759,25
1760,14
1761,16
1762,15
1763,11
1764,9
1765,8
1766,25
1767,25
1768,14
1769,10
1770,9
1771,50
1772,10
1773,30
1774,10
1775,25
1776,12
1777,25
1778,25
1779,15
1780,14
1781,6
1782,14
1783,17
1784,16
1785,14
1786,14
1787,25
1788,25
1789,14
1790,12
1791,33
1792,25
1793,25
1794,25
1795,14
1796,15
1797,10
1798,14
1799,6
1800,7
1801,25
1802,14
1803,5
1804,15
1805,15
1806,14
1807,24
1808,14
1809,25
1810,10
1811,11
1812,100
1813,12
1814,10
1815,10
1816,6
1817,33
1818,10
1819,33
1820,10
1821,10
1822,14
1823,11
1824,6
1825,10
1826,10
1827,16
1828,15
1829,16
1830,14
1831,25
1832,10
1833,14
1834,25
1835,33
1836,20
1837,12
1838,15
1839,25
1840,10
1841,9
1842,30
1843,11
1844,10
1845,20
1846,23
1847,19
1848,25
1849,10
1850,14
1851,14
1852,15
1853,14
1854,33
1855,8
1856,15
1857,12
1858,10
1859,7
1860,16
1861,20
1862,10
1863,25
1864,11
1865,25
1866,20
1867,15
1868,10
1869,10
1870,6
1871,20
1872,14
1873,14
1874,11
1875,10
1876,20
1877,10
1878,25
1879,10
1880,10
1881,14
1882,9
1883,10
1884,14
1885,14
1886,10
1887,23
1888,21
1889,25
1890,25
1891,15
1892,25
1893,20
1894,8
1895,25
1896,33
1897,25
1898,9
1899,33
1900,20
1901,5
1902,33
1903,8
1904,7
1905,15
1906,33
1907,16
1908,16
1909,15
1910,10
1911,14
1912,25
1913,10
1914,10
1915,14
1916,12
1917,10
1918,20
1919,15
1920,15
1921,25
1922,10
1923,12
1924,8
1925,10
1926,20
1927,10
1928,8
1929,25
1930,10
1931,14
1932,14
1933,15
1934,7
1935,23
1936,5
1937,25
1938,10
1939,25
1940,33
1941,10
1942,20
1943,11
1944,14
1945,20
1946,6
1947,10
1948,12
1949,12
1950,14
1951,15
1952,12
1953,33
1954,25
1955,33
1956,33
1957,25
1958,10
1959,25
1960,14
1961,25
1962,10
1963,10
1964,15
1965,14
1966,25
1967,14
1968,10
1969,30
1970,20
1971,10
1972,25
1973,10
1974,12
1975,14
1976,14
1977,25
1978,16
1979,14
1980,10
1981,25
1982,30
1983,10
1984,25
1985,6
1986,30
1987,15
1988,25
1989,8
1990,10
1991,25
1992,20
1993,16
1994,14
1995,8
1996,25
1997,20
1998,10
1999,10
2000,10
2001,14
2002,25
2003,9
2004,33
2005,10
2006,50
2007,7
2008,10
2009,12
2010,13
2011,10
2012,20
2013,25
2014,14
2015,14
2016,16
2017,24
2018,25
2019,11
2020,6
2021,7
2022,10
2023,50
2024,24
2025,14
2026,5
2027,15
2028,15
2029,25
2030,20
2031,15
2032,7
2033,7
2034,14
2035,15
2036,10
2037,10
2038,25
2039,33
2040,14
2041,16
2042,8
2043,15
2044,33
2045,14
2046,25
2047,10
2048,10
2049,12
2050,7
2051,25
2052,10
2053,20
2054,10
2055,10
2056,10
2057,14
2058,10
2059,20
2060,14
2061,5
2062,15
2063,14
2064,16
2065,10
2066,14
2067,16
2068,10
2069,10
2070,10
2071,10
2072,33
2073,11
2074,15
2075,6
2076,14
2077,25
2078,10
2079,10
2080,11
2081,15
2082,20
2083,14
2084,15
2085,10
2086,25
2087,16
2088,15
2089,14
2090,10
2091,16
2092,25
2093,8
2094,8
2095,9
2096,23
2097,8
2098,12
2099,14
2100,10
2101,20
2102,15
2103,11
2104,10
2105,10
2106,14
2107,10
2108,33
2109,5
2110,10
2111,14
2112,9
2113,30
2114,20
2115,20
2116,14
2117,25
2118,15
2119,10
2120,22
2121,10
2122,30
2123,10
2124,25
2125,30
2126,33
2127,25
2128,20
2129,33
2130,12
2131,10
2132,11
2133,25
2134,10
2135,10
2136,10
2137,10
2138,16
2139,10
2140,15
2141,14
2142,25
2143,16
2144,10
2145,22
2146,10
2147,14
2148,12
2149,10
2150,23
2151,25
2152,10
2153,8
2154,14
2155,10
2156,8
2157,10
2158,14
2159,33
2160,15
2161,15
2162,6
2163,25
2164,25
2165,11
2166,12
2167,7
2168,25
2169,14
2170,25
2171,10
2172,14
2173,10
2174,33
2175,8
2176,30
2177,14
2178,10
2179,14
2180,27
2181,10
2182,14
2183,10
2184,5
2185,30
2186,25
2187,25
2188,25
2189,20
2190,16
2191,16
2192,9
2193,20
2194,10
2195,14
2196,12
2197,25
2198,25
2199,15
2200,20
2201,10
2202,10
2203,10
2204,33
2205,12
2206,10
2207,25
2208,25
2209,25
2210,10
2211,15
2212,12
2213,33
2214,7
2215,25
2216,16
2217,15
2218,25
2219,9
2220,14
2221,10
2222,6
2223,10
2224,16
2225,24
2226,7
2227,11
2228,14
2229,12
2230,20
2231,10
2232,8
2233,25
2234,16
2235,8
2236,12
2237,12
2238,14
2239,17
2240,12
2241,7
2242,14
2243,25
2244,10
2245,10
2246,7
2247,25
2248,10
2249,25
2250,25
2251,25
2252,10
2253,33
2254,7
2255,20
2256,20
2257,25
2258,14
2259,15
2260,30
2261,11
2262,10
2263,24
2264,25
2265,25
2266,25
2267,5
2268,2
2269,20
2270,6
2271,25
2272,33
2273,10
2274,25
2275,25
2276,5
2277,10
2278,8
2279,5
2280,12
2281,10
2282,9
2283,25
2284,8
2285,25
2286,10
2287,14
2288,14
2289,25
2290,14
2291,10
2292,25
2293,25
2294,7
2295,14
2296,14
2297,20
2298,20
2299,10
2300,10
2301,33
2302,12
2303,16
2304,10
2305,25
2306,8
2307,15
2308,10
2309,25
2310,10
2311,25
2312,11
2313,50
2314,33
2315,10
2316,11
2317,11
2318,10
2319,10
2320,14
2321,20
2322,14
2323,10
2324,16
2325,14
2326,25
2327,10
2328,25
2329,25
2330,16
2331,10
2332,25
2333,10
2334,25
2335,14
2336,20
2337,12
2338,20
2339,14
2340,14
2341,30
2342,20
2343,30
2344,15
2345,14
2346,10
2347,8
2348,15
2349,14
2350,16
2351,15
2352,15
2353,14
2354,14
2355,10
2356,25
2357,10
2358,16
2359,33
2360,14
2361,25
2362,7
2363,10
2364,25
2365,11
2366,25
2367,25
2368,10
2369,5
2370,12
2371,20
2372,25
2373,25
2374,11
2375,25
2376,7
2377,9
2378,20
2379,15
2380,14
2381,10
2382,25
2383,16
2384,20
2385,20
2386,7
2387,11
2388,7
2389,14
2390,12
2391,14
2392,15
2393,20
2394,10
2395,10
2396,14
2397,14
2398,10
2399,25
2400,15
2401,10
2402,10
2403,25
2404,25
2405,25
2406,16
2407,15
2408,25
2409,10
2410,10
2411,11
2412,5
2413,7
2414,10
2415,20
2416,20
2417,25
2418,10
2419,25
2420,33
2421,23
2422,10
2423,20
2424,33
2425,25
2426,25
2427,29
2428,10
2429,10
2430,10
2431,20
2432,10
2433,10
2434,14
2435,14
2436,50
2437,16
2438,25
2439,10
2440,12
2441,33
2442,11
2443,8
2444,25
2445,14
2446,15
2447,16
2448,8
2449,20
2450,33
2451,14
2452,25
2453,25
2454,20
2455,25
2456,11
2457,10
2458,33
2459,10
2460,11
2461,14
2462,9
2463,25
2464,20
2465,12
2466,33
2467,9
2468,10
2469,14
2470,10
2471,16
2472,7
2473,25
2474,25
2475,33
2476,15
2477,6
2478,10
2479,10
2480,8
2481,15
2482,14
2483,25
2484,25
2485,15
2486,15
2487,13
2488,7
2489,16
2490,33
2491,15
2492,6
2493,100
2494,14
2495,16
2496,10
2497,27
2498,10
2499,10
2500,16
2501,30
2502,11
2503,16
2504,8
2505,25
2506,25
2507,14
2508,10
2509,10
2510,30
2511,10
2512,14
2513,30
2514,33
2515,25
2516,8
2517,20
2518,7
2519,29
2520,10
2521,6
2522,25
2523,10
2524,25
2525,10
2526,25
2527,10
2528,12
2529,33
2530,25
2531,14
2532,10
2533,10
2534,24
2535,10
2536,10
2537,20
2538,20
2539,10
2540,14
2541,15
2542,10
2543,20
2544,14
2545,12
2546,25
2547,12
2548,25
2549,16
2550,14
2551,15
2552,33
2553,12
2554,20
2555,15
2556,10
2557,14
2558,14
2559,10
2560,10
2561,30
2562,10
2563,25
2564,33
2565,10
2566,15
2567,15
2568,15
2569,10
2570,10
2571,16
2572,15
2573,25
2574,33
2575,15
2576,14
2577,25
2578,8
2579,30
2580,10
2581,11
2582,24
2583,15
2584,20
2585,14
2586,25
2587,33
2588,6
2589,16
2590,9
2591,30
2592,16
2593,5
2594,26
2595,14
2596,15
2597,20
2598,15
2599,14
2600,10
2601,33
2602,10
2603,33
2604,33
2605,7
2606,10
2607,25
2608,24
2609,10
2610,33
2611,25
2612,8
2613,20
2614,10
2615,10
2616,10
2617,10
2618,15
2619,15
2620,9
2621,10
2622,12
2623,20
2624,25
2625,25
2626,14
2627,7
2628,25
2629,25
2630,25
2631,15
2632,8
2633,12
2634,14
2635,10
2636,12
2637,16
2638,14
2639,31
2640,11
2641,20
2642,10
2643,25
2644,25
2645,14
2646,13
2647,10
2648,25
2649,20
2650,16
2651,10
2652,20
2653,20
2654,33
2655,14
2656,15
2657,20
2658,12
2659,7
2660,10
2661,8
2662,10
2663,30
2664,30
2665,10
2666,10
2667,10
2668,15
2669,11
2670,16
2671,25
2672,20
2673,12
2674,15
2675,20
2676,25
2677,10
2678,14
2679,9
2680,25
2681,25
2682,15
2683,7
2684,14
2685,7
2686,10
2687,20
2688,25
2689,10
2690,20
2691,25
2692,25
2693,25
2694,16
2695,25
2696,10
2697,10
2698,16
2699,15
2700,15
2701,13
2702,14
2703,10
2704,12
2705,14
2706,10
2707,14
2708,15
2709,24
2710,12
2711,15
2712,10
2713,25
2714,6
2715,7
2716,25
2717,33
2718,25
2719,12
2720,33
2721,10
2722,24
2723,16
2724,50
2725,10
2726,12
2727,16
2728,30
2729,10
2730,25
2731,20
2732,14
2733,30
2734,6
2735,10
2736,25
2737,22
2738,15
2739,10
2740,14
2741,20
2742,10
2743,10
2744,15
2745,11
2746,5
2747,15
2748,10
2749,14
2750,8
2751,8
2752,33
2753,8
2754,10
2755,20
2756,14
2757,25
2758,7
2759,20
2760,10
2761,10
2762,15
2763,20
2764,5
2765,25
2766,10
2767,16
2768,10
2769,25
2770,20
2771,25
2772,15
2773,16
2774,16
2775,16
2776,12
2777,11
2778,25
2779,10
2780,7
2781,25
2782,10
2783,12
2784,10
2785,15
2786,22
2787,10
2788,14
2789,10
2790,10
2791,20
2792,8
2793,10
2794,9
2795,15
2796,11
2797,10
2798,25
2799,10
2800,10
2801,14
2802,14
2803,10
2804,20
2805,25
2806,20
2807,10
2808,7
2809,16
2810,20
2811,25
2812,10
2813,10
2814,33
2815,25
2816,16
2817,20
2818,20
2819,33
2820,10
2821,10
2822,25
2823,9
2824,5
2825,25
2826,16
2827,14
2828,12
2829,12
2830,15
2831,10
2832,25
2833,10
2834,10
2835,16
2836,10
2837,10
2838,14
2839,10
2840,8
2841,15
2842,6
2843,15
2844,14
2845,16
2846,20
2847,33
2848,10
2849,14
2850,12
2851,25
2852,25
2853,25
2854,16
2855,11
2856,20
2857,14
2858,10
2859,10
2860,10
2861,13
2862,10
2863,6
2864,30
2865,7
2866,15
2867,10
2868,25
2869,10
2870,10
2871,12
2872,15
2873,10
2874,14
2875,16
2876,15
2877,10
2878,20
2879,16
2880,10
2881,14
2882,24
2883,16
2884,15
2885,25
2886,7
2887,15
2888,25
2889,20
2890,14
2891,14
2892,14
2893,25
2894,15
2895,25
2896,14
2897,9
2898,30
2899,29
2900,10
2901,10
2902,25
2903,16
2904,12
2905,25
2906,30
2907,25
2908,30
2909,25
2910,25
2911,10
2912,25
2913,10
2914,10
2915,20
2916,10
2917,10
2918,10
2919,14
2920,10
2921,14
2922,33
2923,25
2924,15
2925,20
2926,30
2927,10
2928,10
2929,10
2930,12
2931,15
2932,16
2933,25
2934,15
2935,15
2936,10
2937,10
2938,14
2939,7
2940,25
2941,14
2942,5
2943,14
2944,15
2945,33
2946,25
2947,33
2948,30
2949,14
2950,14
2951,20
2952,16
2953,15
2954,7
2955,14
2956,9
2957,12
2958,10
2959,14
2960,20
2961,33
2962,10
2963,10
2964,25
2965,12
2966,25
2967,10
2968,25
2969,25
2970,16
2971,25
2972,20
2973,10
2974,20
2975,23
2976,25
2977,20
2978,20
2979,10
2980,10
2981,25
2982,8
2983,7
2984,25
2985,10
2986,25
2987,15
2988,20
2989,20
2990,10
2991,20
2992,25
2993,15
2994,25
2995,14
2996,10
2997,10
2998,5
2999,14
3000,10
3001,10
3002,10
3003,10
3004,10
3005,10
3006,14
3007,16
3008,13
3009,9
3010,10
3011,24
3012,10
3013,10
3014,25
3015,25
3016,12
3017,25
3018,15
3019,19
3020,14
3021,15
3022,10
3023,30
3024,25
3025,15
3026,16
3027,16
3028,10
3029,12
3030,20
3031,20
3032,25
3033,25
3034,24
3035,16
3036,33
3037,7
3038,25
3039,5
3040,10
3041,20
3042,20
3043,16
3044,7
3045,12
3046,10
3047,30
3048,6
3049,14
3050,5
3051,16
3052,12
3053,20
3054,12
3055,11
3056,16
3057,25
3058,6
3059,12
3060,6
3061,10
3062,20
3063,10
3064,20
3065,25
3066,33
3067,25
3068,25
3069,15
3070,6
3071,12
3072,15
3073,14
3074,10
3075,10
3076,30
3077,24
3078,17
3079,20
3080,10
3081,10
3082,24
3083,25
3084,21
3085,15
3086,15
3087,6
3088,25
3089,12
3090,25
3091,9
3092,12
3093,10
3094,25
3095,10
3096,10
3097,20
3098,20
3099,8
3100,10
3101,10
3102,10
3103,16
3104,15
3105,7
3106,10
3107,20
3108,10
3109,25
3110,25
3111,15
3112,7
3113,10
3114,25
3115,10
3116,25
3117,25
3118,20
3119,7
3120,10
3121,10
3122,20
3123,14
3124,10
3125,15
3126,12
3127,15
3128,16
3129,25
3130,25
3131,16
3132,23
3133,10
3134,8
3135,25
3136,20
3137,10
3138,25
3139,10
3140,25
3141,30
3142,20
3143,15
3144,7
3145,19
3146,10
3147,25
3148,12
3149,25
3150,10
3151,17
3152,10
3153,33
3154,14
3155,25
3156,12
3157,10
3158,25
3159,25
3160,15
3161,11
3162,10
3163,12
3164,25
3165,14
3166,7
3167,6
3168,14
3169,25
3170,5
3171,14
3172,7
3173,10
3174,24
3175,12
3176,10
3177,11
3178,20
3179,12
3180,33
3181,10
3182,10
3183,25
3184,10
3185,33
3186,12
3187,9
3188,15
3189,25
3190,10
3191,12
3192,25
3193,25
3194,14
3195,6
3196,10
3197,25
3198,7
3199,12
3200,20
3201,15
3202,14
3203,7
3204,20
3205,25
3206,30
3207,100
3208,30
3209,25
3210,10
3211,12
3212,16
3213,14
3214,14
3215,14
3216,16
3217,8
3218,21
3219,10
3220,6
3221,10
3222,10
3223,14
3224,12
3225,14
3226,9
3227,21
3228,23
3229,14
3230,10
3231,5
3232,14
3233,14
3234,20
3235,25
3236,6
3237,6
3238,5
3239,10
3240,25
3241,10
3242,12
3243,10
3244,16
3245,12
3246,30
3247,25
3248,20
3249,14
3250,24
3251,10
3252,10
3253,15
3254,15
3255,14
3256,12
3257,6
3258,10
3259,10
3260,25
3261,16
3262,33
3263,10
3264,10
3265,5
3266,25
3267,25
3268,33
3269,14
3270,10
3271,20
3272,12
3273,10
3274,12
3275,15
3276,25
3277,15
3278,25
3279,10
3280,15
3281,10
3282,14
3283,14
3284,33
3285,10
3286,25
3287,14
3288,30
3289,16
3290,25
3291,14
3292,10
3293,25
3294,16
3295,10
3296,10
3297,25
3298,25
3299,16
3300,15
3301,15
3302,10
3303,15
3304,5
3305,16
3306,3
3307,33
3308,10
3309,16
3310,10
3311,14
3312,25
3313,25
3314,10
3315,15
3316,10
3317,25
3318,25
3319,20
3320,15
3321,14
3322,22
3323,12
3324,12
3325,33
3326,25
3327,10
3328,32
3329,7
3330,10
3331,24
3332,25
3333,10
3334,8
3335,12
3336,20
3337,10
3338,10
3339,11
3340,14
3341,25
3342,10
3343,14
3344,14
3345,33
3346,14
3347,16
3348,25
3349,11
3350,10
3351,10
3352,10
3353,25
3354,25
3355,11
3356,10
3357,12
3358,15
3359,16
3360,10
3361,7
3362,8
3363,8
3364,10
3365,14
3366,12
3367,10
3368,10
3369,17
3370,15
3371,25
3372,8
3373,8
3374,25
3375,10
3376,33
3377,20
3378,16
3379,21
3380,25
3381,20
3382,25
3383,10
3384,15
3385,14
3386,20
3387,10
3388,20
3389,12
3390,16
3391,10
3392,10
3393,14
3394,25
3395,25
3396,12
3397,25
3398,25
3399,16
3400,10
3401,6
3402,14
3403,20
3404,10
3405,33
3406,14
3407,25
3408,50
3409,14
3410,25
3411,21
3412,10
3413,25
3414,15
3415,6
3416,8
3417,23
3418,9
3419,6
3420,20
3421,15
3422,25
3423,5
3424,10
3425,15
3426,25
3427,10
3428,16
3429,14
3430,10
3431,25
3432,10
3433,16
3434,30
3435,19
3436,33
3437,5
3438,25
3439,10
3440,16
3441,5
3442,10
3443,10
3444,10
3445,7
3446,12
3447,6
3448,25
3449,25
3450,25
3451,25
3452,15
3453,10
3454,10
3455,26
3456,15
3457,6
3458,10
3459,11
3460,25
3461,6
3462,25
3463,33
3464,16
3465,25
3466,10
3467,5
3468,10
3469,20
3470,25
3471,20
3472,8
3473,10
3474,10
3475,5
3476,30
3477,25
3478,10
3479,25
3480,14
3481,16
3482,10
3483,16
3484,25
3485,8
3486,20
3487,25
3488,25
3489,16
3490,25
3491,33
3492,25
3493,20
3494,15
3495,8
3496,5
3497,25
3498,10
3499,10
3500,9
3501,14
3502,15
3503,11
3504,12
3505,14
3506,14
3507,10
3508,8
3509,29
3510,14
3511,10
3512,10
3513,10
3514,12
3515,8
3516,14
3517,7
3518,20
3519,33
3520,12
3521,25
3522,10
3523,6
3524,10
3525,10
3526,14
3527,10
3528,10
3529,16
3530,16
3531,50
3532,14
3533,10
3534,25
3535,10
3536,10
3537,15
3538,12
3539,16
3540,22
3541,11
3542,10
3543,25
3544,14
3545,12
3546,15
3547,10
3548,10
3549,11
3550,10
3551,16
3552,25
3553,11
3554,25
3555,15
3556,12
3557,12
3558,25
3559,15
3560,16
3561,12
3562,10
3563,30
3564,10
3565,12
3566,25
3567,14
3568,25
3569,10
3570,15
3571,10
3572,23
3573,25
3574,16
3575,15
3576,33
3577,14
3578,15
3579,10
3580,25
3581,8
3582,15
3583,11
3584,33
3585,7
3586,15
3587,14
3588,33
3589,7
3590,25
3591,16
3592,25
3593,14
3594,33
3595,25
3596,25
3597,25
3598,7
3599,14
3600,10
3601,15
3602,25
3603,10
3604,10
3605,25
3606,29
3607,10
3608,12
3609,30
3610,6
3611,17
3612,10
3613,10
3614,7
3615,8
3616,11
3617,20
3618,14
3619,10
3620,20
3621,14
3622,10
3623,10
3624,8
3625,8
3626,10
3627,25
3628,7
3629,24
3630,10
3631,10
3632,16
3633,10
3634,10
3635,25
3636,10
3637,25
3638,15
3639,25
3640,20
3641,33
3642,20
3643,5
3644,10
3645,14
3646,7
3647,12
3648,25
3649,14
3650,10
3651,6
3652,19
3653,9
3654,25
3655,10
3656,16
3657,24
3658,12
3659,30
3660,6
3661,25
3662,10
3663,9
3664,20
3665,10
3666,25
3667,12
3668,14
3669,10
3670,15
3671,20
3672,15
3673,30
3674,14
3675,10
3676,11
3677,15
3678,14
3679,7
3680,10
3681,50
3682,10
3683,25
3684,16
3685,12
3686,14
3687,25
3688,16
3689,10
3690,14
3691,17
3692,25
3693,10
3694,20
3695,25
3696,10
3697,25
3698,24
3699,14
3700,25
3701,10
3702,8
3703,10
3704,14
3705,10
3706,14
3707,20
3708,16
3709,10
3710,22
3711,10
3712,25
3713,11
3714,50
3715,10
3716,25
3717,24
3718,25
3719,10
3720,30
3721,10
3722,25
3723,14
3724,28
3725,8
3726,9
3727,16
3728,30
3729,19
3730,8
3731,25
3732,20
3733,10
3734,10
3735,12
3736,15
3737,10
3738,10
3739,25
3740,25
3741,10
3742,14
3743,25
3744,15
3745,10
3746,12
3747,10
3748,22
3749,28
3750,10
3751,30
3752,9
3753,20
3754,16
3755,20
3756,15
3757,16
3758,20
3759,20
3760,15
3761,20
3762,10
3763,20
3764,25
3765,10
3766,20
3767,25
3768,12
3769,33
3770,10
3771,12
3772,15
3773,15
3774,12
3775,25
3776,7
3777,16
3778,10
3779,25
3780,25
3781,14
3782,9
3783,15
3784,7
3785,15
3786,16
3787,10
3788,33
3789,30
3790,22
3791,20
3792,25
3793,25
3794,25
3795,14
3796,10
3797,14
3798,25
3799,6
3800,5
3801,25
3802,8
3803,10
3804,12
3805,15
3806,5
3807,9
3808,15
3809,25
3810,15
3811,9
3812,10
3813,10
3814,25
3815,25
3816,15
3817,10
3818,14
3819,14
3820,11
3821,9
3822,10
3823,10
3824,33
3825,10
3826,25
3827,28
3828,23
3829,15
3830,10
3831,25
3832,33
3833,14
3834,25
3835,14
3836,14
3837,10
3838,14
3839,10
3840,20
3841,11
3842,10
3843,25
3844,11
3845,10
3846,14
3847,10
3848,11
3849,20
3850,15
3851,15
3852,10
3853,5
3854,20
3855,7
3856,30
3857,25
3858,10
3859,20
3860,23
3861,15
3862,12
3863,14
3864,14
3865,15
3866,7
3867,25
3868,14
3869,30
3870,14
3871,22
3872,25
3873,25
3874,16
3875,10
3876,10
3877,25
3878,10
3879,14
3880,25
3881,11
3882,10
3883,12
3884,10
3885,20
3886,10
3887,16
3888,12
3889,10
3890,15
3891,10
3892,25
3893,20
3894,10
3895,20
3896,7
3897,10
3898,14
3899,20
3900,15
3901,10
3902,10
3903,25
3904,10
3905,6
3906,25
3907,10
3908,25
3909,12
3910,8
3911,10
3912,14
3913,9
3914,25
3915,25
3916,12
3917,14
3918,33
3919,10
3920,23
3921,10
3922,14
3923,10
3924,25
3925,5
3926,7
3927,25
3928,8
3929,21
3930,25
3931,9
3932,25
3933,15
3934,10
3935,11
3936,10
3937,25
3938,20
3939,14
3940,20
3941,15
3942,33
3943,20
3944,10
3945,7
3946,25
3947,8
3948,30
3949,10
3950,12
3951,10
3952,10
3953,14
3954,24
3955,33
3956,25
3957,25
3958,25
3959,4
3960,10
3961,14
3962,11
3963,25
3964,13
3965,10
3966,12
3967,10
3968,16
3969,10
3970,10
3971,9
3972,10
3973,25
3974,5
3975,10
3976,10
3977,25
3978,6
3979,8
3980,9
3981,4
3982,16
3983,16
3984,7
3985,25
3986,15
3987,26
3988,20
3989,10
3990,14
3991,14
3992,25
3993,25
3994,14
3995,10
3996,10
3997,16
3998,10
3999,25
4000,10
4001,25
4002,6
4003,7
4004,16
4005,50
4006,25
4007,15
4008,15
4009,15
4010,10
4011,21
4012,10
4013,25
4014,10
4015,10
4016,6
4017,10
4018,15
4019,10
4020,10
4021,12
4022,25
4023,8
4024,25
4025,7
4026,25
4027,20
4028,12
4029,25
4030,20
4031,8
4032,8
4033,10
4034,10
4035,31
4036,10
4037,7
4038,16
4039,12
4040,20
4041,25
4042,15
4043,25
4044,20
4045,10
4046,10
4047,10
4048,5
4049,10
4050,15
4051,10
4052,8
4053,6
4054,10
4055,25
4056,8
4057,7
4058,25
4059,33
4060,10
4061,25
4062,15
4063,8
4064,10
4065,14
4066,14
4067,10
4068,25
4069,25
4070,7
4071,10
4072,14
4073,16
4074,25
4075,12
4076,8
4077,30
4078,6
4079,25
4080,15
4081,7
4082,10
4083,30
4084,10
4085,20
4086,25
4087,16
4088,14
4089,20
4090,25
4091,25
4092,25
4093,11
4094,20
4095,12
4096,15
4097,10
4098,16
4099,25
4100,14
4101,15
4102,10
4103,11
4104,10
4105,16
4106,10
4107,9
4108,9
4109,25
4110,10
4111,7
4112,21
4113,16
4114,10
4115,10
4116,8
4117,8
4118,12
4119,10
4120,14
4121,30
4122,33
4123,25
4124,30
4125,20
4126,25
4127,33
4128,10
4129,25
4130,12
4131,50
4132,10
4133,20
4134,7
4135,25
4136,25
4137,25
4138,10
4139,10
4140,25
4141,14
4142,15
4143,16
4144,25
4145,30
4146,10
4147,30
4148,30
4149,30
4150,30
4151,12
4152,25
4153,7
4154,19
4155,15
4156,7
4157,33
4158,25
4159,10
4160,15
4161,11
4162,33
4163,31
4164,16
4165,20
4166,10
4167,25
4168,29
4169,12
4170,10
4171,12
4172,6
4173,10
4174,14
4175,10
4176,10
4177,10
4178,10
4179,9
4180,7
4181,10
4182,10
4183,10
4184,14
4185,25
4186,11
4187,10
4188,10
4189,10
4190,7
4191,33
4192,10
4193,33
4194,14
4195,8
4196,10
4197,10
4198,11
4199,25
4200,27
4201,10
4202,25
4203,25
4204,25
4205,10
4206,10
4207,14
4208,14
4209,30
4210,9
4211,10
4212,10
4213,14
4214,15
4215,25
4216,14
4217,10
4218,25
4219,25
4220,8
4221,16
4222,14
4223,10
4224,15
4225,10
4226,10
4227,25
4228,12
4229,14
4230,10
4231,12
4232,10
4233,16
4234,11
4235,33
4236,10
4237,25
4238,10
4239,14
4240,33
4241,25
4242,10
4243,14
4244,10
4245,10
4246,25
4247,33
4248,10
4249,5
4250,10
4251,10
4252,5
4253,14
4254,16
4255,10
4256,5
4257,10
4258,10
4259,7
4260,20
4261,9
4262,25
4263,25
4264,25
4265,10
4266,6
4267,4
4268,10
4269,25
4270,12
4271,6
4272,11
4273,10
4274,20
4275,25
4276,9
4277,14
4278,10
4279,33
4280,25
4281,25
4282,7
4283,5
4284,25
4285,24
4286,12
4287,10
4288,25
4289,25
4290,25
4291,25
4292,25
4293,25
4294,25
4295,25
4296,15
4297,9
4298,25
4299,11
4300,10
4301,5
4302,10
4303,14
4304,10
4305,12
4306,25
4307,10
4308,25
4309,14
4310,14
4311,10
4312,10
4313,33
4314,14
4315,25
4316,16
4317,25
4318,15
4319,9
4320,10
4321,10
4322,25
4323,33
4324,7
4325,20
4326,10
4327,14
4328,10
4329,16
4330,16
4331,12
4332,33
4333,25
4334,25
4335,14
4336,10
4337,14
4338,25
4339,10
4340,14
4341,14
4342,16
4343,10
4344,33
4345,12
4346,8
4347,15
4348,10
4349,10
4350,30
4351,10
4352,20
4353,10
4354,10
4355,30
4356,25
4357,7
4358,7
4359,14
4360,25
4361,11
4362,10
4363,14
4364,10
4365,15
4366,25
4367,15
4368,12
4369,10
4370,11
4371,10
4372,15
4373,25
4374,20
4375,10
4376,25
4377,12
4378,20
4379,25
4380,22
4381,7
4382,23
4383,25
4384,15
4385,10
4386,10
4387,14
4388,16
4389,10
4390,20
4391,25
4392,10
4393,22
4394,10
4395,25
4396,25
4397,10
4398,14
4399,25
4400,15
4401,11
4402,25
4403,10
4404,16
4405,10
4406,14
4407,25
4408,25
4409,6
4410,14
4411,25
4412,10
4413,12
4414,10
4415,16
4416,12
4417,10
4418,6
4419,25
4420,25
4421,6
4422,14
4423,10
4424,10
4425,16
4426,8
4427,6
4428,8
4429,10
4430,16
4431,16
4432,25
4433,10
4434,16
4435,10
4436,20
4437,20
4438,14
4439,10
4440,10
4441,10
4442,9
4443,10
4444,10
4445,10
4446,25
4447,14
4448,15
4449,10
4450,11
4451,16
4452,8
4453,10
4454,14
4455,25
4456,11
4457,10
4458,10
4459,11
4460,25
4461,25
4462,30
4463,20
4464,10
4465,9
4466,9
4467,8
4468,10
4469,9
4470,12
4471,16
4472,14
4473,25
4474,10
4475,12
4476,20
4477,16
4478,16
4479,10
4480,7
4481,14
4482,33
4483,6
4484,10
4485,14
4486,25
4487,29
4488,33
4489,10
4490,7
4491,12
4492,10
4493,14
4494,10
4495,29
4496,12
4497,10
4498,12
4499,12
4500,10
4501,6
4502,6
4503,13
4504,12
4505,14
4506,25
4507,10
4508,10
4509,33
4510,12
4511,10
4512,25
4513,25
4514,8
4515,24
4516,20
4517,25
4518,20
4519,12
4520,25
4521,14
4522,25
4523,16
4524,25
4525,30
4526,15
4527,10
4528,7
4529,12
4530,9
4531,25
4532,10
4533,7
4534,10
4535,33
4536,8
4537,25
4538,25
4539,20
4540,10
4541,16
4542,25
4543,10
4544,16
4545,13
4546,29
4547,25
4548,10
4549,8
4550,12
4551,10
4552,16
4553,16
4554,16
4555,20
4556,30
4557,20
4558,33
4559,25
4560,12
4561,10
4562,16
4563,10
4564,10
4565,25
4566,18
4567,8
4568,10
4569,19
4570,15
4571,10
4572,25
4573,25
4574,10
4575,25
4576,16
4577,10
4578,25
4579,25
4580,14
4581,10
4582,6
4583,16
4584,10
4585,25
4586,15
4587,8
4588,25
4589,20
4590,10
4591,10
4592,16
4593,10
4594,15
4595,12
4596,33
4597,14
4598,6
4599,25
4600,14
4601,8
4602,25
4603,25
4604,9
4605,5
4606,10
4607,15
4608,10
4609,12
4610,10
4611,10
4612,8
4613,20
4614,25
4615,15
4616,25
4617,10
4618,10
4619,19
4620,10
4621,10
4622,15
4623,15
4624,7
4625,25
4626,33
4627,10
4628,10
4629,10
4630,25
4631,5
4632,20
4633,25
4634,14
4635,10
4636,10
4637,16
4638,16
4639,12
4640,25
4641,10
4642,25
4643,7
4644,10
4645,10
4646,20
4647,20
4648,16
4649,16
4650,14
4651,12
4652,9
4653,20
4654,25
4655,10
4656,16
4657,12
4658,25
4659,25
4660,25
4661,25
4662,10
4663,25
4664,10
4665,8
4666,20
4667,15
4668,14
4669,16
4670,5
4671,7
4672,10
4673,14
4674,7
4675,25
4676,14
4677,15
4678,7
4679,11
4680,33
4681,11
4682,6
4683,11
4684,25
4685,16
4686,10
4687,5
4688,16
4689,20
4690,25
4691,12
4692,10
4693,8
4694,10
4695,25
4696,25
4697,25
4698,25
4699,10
4700,25
4701,10
4702,25
4703,15
4704,5
4705,10
4706,15
4707,25
4708,9
4709,10
4710,10
4711,10
4712,50
4713,23
4714,25
4715,20
4716,7
4717,12
4718,9
4719,25
4720,14
4721,25
4722,16
4723,10
4724,33
4725,25
4726,10
4727,10
4728,15
4729,7
4730,9
4731,33
4732,10
4733,14
4734,33
4735,10
4736,10
4737,15
4738,10
4739,7
4740,14
4741,27
4742,12
4743,10
4744,14
4745,10
4746,10
4747,16
4748,16
4749,25
4750,10
4751,10
4752,25
4753,16
4754,14
4755,25
4756,10
4757,50
4758,10
4759,10
4760,25
4761,10
4762,12
4763,7
4764,10
4765,10
4766,14
4767,33
4768,25
4769,16
4770,12
4771,25
4772,15
4773,10
4774,100
4775,20
4776,10
4777,11
4778,16
4779,10
4780,15
4781,10
4782,10
4783,25
4784,10
4785,11
4786,4
4787,25
4788,25
4789,25
4790,10
4791,20
4792,33
4793,7
4794,12
4795,16
4796,16
4797,25
4798,10
4799,10
4800,25
4801,25
4802,25
4803,10
4804,7
4805,8
4806,20
4807,12
4808,10
4809,30
4810,14
4811,15
4812,33
4813,8
4814,10
4815,20
4816,10
4817,25
4818,10
4819,10
4820,12
4821,14
4822,12
4823,14
4824,25
4825,10
4826,8
4827,7
4828,15
4829,20
4830,25
4831,10
4832,25
4833,25
4834,11
4835,14
4836,16
4837,14
4838,25
4839,10
4840,11
4841,10
4842,20
4843,20
4844,25
4845,7
4846,25
4847,10
4848,10
4849,25
4850,11
4851,10
4852,10
4853,25
4854,32
4855,10
4856,16
4857,33
4858,25
4859,20
4860,15
4861,25
4862,25
4863,5
4864,10
4865,10
4866,25
4867,22
4868,10
4869,10
4870,16
4871,14
4872,7
4873,10
4874,25
4875,10
4876,10
4877,25
4878,10
4879,10
4880,25
4881,20
4882,33
4883,7
4884,14
4885,10
4886,5
4887,10
4888,10
4889,14
4890,14
4891,23
4892,25
4893,10
4894,16
4895,11
4896,10
4897,16
4898,22
4899,10
4900,7
4901,5
4902,16
4903,12
4904,10
4905,11
4906,12
4907,6
4908,12
4909,10
4910,8
4911,50
4912,25
4913,15
4914,25
4915,25
4916,10
4917,25
4918,16
4919,14
4920,33
4921,5
4922,10
4923,16
4924,5
4925,14
4926,10
4927,10
4928,20
4929,25
4930,25
4931,25
4932,20
4933,10
4934,10
4935,10
4936,20
4937,6
4938,10
4939,11
4940,10
4941,20
4942,25
4943,10
4944,25
4945,20
4946,12
4947,25
4948,25
4949,33
4950,9
4951,14
4952,25
4953,25
4954,33
4955,8
4956,33
4957,8
4958,14
4959,10
4960,10
4961,25
4962,6
4963,10
4964,7
4965,33
4966,25
4967,8
4968,25
4969,8
4970,16
4971,25
4972,5
4973,12
4974,10
4975,25
4976,25
4977,9
4978,8
4979,10
4980,10
4981,7
4982,5
4983,25
4984,20
4985,33
4986,16
4987,33
4988,14
4989,25
4990,10
4991,10
4992,25
4993,10
4994,33
4995,7
4996,9
4997,12
4998,24
4999,14
5000,25
5001,8
5002,13
5003,16
5004,7
5005,10
5006,25
5007,10
5008,16
5009,10
5010,25
5011,10
5012,50
5013,25
5014,16
5015,10
5016,20
5017,12
5018,25
5019,25
5020,16
5021,25
5022,11
5023,10
5024,25
5025,25
5026,25
5027,5
5028,10
5029,14
5030,25
5031,14
5032,20
5033,12
5034,25
5035,33
5036,25
5037,12
5038,20
5039,12
5040,10
5041,33
5042,8
5043,25
5044,25
5045,25
5046,16
5047,14
5048,10
5049,10
5050,14
5051,16
5052,6
5053,25
5054,14
5055,10
5056,12
5057,25
5058,20
5059,10
5060,20
5061,7
5062,33
5063,33
5064,10
5065,14
5066,25
5067,11
5068,10
5069,7
5070,16
5071,12
5072,10
5073,25
5074,14
5075,10
5076,10
5077,50
5078,12
5079,16
5080,25
5081,12
5082,10
5083,10
5084,12
5085,10
5086,11
5087,25
5088,8
5089,10
5090,25
5091,33
5092,6
5093,10
5094,16
5095,10
5096,20
5097,7
5098,10
5099,6
5100,12
5101,16
5102,25
5103,25
5104,10
5105,5
5106,25
5107,25
5108,11
5109,7
5110,14
5111,12
5112,10
5113,25
5114,25
5115,10
5116,13
5117,25
5118,20
5119,12
5120,25
5121,20
5122,10
5123,12
5124,10
5125,14
5126,25
5127,7
5128,11
5129,10
5130,26
5131,25
5132,9
5133,11
5134,10
5135,33
5136,10
5137,25
5138,25
5139,10
5140,11
5141,10
5142,25
5143,10
5144,25
5145,25
5146,16
5147,16
5148,7
5149,12
5150,10
5151,9
5152,20
5153,12
5154,25
5155,16
5156,25
5157,10
5158,14
5159,11
5160,10
5161,25
5162,25
5163,20
5164,25
5165,20
5166,8
5167,10
5168,14
5169,25
5170,33
5171,25
5172,20
5173,10
5174,8
5175,33
5176,10
5177,20
5178,10
5179,16
5180,7
5181,10
5182,12
5183,11
5184,25
5185,26
5186,20
5187,10
5188,2
5189,14
5190,25
5191,6
5192,33
5193,25
5194,10
5195,8
5196,33
5197,10
5198,25
5199,25
5200,33
5201,12
5202,4
5203,14
5204,16
5205,25
5206,10
5207,14
5208,8
5209,10
5210,14
5211,12
5212,5
5213,10
5214,9
5215,11
5216,25
5217,25
5218,10
5219,5
5220,25
5221,16
5222,14
5223,10
5224,14
5225,10
5226,10
5227,10
5228,10
5229,11
5230,10
5231,6
5232,16
5233,25
5234,10
5235,10
5236,16
5237,7
5238,14
5239,12
5240,10
5241,5
5242,16
5243,25
5244,7
5245,10
5246,33
5247,4
5248,16
5249,16
5250,5
5251,11
5252,25
5253,14
5254,14
5255,16
5256,16
5257,25
5258,33
5259,10
5260,11
5261,8
5262,16
5263,21
5264,25
5265,25
5266,10
5267,33
5268,10
5269,16
5270,11
5271,16
5272,8
5273,6
5274,14
5275,5
5276,14
5277,10
5278,9
5279,8
5280,11
5281,10
5282,25
5283,10
5284,25
5285,20
5286,8
5287,10
5288,20
5289,14
5290,14
5291,8
5292,20
5293,8
5294,6
5295,15
5296,33
5297,16
5298,25
5299,10
5300,14
5301,10
5302,7
5303,16
5304,11
5305,8
5306,14
5307,33
5308,10
5309,25
5310,10
5311,25
5312,10
5313,33
5314,15
5315,25
5316,16
5317,10
5318,9
5319,14
5320,10
5321,25
5322,9
5323,25
5324,25
5325,11
5326,25
5327,10
5328,10
5329,33
5330,19
5331,25
5332,12
5333,10
5334,10
5335,14
5336,7
5337,33
5338,4
5339,4
5340,10
5341,16
5342,10
5343,20
5344,25
5345,14
5346,16
5347,25
5348,15
5349,5
5350,7
5351,33
5352,10
5353,10
5354,10
5355,25
5356,10
5357,5
5358,8
5359,20
5360,25
5361,25
5362,25
5363,12
5364,7
5365,11
5366,25
5367,25
5368,12
5369,26
5370,25
5371,16
5372,5
5373,14
5374,10
5375,10
5376,16
5377,33
5378,9
5379,33
5380,14
5381,25
5382,10
5383,9
5384,10
5385,19
5386,20
5387,16
5388,10
5389,12
5390,25
5391,14
5392,10
5393,10
5394,16
5395,12
5396,10
5397,5
5398,5
5399,25
5400,20
5401,10
5402,25
5403,6
5404,31
5405,25
5406,14
5407,11
5408,25
5409,10
5410,10
5411,25
5412,25
5413,20
5414,24
5415,30
5416,10
5417,11
5418,25
5419,12
5420,10
5421,16
5422,14
5423,16
5424,25
5425,27
5426,10
5427,20
5428,25
5429,10
5430,25
5431,15
5432,10
5433,9
5434,9
5435,25
5436,25
5437,25
5438,10
5439,12
5440,25
5441,25
5442,25
5443,25
5444,16
5445,16
5446,25
5447,10
5448,11
5449,10
5450,14
5451,9
5452,33
5453,8
5454,20
5455,25
5456,16
5457,17
5458,10
5459,6
5460,10
5461,25
5462,25
5463,10
5464,20
5465,7
5466,8
5467,10
5468,33
5469,25
5470,11
5471,10
5472,25
5473,25
5474,10
5475,10
5476,10
5477,14
5478,10
5479,25
5480,33
5481,16
5482,9
5483,16
5484,10
5485,14
5486,25
5487,10
5488,10
5489,25
5490,25
5491,33
5492,12
5493,11
5494,14
5495,25
5496,25
5497,10
5498,10
5499,7
5500,25
5501,33
5502,8
5503,16
5504,25
5505,25
5506,12
5507,10
5508,25
5509,16
5510,7
5511,10
5512,20
5513,12
5514,12
5515,9
5516,20
5517,25
5518,5
5519,10
5520,25
5521,16
5522,20
5523,8
5524,12
5525,7
5526,25
5527,25
5528,9
5529,12
5530,33
5531,15
5532,12
5533,20
5534,25
5535,13
5536,10
5537,11
5538,16
5539,16
5540,14
5541,25
5542,10
5543,14
5544,10
5545,25
5546,25
5547,10
5548,10
5549,12
5550,25
5551,12
5552,20
5553,10
5554,5
5555,10
5556,16
5557,16
5558,25
5559,11
5560,16
5561,10
5562,16
5563,10
5564,25
5565,25
5566,5
5567,33
5568,7
5569,7
5570,20
5571,16
5572,6
5573,12
5574,8
5575,10
5576,6
5577,50
5578,10
5579,25
5580,33
5581,20
5582,25
5583,25
5584,24
5585,50
5586,25
5587,10
5588,33
5589,16
5590,25
5591,16
5592,7
5593,16
5594,16
5595,12
5596,25
5597,25
5598,25
5599,12
5600,11
5601,11
5602,7
5603,10
5604,50
5605,25
5606,16
5607,25
5608,14
5609,25
5610,33
5611,10
5612,25
5613,33
5614,12
5615,9
5616,25
5617,23
5618,25
5619,10
5620,25
5621,16
5622,7
5623,25
5624,25
5625,10
5626,16
5627,25
5628,10
5629,33
5630,10
5631,25
5632,10
5633,16
5634,7
5635,8
5636,9
5637,14
5638,24
5639,10
5640,11
5641,14
5642,10
5643,10
5644,25
5645,12
5646,16
5647,10
5648,8
5649,12
5650,9
5651,33
5652,8
5653,12
5654,10
5655,11
5656,10
5657,5
5658,25
5659,10
5660,14
5661,10
5662,14
5663,25
5664,33
5665,25
5666,12
5667,16
5668,20
5669,14
5670,25
5671,25
5672,20
5673,10
5674,25
5675,8
5676,25
5677,8
5678,33
5679,10
5680,25
5681,12
5682,10
5683,7
5684,25
5685,25
5686,10
5687,25
5688,12
5689,10
5690,14
5691,16
5692,25
5693,25
5694,10
5695,10
5696,10
5697,33
5698,25
5699,25
5700,16
5701,25
5702,25
5703,10
5704,10
5705,8
5706,19
5707,25
5708,14
5709,25
5710,33
5711,25
5712,33
5713,14
5714,33
5715,5
5716,10
5717,16
5718,10
5719,20
5720,6
5721,33
5722,12
5723,10
5724,10
5725,10
5726,20
5727,25
5728,7
5729,20
5730,10
5731,10
5732,25
5733,20
5734,14
5735,25
5736,10
5737,10
5738,10
5739,7
5740,10
5741,10
5742,14
5743,14
