,frames_duration
0,72.0
1,73.0
2,64.0
3,37.0
4,15.0
5,75.0
6,80.0
7,150.0
8,60.0
9,15.0
10,58.0
11,67.0
12,14.0
13,65.0
14,14.0
15,11.0
16,80.0
17,158.0
18,52.0
19,25.0
20,31.0
21,50.0
22,10.0
23,13.0
24,26.0
25,16.0
26,84.0
27,33.0
28,40.0
29,28.0
30,124.0
31,172.0
32,25.0
33,65.0
34,18.0
35,30.0
36,32.0
37,59.0
38,48.0
39,82.0
40,77.0
41,52.0
42,35.0
43,48.0
44,189.0
45,42.0
46,72.0
47,113.0
48,99.0
49,29.0
50,32.0
51,46.0
52,27.0
53,71.0
54,133.0
55,37.0
56,28.0
57,37.0
58,128.0
59,60.0
60,81.0
61,17.0
62,271.0
63,43.0
64,32.0
65,52.0
66,13.0
67,59.0
68,19.0
69,42.0
70,74.0
71,27.0
72,84.0
73,38.0
74,44.0
75,17.0
76,49.0
77,207.0
78,124.0
79,55.0
80,28.0
81,100.0
82,145.0
83,35.0
84,29.0
85,22.0
86,16.0
87,54.0
88,61.0
89,104.0
90,71.0
91,29.0
92,67.0
93,200.0
94,40.0
95,10.0
96,165.0
97,78.0
98,49.0
99,26.0
100,269.0
101,28.0
102,64.0
103,54.0
104,136.0
105,26.0
106,31.0
107,64.0
108,61.0
109,26.0
110,86.0
111,114.0
112,66.0
113,60.0
114,102.0
115,55.0
116,138.0
117,40.0
118,50.0
119,220.0
120,80.0
121,5.0
122,58.0
123,18.0
124,45.0
125,45.0
126,4.0
127,43.0
128,113.0
129,89.0
130,42.0
131,121.0
132,61.0
133,63.0
134,20.0
135,29.0
136,36.0
137,81.0
138,68.0
139,35.0
140,24.0
141,44.0
142,11.0
143,148.0
144,88.0
145,14.0
146,35.0
147,63.0
148,130.0
149,63.0
150,29.0
151,305.0
152,298.0
153,101.0
154,140.0
155,50.0
156,18.0
157,76.0
158,27.0
159,279.0
160,19.0
161,26.0
162,60.0
163,27.0
164,28.0
165,39.0
166,13.0
167,49.0
168,41.0
169,80.0
170,77.0
171,94.0
172,17.0
173,60.0
174,42.0
175,127.0
176,99.0
177,89.0
178,21.0
179,125.0
180,47.0
181,54.0
182,34.0
183,35.0
184,35.0
185,120.0
186,146.0
187,80.0
188,61.0
189,66.0
190,67.0
191,59.0
192,103.0
193,219.0
194,19.0
195,60.0
196,23.0
197,38.0
198,12.0
199,139.0
200,30.0
201,102.0
202,42.0
203,26.0
204,65.0
205,39.0
206,33.0
207,73.0
208,11.0
209,35.0
210,182.0
211,44.0
212,35.0
213,197.0
214,31.0
215,25.0
216,31.0
217,40.0
218,40.0
219,113.0
220,18.0
221,169.0
222,99.0
223,9.0
224,30.0
225,18.0
226,68.0
227,76.0
228,90.0
229,16.0
230,19.0
231,98.0
232,27.0
233,177.0
234,99.0
235,17.0
236,66.0
237,120.0
238,42.0
239,152.0
240,66.0
241,78.0
242,216.0
243,50.0
244,68.0
245,99.0
246,41.0
247,29.0
248,107.0
249,34.0
250,110.0
251,-9.223372036854776e+18
252,28.0
253,100.0
254,50.0
255,58.0
256,129.0
257,72.0
258,60.0
259,83.0
260,39.0
261,39.0
262,74.0
263,748.0
264,200.0
265,52.0
266,95.0
267,35.0
268,43.0
269,43.0
270,40.0
271,38.0
272,63.0
273,49.0
274,35.0
275,24.0
276,49.0
277,28.0
278,87.0
279,38.0
280,28.0
281,36.0
282,61.0
283,50.0
284,58.0
285,158.0
286,10.0
287,148.0
288,44.0
289,77.0
290,46.0
291,108.0
292,129.0
293,134.0
294,74.0
295,39.0
296,215.0
297,21.0
298,165.0
299,23.0
300,28.0
301,16.0
302,37.0
303,24.0
304,68.0
305,91.0
306,42.0
307,36.0
308,9.0
309,79.0
310,57.0
311,119.0
312,87.0
313,66.0
314,167.0
315,50.0
316,43.0
317,65.0
318,18.0
319,92.0
320,105.0
321,133.0
322,174.0
323,54.0
324,33.0
325,81.0
326,66.0
327,19.0
328,49.0
329,133.0
330,28.0
331,80.0
332,23.0
333,66.0
334,10.0
335,182.0
336,21.0
337,57.0
338,28.0
339,38.0
340,92.0
341,141.0
342,101.0
343,80.0
344,166.0
345,21.0
346,26.0
347,39.0
348,15.0
349,39.0
350,41.0
351,98.0
352,19.0
353,116.0
354,23.0
355,51.0
356,51.0
357,144.0
358,68.0
359,171.0
360,136.0
361,170.0
362,11.0
363,120.0
364,58.0
365,45.0
366,102.0
367,29.0
368,30.0
369,36.0
370,114.0
371,39.0
372,40.0
373,88.0
374,74.0
375,113.0
376,158.0
377,49.0
378,38.0
379,94.0
380,21.0
381,201.0
382,31.0
383,151.0
384,20.0
385,113.0
386,12.0
387,41.0
388,67.0
389,38.0
390,95.0
391,82.0
392,86.0
393,33.0
394,323.0
395,45.0
396,41.0
397,49.0
398,29.0
399,7.0
400,63.0
401,33.0
402,98.0
403,68.0
404,65.0
405,29.0
406,147.0
407,17.0
408,158.0
409,74.0
410,63.0
411,19.0
412,33.0
413,142.0
414,151.0
415,97.0
416,65.0
417,147.0
418,23.0
419,57.0
420,147.0
421,78.0
422,116.0
423,79.0
424,20.0
425,33.0
426,147.0
427,125.0
428,68.0
429,48.0
430,63.0
431,37.0
432,58.0
433,39.0
434,101.0
435,28.0
436,95.0
437,12.0
438,125.0
439,31.0
440,31.0
441,78.0
442,81.0
443,11.0
444,9.0
445,35.0
446,16.0
447,81.0
448,35.0
449,66.0
450,66.0
451,120.0
452,70.0
453,23.0
454,18.0
455,20.0
456,42.0
457,78.0
458,271.0
459,50.0
460,20.0
461,102.0
462,20.0
463,115.0
464,21.0
465,100.0
466,40.0
467,36.0
468,103.0
469,126.0
470,66.0
471,50.0
472,80.0
473,40.0
474,69.0
475,32.0
476,109.0
477,9.0
478,26.0
479,32.0
480,86.0
481,49.0
482,47.0
483,23.0
484,63.0
485,33.0
486,22.0
487,65.0
488,94.0
489,88.0
490,31.0
491,30.0
492,41.0
493,17.0
494,30.0
495,25.0
496,75.0
497,116.0
498,75.0
499,74.0
500,26.0
501,47.0
502,69.0
503,118.0
504,61.0
505,15.0
506,31.0
507,47.0
508,75.0
509,1219.0
510,160.0
511,116.0
512,54.0
513,15.0
514,30.0
515,67.0
516,58.0
517,22.0
518,47.0
519,36.0
520,113.0
521,55.0
522,42.0
523,114.0
524,13.0
525,67.0
526,25.0
527,83.0
528,115.0
529,46.0
530,156.0
531,38.0
532,189.0
533,66.0
534,41.0
535,157.0
536,21.0
537,195.0
538,60.0
539,61.0
540,46.0
541,32.0
542,58.0
543,52.0
544,15.0
545,23.0
546,30.0
547,108.0
548,46.0
549,11.0
550,43.0
551,57.0
552,31.0
553,64.0
554,18.0
555,154.0
556,40.0
557,40.0
558,59.0
559,42.0
560,31.0
561,21.0
562,82.0
563,41.0
564,18.0
565,73.0
566,140.0
567,73.0
568,713.0
569,133.0
570,73.0
571,44.0
572,61.0
573,17.0
574,78.0
575,174.0
576,95.0
577,15.0
578,9.0
579,14.0
580,6.0
581,121.0
582,26.0
583,54.0
584,70.0
585,85.0
586,60.0
587,141.0
588,98.0
589,20.0
590,250.0
591,108.0
592,131.0
593,44.0
594,60.0
595,18.0
596,89.0
597,22.0
598,95.0
599,59.0
600,103.0
601,46.0
602,16.0
603,49.0
604,34.0
605,82.0
606,36.0
607,22.0
608,52.0
609,28.0
610,99.0
611,87.0
612,39.0
613,116.0
614,47.0
615,28.0
616,30.0
617,74.0
618,36.0
619,13.0
620,55.0
621,18.0
622,68.0
623,182.0
624,77.0
625,62.0
626,64.0
627,35.0
628,124.0
629,155.0
630,39.0
631,21.0
632,17.0
633,94.0
634,102.0
635,29.0
636,62.0
637,18.0
638,113.0
639,28.0
640,36.0
641,455.0
642,29.0
643,25.0
644,196.0
645,27.0
646,66.0
647,58.0
648,26.0
649,36.0
650,242.0
651,21.0
652,27.0
653,164.0
654,24.0
655,44.0
656,41.0
657,41.0
658,50.0
659,45.0
660,37.0
661,30.0
662,123.0
663,23.0
664,30.0
665,135.0
666,42.0
667,19.0
668,30.0
669,65.0
670,91.0
671,79.0
672,52.0
673,27.0
674,42.0
675,46.0
676,48.0
677,9.0
678,268.0
679,25.0
680,20.0
681,164.0
682,24.0
683,72.0
684,61.0
685,173.0
686,82.0
687,14.0
688,78.0
689,24.0
690,97.0
691,26.0
692,99.0
693,47.0
694,18.0
695,75.0
696,104.0
697,20.0
698,56.0
699,18.0
700,79.0
701,24.0
702,55.0
703,163.0
704,20.0
705,82.0
706,24.0
707,24.0
708,101.0
709,70.0
710,42.0
711,36.0
712,90.0
713,37.0
714,57.0
715,149.0
716,40.0
717,44.0
718,12.0
719,4.0
720,17.0
721,71.0
722,117.0
723,59.0
724,28.0
725,191.0
726,41.0
727,25.0
728,38.0
729,97.0
730,30.0
731,11.0
732,88.0
733,101.0
734,16.0
735,146.0
736,25.0
737,50.0
738,33.0
739,48.0
740,36.0
741,40.0
742,60.0
743,31.0
744,41.0
745,86.0
746,30.0
747,23.0
748,24.0
749,250.0
750,62.0
751,40.0
752,24.0
753,41.0
754,173.0
755,140.0
756,26.0
757,80.0
758,34.0
759,42.0
760,19.0
761,23.0
762,20.0
763,36.0
764,15.0
765,18.0
766,25.0
767,-9.223372036854776e+18
768,25.0
769,37.0
770,74.0
771,31.0
772,107.0
773,47.0
774,162.0
775,66.0
776,45.0
777,6.0
778,28.0
779,76.0
780,74.0
781,35.0
782,30.0
783,57.0
784,13.0
785,32.0
786,73.0
787,15.0
788,24.0
789,57.0
790,11.0
791,43.0
792,150.0
793,109.0
794,26.0
795,43.0
796,113.0
797,74.0
798,20.0
799,20.0
800,77.0
801,22.0
802,25.0
803,23.0
804,190.0
805,86.0
806,18.0
807,72.0
808,39.0
809,34.0
810,32.0
811,32.0
812,70.0
813,37.0
814,69.0
815,29.0
816,51.0
817,36.0
818,65.0
819,27.0
820,51.0
821,55.0
822,55.0
823,19.0
824,54.0
825,40.0
826,77.0
827,42.0
828,75.0
829,64.0
830,25.0
831,63.0
832,45.0
833,42.0
834,150.0
835,75.0
836,30.0
837,4.0
838,23.0
839,45.0
840,53.0
841,3.0
842,35.0
843,26.0
844,13.0
845,40.0
846,28.0
847,45.0
848,24.0
849,53.0
850,47.0
851,28.0
852,23.0
853,42.0
854,80.0
855,43.0
856,47.0
857,166.0
858,56.0
859,15.0
860,24.0
861,55.0
862,45.0
863,48.0
864,82.0
865,34.0
866,34.0
867,47.0
868,25.0
869,37.0
870,41.0
871,108.0
872,56.0
873,29.0
874,29.0
875,39.0
876,31.0
877,94.0
878,87.0
879,69.0
880,29.0
881,13.0
882,34.0
883,15.0
884,38.0
885,34.0
886,99.0
887,15.0
888,63.0
889,94.0
890,25.0
891,25.0
892,47.0
893,79.0
894,104.0
895,26.0
896,8.0
897,87.0
898,20.0
899,68.0
900,63.0
901,56.0
902,36.0
903,33.0
904,28.0
905,46.0
906,45.0
907,120.0
908,373.0
909,104.0
910,244.0
911,26.0
912,69.0
913,29.0
914,54.0
915,101.0
916,73.0
917,10.0
918,22.0
919,106.0
920,29.0
921,46.0
922,30.0
923,214.0
924,41.0
925,52.0
926,45.0
927,226.0
928,40.0
929,115.0
930,46.0
931,20.0
932,32.0
933,33.0
934,18.0
935,148.0
936,65.0
937,11.0
938,18.0
939,44.0
940,55.0
941,51.0
942,97.0
943,101.0
944,28.0
945,17.0
946,36.0
947,32.0
948,56.0
949,55.0
950,35.0
951,22.0
952,20.0
953,102.0
954,55.0
955,39.0
956,64.0
957,97.0
958,28.0
959,28.0
960,75.0
961,61.0
962,23.0
963,39.0
964,15.0
965,36.0
966,16.0
967,55.0
968,30.0
969,46.0
970,148.0
971,38.0
972,46.0
973,96.0
974,34.0
975,18.0
976,67.0
977,79.0
978,21.0
979,49.0
980,111.0
981,27.0
982,31.0
983,37.0
984,148.0
985,75.0
986,16.0
987,107.0
988,39.0
989,52.0
990,132.0
991,71.0
992,71.0
993,77.0
994,31.0
995,91.0
996,45.0
997,33.0
998,47.0
999,136.0
1000,63.0
1001,97.0
1002,34.0
1003,96.0
1004,7.0
1005,91.0
1006,34.0
1007,59.0
1008,22.0
1009,61.0
1010,10.0
1011,17.0
1012,105.0
1013,61.0
1014,77.0
1015,39.0
1016,34.0
1017,116.0
1018,58.0
1019,28.0
1020,103.0
1021,103.0
1022,265.0
1023,68.0
1024,30.0
1025,110.0
1026,26.0
1027,24.0
1028,108.0
1029,105.0
1030,35.0
1031,34.0
1032,41.0
1033,20.0
1034,20.0
1035,52.0
1036,29.0
1037,51.0
1038,122.0
1039,53.0
1040,45.0
1041,38.0
1042,80.0
1043,73.0
1044,61.0
1045,65.0
1046,21.0
1047,85.0
1048,63.0
1049,127.0
1050,25.0
1051,59.0
1052,30.0
1053,217.0
1054,73.0
1055,63.0
1056,33.0
1057,24.0
1058,70.0
1059,138.0
1060,77.0
1061,193.0
1062,107.0
1063,24.0
1064,57.0
1065,54.0
1066,30.0
1067,106.0
1068,23.0
1069,213.0
1070,31.0
1071,51.0
1072,70.0
1073,69.0
1074,29.0
1075,30.0
1076,41.0
1077,11.0
1078,44.0
1079,16.0
1080,38.0
1081,66.0
1082,61.0
1083,83.0
1084,15.0
1085,50.0
1086,37.0
1087,38.0
1088,108.0
1089,22.0
1090,21.0
1091,64.0
1092,13.0
1093,19.0
1094,31.0
1095,26.0
1096,15.0
1097,210.0
1098,27.0
1099,26.0
1100,44.0
1101,54.0
1102,58.0
1103,82.0
1104,32.0
1105,32.0
1106,85.0
1107,112.0
1108,40.0
1109,28.0
1110,21.0
1111,125.0
1112,153.0
1113,134.0
1114,143.0
1115,62.0
1116,28.0
1117,79.0
1118,100.0
1119,26.0
1120,92.0
1121,87.0
1122,9.0
1123,23.0
1124,159.0
1125,40.0
1126,47.0
1127,75.0
1128,76.0
1129,32.0
1130,32.0
1131,93.0
1132,80.0
1133,27.0
1134,51.0
1135,67.0
1136,159.0
1137,24.0
1138,48.0
1139,42.0
1140,26.0
1141,67.0
1142,54.0
1143,30.0
1144,60.0
1145,75.0
1146,18.0
1147,117.0
1148,49.0
1149,26.0
1150,95.0
1151,40.0
1152,33.0
1153,56.0
1154,293.0
1155,42.0
1156,25.0
1157,36.0
1158,38.0
1159,25.0
1160,5.0
1161,70.0
1162,32.0
1163,48.0
1164,79.0
1165,28.0
1166,35.0
1167,5.0
1168,28.0
1169,24.0
1170,30.0
1171,89.0
1172,120.0
1173,55.0
1174,32.0
1175,61.0
1176,13.0
1177,40.0
1178,16.0
1179,30.0
1180,60.0
1181,22.0
1182,27.0
1183,67.0
1184,63.0
1185,24.0
1186,15.0
1187,98.0
1188,24.0
1189,129.0
1190,33.0
1191,29.0
1192,40.0
1193,28.0
1194,20.0
1195,94.0
1196,158.0
1197,57.0
1198,56.0
1199,29.0
1200,48.0
1201,42.0
1202,248.0
1203,12.0
1204,61.0
1205,48.0
1206,27.0
1207,30.0
1208,172.0
1209,21.0
1210,18.0
1211,73.0
1212,68.0
1213,40.0
1214,100.0
1215,21.0
1216,82.0
1217,83.0
1218,75.0
1219,96.0
1220,36.0
1221,54.0
1222,25.0
1223,61.0
1224,72.0
1225,46.0
1226,64.0
1227,75.0
1228,80.0
1229,51.0
1230,23.0
1231,39.0
1232,61.0
1233,160.0
1234,23.0
1235,8.0
1236,36.0
1237,26.0
1238,60.0
1239,40.0
1240,61.0
1241,15.0
1242,40.0
1243,42.0
1244,33.0
1245,152.0
1246,53.0
1247,21.0
1248,93.0
1249,50.0
1250,120.0
1251,19.0
1252,25.0
1253,33.0
1254,106.0
1255,15.0
1256,48.0
1257,40.0
1258,33.0
1259,42.0
1260,67.0
1261,67.0
1262,200.0
1263,36.0
1264,94.0
1265,194.0
1266,26.0
1267,60.0
1268,110.0
1269,42.0
1270,107.0
1271,49.0
1272,108.0
1273,104.0
1274,41.0
1275,24.0
1276,28.0
1277,47.0
1278,30.0
1279,61.0
1280,22.0
1281,52.0
1282,19.0
1283,53.0
1284,61.0
1285,72.0
1286,51.0
1287,28.0
1288,50.0
1289,81.0
1290,15.0
1291,32.0
1292,23.0
1293,39.0
1294,95.0
1295,20.0
1296,58.0
1297,11.0
1298,153.0
1299,42.0
1300,54.0
1301,73.0
1302,600.0
1303,76.0
1304,172.0
1305,30.0
1306,88.0
1307,50.0
1308,106.0
1309,50.0
1310,33.0
1311,139.0
1312,182.0
1313,23.0
1314,84.0
1315,17.0
1316,60.0
1317,56.0
1318,49.0
1319,43.0
1320,50.0
1321,72.0
1322,169.0
1323,22.0
1324,43.0
1325,66.0
1326,82.0
1327,107.0
1328,106.0
1329,77.0
1330,57.0
1331,86.0
1332,128.0
1333,77.0
1334,55.0
1335,71.0
1336,34.0
1337,32.0
1338,97.0
1339,4.0
1340,23.0
1341,54.0
1342,43.0
1343,124.0
1344,18.0
1345,105.0
1346,38.0
1347,72.0
1348,27.0
1349,14.0
1350,40.0
1351,44.0
1352,106.0
1353,15.0
1354,43.0
1355,34.0
1356,29.0
1357,30.0
1358,105.0
1359,26.0
1360,41.0
1361,67.0
1362,22.0
1363,423.0
1364,34.0
1365,20.0
1366,77.0
1367,25.0
1368,45.0
1369,22.0
1370,46.0
1371,157.0
1372,36.0
1373,44.0
1374,104.0
1375,36.0
1376,10.0
1377,40.0
1378,34.0
1379,26.0
1380,30.0
1381,54.0
1382,33.0
1383,67.0
1384,225.0
1385,7.0
1386,47.0
1387,46.0
1388,102.0
1389,21.0
1390,160.0
1391,52.0
1392,61.0
1393,39.0
1394,57.0
1395,75.0
1396,21.0
1397,69.0
1398,34.0
1399,75.0
1400,57.0
1401,405.0
1402,35.0
1403,15.0
1404,78.0
1405,69.0
1406,61.0
1407,63.0
1408,20.0
1409,49.0
1410,76.0
1411,40.0
1412,6.0
1413,58.0
1414,124.0
1415,27.0
1416,20.0
1417,23.0
1418,91.0
1419,58.0
1420,67.0
1421,270.0
1422,76.0
1423,38.0
1424,75.0
1425,46.0
1426,45.0
1427,124.0
1428,17.0
1429,12.0
1430,34.0
1431,64.0
1432,34.0
1433,18.0
1434,28.0
1435,103.0
1436,13.0
1437,72.0
1438,67.0
1439,16.0
1440,71.0
1441,66.0
1442,86.0
1443,13.0
1444,191.0
1445,50.0
1446,301.0
1447,21.0
1448,8.0
1449,102.0
1450,12.0
1451,34.0
1452,39.0
1453,41.0
1454,55.0
1455,11.0
1456,139.0
1457,44.0
1458,89.0
1459,59.0
1460,41.0
1461,27.0
1462,27.0
1463,49.0
1464,14.0
1465,71.0
1466,12.0
1467,46.0
1468,60.0
1469,67.0
1470,72.0
1471,75.0
1472,36.0
1473,31.0
1474,167.0
1475,77.0
1476,133.0
1477,31.0
1478,188.0
1479,78.0
1480,85.0
1481,51.0
1482,97.0
1483,87.0
1484,40.0
1485,61.0
1486,99.0
1487,103.0
1488,120.0
1489,59.0
1490,59.0
1491,60.0
1492,61.0
1493,30.0
1494,275.0
1495,8.0
1496,429.0
1497,24.0
1498,60.0
1499,107.0
1500,61.0
1501,100.0
1502,24.0
1503,238.0
1504,33.0
1505,33.0
1506,126.0
1507,68.0
1508,92.0
1509,26.0
1510,228.0
1511,17.0
1512,51.0
1513,38.0
1514,10.0
1515,28.0
1516,225.0
1517,88.0
1518,26.0
1519,55.0
1520,26.0
1521,24.0
1522,8.0
1523,145.0
1524,46.0
1525,37.0
1526,16.0
1527,23.0
1528,27.0
1529,46.0
1530,33.0
1531,53.0
1532,100.0
1533,28.0
1534,53.0
1535,92.0
1536,33.0
1537,175.0
1538,36.0
1539,74.0
1540,13.0
1541,42.0
1542,86.0
1543,117.0
1544,131.0
1545,4.0
1546,21.0
1547,60.0
1548,21.0
1549,91.0
1550,32.0
1551,32.0
1552,28.0
1553,31.0
1554,63.0
1555,60.0
1556,74.0
1557,47.0
1558,150.0
1559,39.0
1560,46.0
1561,44.0
1562,26.0
1563,18.0
1564,26.0
1565,28.0
1566,200.0
1567,33.0
1568,20.0
1569,61.0
1570,34.0
1571,61.0
1572,71.0
1573,109.0
1574,162.0
1575,58.0
1576,35.0
1577,43.0
1578,97.0
1579,22.0
1580,80.0
1581,44.0
1582,21.0
1583,31.0
1584,75.0
1585,22.0
1586,83.0
1587,61.0
1588,54.0
1589,81.0
1590,97.0
1591,-9.223372036854776e+18
1592,59.0
1593,213.0
1594,35.0
1595,104.0
1596,113.0
1597,12.0
1598,9.0
1599,52.0
1600,21.0
1601,9.0
1602,79.0
1603,60.0
1604,115.0
1605,43.0
1606,25.0
1607,28.0
1608,54.0
1609,39.0
1610,51.0
1611,18.0
1612,10.0
1613,43.0
1614,22.0
1615,70.0
1616,20.0
1617,75.0
1618,13.0
1619,36.0
1620,54.0
1621,115.0
1622,73.0
1623,42.0
1624,92.0
1625,22.0
1626,106.0
1627,20.0
1628,25.0
1629,30.0
1630,42.0
1631,29.0
1632,84.0
1633,156.0
1634,136.0
1635,-9.223372036854776e+18
1636,57.0
1637,18.0
1638,78.0
1639,36.0
1640,15.0
1641,132.0
1642,20.0
1643,25.0
1644,23.0
1645,12.0
1646,39.0
1647,46.0
1648,10.0
1649,54.0
1650,40.0
1651,71.0
1652,132.0
1653,22.0
1654,74.0
1655,58.0
1656,24.0
1657,51.0
1658,23.0
1659,48.0
1660,27.0
1661,137.0
1662,157.0
1663,32.0
1664,22.0
1665,54.0
1666,151.0
1667,129.0
1668,19.0
1669,48.0
1670,20.0
1671,35.0
1672,8.0
1673,14.0
1674,74.0
1675,25.0
1676,41.0
1677,50.0
1678,60.0
1679,10.0
1680,26.0
1681,23.0
1682,56.0
1683,17.0
1684,14.0
1685,61.0
1686,10.0
1687,46.0
1688,40.0
1689,15.0
1690,107.0
1691,118.0
1692,41.0
1693,24.0
1694,68.0
1695,36.0
1696,36.0
1697,97.0
1698,74.0
1699,20.0
1700,17.0
1701,18.0
1702,17.0
1703,30.0
1704,105.0
1705,90.0
1706,24.0
1707,100.0
1708,69.0
1709,50.0
1710,35.0
1711,36.0
1712,91.0
1713,40.0
1714,23.0
1715,58.0
1716,38.0
1717,3.0
1718,29.0
1719,30.0
1720,35.0
1721,33.0
1722,67.0
1723,148.0
1724,63.0
1725,186.0
1726,113.0
1727,20.0
1728,111.0
1729,66.0
1730,80.0
1731,14.0
1732,26.0
1733,136.0
1734,26.0
1735,23.0
1736,4.0
1737,47.0
1738,56.0
1739,288.0
1740,143.0
1741,23.0
1742,23.0
1743,70.0
1744,20.0
1745,42.0
1746,17.0
1747,200.0
1748,70.0
1749,23.0
1750,73.0
1751,85.0
1752,142.0
1753,53.0
1754,53.0
1755,125.0
1756,39.0
1757,15.0
1758,23.0
1759,200.0
1760,41.0
1761,64.0
1762,61.0
1763,29.0
1764,18.0
1765,41.0
1766,67.0
1767,38.0
1768,25.0
1769,62.0
1770,40.0
1771,75.0
1772,60.0
1773,143.0
1774,24.0
1775,146.0
1776,64.0
1777,117.0
1778,73.0
1779,112.0
1780,16.0
1781,14.0
1782,26.0
1783,73.0
1784,59.0
1785,64.0
1786,47.0
1787,78.0
1788,195.0
1789,85.0
1790,22.0
1791,200.0
1792,37.0
1793,65.0
1794,-9.223372036854776e+18
1795,31.0
1796,58.0
1797,24.0
1798,34.0
1799,16.0
1800,37.0
1801,146.0
1802,30.0
1803,17.0
1804,74.0
1805,72.0
1806,47.0
1807,232.0
1808,18.0
1809,69.0
1810,33.0
1811,14.0
1812,2.0
1813,21.0
1814,28.0
1815,43.0
1816,14.0
1817,117.0
1818,80.0
1819,132.0
1820,20.0
1821,30.0
1822,31.0
1823,48.0
1824,30.0
1825,39.0
1826,38.0
1827,59.0
1828,18.0
1829,41.0
1830,50.0
1831,35.0
1832,20.0
1833,72.0
1834,32.0
1835,73.0
1836,103.0
1837,14.0
1838,36.0
1839,23.0
1840,40.0
1841,9.0
1842,40.0
1843,48.0
1844,6.0
1845,230.0
1846,47.0
1847,45.0
1848,70.0
1849,23.0
1850,280.0
1851,28.0
1852,103.0
1853,161.0
1854,115.0
1855,6.0
1856,36.0
1857,42.0
1858,17.0
1859,41.0
1860,32.0
1861,49.0
1862,9.0
1863,50.0
1864,77.0
1865,64.0
1866,77.0
1867,97.0
1868,27.0
1869,6.0
1870,15.0
1871,46.0
1872,13.0
1873,56.0
1874,20.0
1875,28.0
1876,103.0
1877,16.0
1878,51.0
1879,39.0
1880,44.0
1881,49.0
1882,28.0
1883,24.0
1884,40.0
1885,75.0
1886,36.0
1887,79.0
1888,32.0
1889,128.0
1890,91.0
1891,75.0
1892,68.0
1893,48.0
1894,25.0
1895,82.0
1896,57.0
1897,132.0
1898,43.0
1899,75.0
1900,40.0
1901,6.0
1902,228.0
1903,22.0
1904,31.0
1905,110.0
1906,118.0
1907,16.0
1908,8.0
1909,45.0
1910,30.0
1911,43.0
1912,41.0
1913,70.0
1914,101.0
1915,16.0
1916,29.0
1917,20.0
1918,113.0
1919,56.0
1920,32.0
1921,100.0
1922,185.0
1923,34.0
1924,23.0
1925,87.0
1926,108.0
1927,141.0
1928,15.0
1929,107.0
1930,188.0
1931,26.0
1932,36.0
1933,143.0
1934,29.0
1935,360.0
1936,18.0
1937,93.0
1938,29.0
1939,82.0
1940,685.0
1941,39.0
1942,86.0
1943,48.0
1944,34.0
1945,94.0
1946,29.0
1947,29.0
1948,103.0
1949,95.0
1950,38.0
1951,30.0
1952,51.0
1953,111.0
1954,146.0
1955,116.0
1956,150.0
1957,56.0
1958,32.0
1959,75.0
1960,40.0
1961,94.0
1962,11.0
1963,23.0
1964,151.0
1965,34.0
1966,29.0
1967,76.0
1968,39.0
1969,162.0
1970,117.0
1971,10.0
1972,65.0
1973,11.0
1974,43.0
1975,49.0
1976,44.0
1977,124.0
1978,65.0
1979,31.0
1980,25.0
1981,204.0
1982,73.0
1983,26.0
1984,73.0
1985,15.0
1986,183.0
1987,78.0
1988,74.0
1989,11.0
1990,19.0
1991,148.0
1992,77.0
1993,41.0
1994,38.0
1995,16.0
1996,99.0
1997,115.0
1998,9.0
1999,63.0
2000,14.0
2001,56.0
2002,19.0
2003,21.0
2004,96.0
2005,17.0
2006,49.0
2007,23.0
2008,5.0
2009,31.0
2010,29.0
2011,22.0
2012,44.0
2013,72.0
2014,35.0
2015,68.0
2016,8.0
2017,39.0
2018,63.0
2019,9.0
2020,10.0
2021,45.0
2022,30.0
2023,12.0
2024,82.0
2025,24.0
2026,29.0
2027,69.0
2028,146.0
2029,66.0
2030,43.0
2031,27.0
2032,27.0
2033,37.0
2034,58.0
2035,39.0
2036,60.0
2037,48.0
2038,136.0
2039,70.0
2040,32.0
2041,40.0
2042,15.0
2043,45.0
2044,128.0
2045,58.0
2046,175.0
2047,48.0
2048,44.0
2049,31.0
2050,13.0
2051,-9.223372036854776e+18
2052,44.0
2053,19.0
2054,21.0
2055,16.0
2056,18.0
2057,83.0
2058,148.0
2059,58.0
2060,41.0
2061,19.0
2062,109.0
2063,58.0
2064,130.0
2065,24.0
2066,114.0
2067,21.0
2068,43.0
2069,20.0
2070,44.0
2071,24.0
2072,249.0
2073,27.0
2074,30.0
2075,18.0
2076,26.0
2077,58.0
2078,26.0
2079,33.0
2080,82.0
2081,30.0
2082,52.0
2083,39.0
2084,78.0
2085,40.0
2086,104.0
2087,3.0
2088,39.0
2089,29.0
2090,24.0
2091,4.0
2092,129.0
2093,11.0
2094,13.0
2095,30.0
2096,48.0
2097,27.0
2098,88.0
2099,17.0
2100,25.0
2101,40.0
2102,53.0
2103,24.0
2104,20.0
2105,30.0
2106,15.0
2107,70.0
2108,52.0
2109,20.0
2110,49.0
2111,57.0
2112,31.0
2113,90.0
2114,63.0
2115,82.0
2116,41.0
2117,75.0
2118,90.0
2119,17.0
2120,102.0
2121,10.0
2122,44.0
2123,10.0
2124,94.0
2125,150.0
2126,56.0
2127,65.0
2128,83.0
2129,69.0
2130,98.0
2131,70.0
2132,24.0
2133,165.0
2134,13.0
2135,15.0
2136,20.0
2137,102.0
2138,34.0
2139,29.0
2140,57.0
2141,27.0
2142,95.0
2143,40.0
2144,40.0
2145,25.0
2146,30.0
2147,62.0
2148,32.0
2149,23.0
2150,49.0
2151,40.0
2152,28.0
2153,24.0
2154,150.0
2155,24.0
2156,54.0
2157,59.0
2158,12.0
2159,74.0
2160,100.0
2161,90.0
2162,24.0
2163,72.0
2164,166.0
2165,27.0
2166,22.0
2167,40.0
2168,-9.223372036854776e+18
2169,46.0
2170,181.0
2171,30.0
2172,38.0
2173,53.0
2174,105.0
2175,50.0
2176,120.0
2177,37.0
2178,53.0
2179,31.0
2180,134.0
2181,21.0
2182,32.0
2183,18.0
2184,6.0
2185,75.0
2186,89.0
2187,124.0
2188,57.0
2189,136.0
2190,59.0
2191,47.0
2192,19.0
2193,107.0
2194,196.0
2195,13.0
2196,78.0
2197,104.0
2198,31.0
2199,111.0
2200,32.0
2201,137.0
2202,18.0
2203,21.0
2204,91.0
2205,14.0
2206,100.0
2207,160.0
2208,126.0
2209,195.0
2210,24.0
2211,70.0
2212,47.0
2213,88.0
2214,15.0
2215,29.0
2216,26.0
2217,84.0
2218,-9.223372036854776e+18
2219,16.0
2220,38.0
2221,26.0
2222,8.0
2223,60.0
2224,115.0
2225,29.0
2226,35.0
2227,39.0
2228,26.0
2229,13.0
2230,47.0
2231,30.0
2232,6.0
2233,65.0
2234,39.0
2235,11.0
2236,61.0
2237,23.0
2238,85.0
2239,44.0
2240,59.0
2241,14.0
2242,28.0
2243,72.0
2244,53.0
2245,20.0
2246,21.0
2247,112.0
2248,30.0
2249,35.0
2250,136.0
2251,37.0
2252,21.0
2253,238.0
2254,28.0
2255,57.0
2256,113.0
2257,134.0
2258,41.0
2259,48.0
2260,243.0
2261,39.0
2262,9.0
2263,37.0
2264,113.0
2265,136.0
2266,94.0
2267,8.0
2268,34.0
2269,59.0
2270,8.0
2271,85.0
2272,95.0
2273,43.0
2274,217.0
2275,50.0
2276,10.0
2277,71.0
2278,11.0
2279,11.0
2280,79.0
2281,77.0
2282,18.0
2283,108.0
2284,29.0
2285,99.0
2286,46.0
2287,17.0
2288,50.0
2289,92.0
2290,26.0
2291,42.0
2292,63.0
2293,71.0
2294,18.0
2295,32.0
2296,75.0
2297,59.0
2298,119.0
2299,16.0
2300,25.0
2301,47.0
2302,113.0
2303,70.0
2304,12.0
2305,108.0
2306,14.0
2307,42.0
2308,47.0
2309,113.0
2310,24.0
2311,138.0
2312,15.0
2313,110.0
2314,36.0
2315,27.0
2316,27.0
2317,22.0
2318,20.0
2319,33.0
2320,69.0
2321,53.0
2322,67.0
2323,21.0
2324,28.0
2325,31.0
2326,112.0
2327,45.0
2328,161.0
2329,195.0
2330,70.0
2331,28.0
2332,127.0
2333,88.0
2334,252.0
2335,68.0
2336,50.0
2337,78.0
2338,22.0
2339,16.0
2340,74.0
2341,32.0
2342,46.0
2343,68.0
2344,59.0
2345,74.0
2346,28.0
2347,16.0
2348,87.0
2349,74.0
2350,99.0
2351,166.0
2352,130.0
2353,35.0
2354,21.0
2355,15.0
2356,55.0
2357,15.0
2358,99.0
2359,93.0
2360,41.0
2361,90.0
2362,45.0
2363,38.0
2364,213.0
2365,13.0
2366,91.0
2367,40.0
2368,228.0
2369,7.0
2370,38.0
2371,66.0
2372,190.0
2373,66.0
2374,77.0
2375,166.0
2376,60.0
2377,12.0
2378,58.0
2379,59.0
2380,75.0
2381,24.0
2382,201.0
2383,43.0
2384,47.0
2385,63.0
2386,27.0
2387,29.0
2388,34.0
2389,125.0
2390,45.0
2391,125.0
2392,32.0
2393,44.0
2394,172.0
2395,22.0
2396,49.0
2397,49.0
2398,87.0
2399,117.0
2400,30.0
2401,58.0
2402,71.0
2403,193.0
2404,65.0
2405,71.0
2406,59.0
2407,102.0
2408,56.0
2409,20.0
2410,69.0
2411,22.0
2412,12.0
2413,40.0
2414,133.0
2415,79.0
2416,303.0
2417,387.0
2418,16.0
2419,99.0
2420,28.0
2421,56.0
2422,22.0
2423,40.0
2424,43.0
2425,225.0
2426,72.0
2427,185.0
2428,21.0
2429,20.0
2430,20.0
2431,42.0
2432,22.0
2433,30.0
2434,43.0
2435,25.0
2436,48.0
2437,18.0
2438,112.0
2439,13.0
2440,40.0
2441,32.0
2442,60.0
2443,16.0
2444,99.0
2445,28.0
2446,15.0
2447,23.0
2448,19.0
2449,56.0
2450,107.0
2451,58.0
2452,71.0
2453,106.0
2454,80.0
2455,48.0
2456,14.0
2457,60.0
2458,59.0
2459,25.0
2460,59.0
2461,24.0
2462,15.0
2463,130.0
2464,130.0
2465,25.0
2466,71.0
2467,20.0
2468,25.0
2469,26.0
2470,25.0
2471,45.0
2472,116.0
2473,110.0
2474,130.0
2475,194.0
2476,63.0
2477,20.0
2478,13.0
2479,12.0
2480,20.0
2481,103.0
2482,75.0
2483,61.0
2484,99.0
2485,82.0
2486,59.0
2487,26.0
2488,19.0
2489,35.0
2490,200.0
2491,61.0
2492,33.0
2493,2.0
2494,42.0
2495,100.0
2496,25.0
2497,102.0
2498,14.0
2499,13.0
2500,27.0
2501,191.0
2502,23.0
2503,61.0
2504,17.0
2505,121.0
2506,115.0
2507,26.0
2508,80.0
2509,9.0
2510,148.0
2511,29.0
2512,48.0
2513,90.0
2514,494.0
2515,53.0
2516,14.0
2517,107.0
2518,40.0
2519,114.0
2520,40.0
2521,11.0
2522,200.0
2523,81.0
2524,66.0
2525,16.0
2526,110.0
2527,39.0
2528,74.0
2529,154.0
2530,102.0
2531,126.0
2532,49.0
2533,27.0
2534,148.0
2535,6.0
2536,34.0
2537,104.0
2538,75.0
2539,15.0
2540,28.0
2541,55.0
2542,45.0
2543,58.0
2544,83.0
2545,61.0
2546,94.0
2547,62.0
2548,90.0
2549,91.0
2550,53.0
2551,60.0
2552,57.0
2553,22.0
2554,89.0
2555,140.0
2556,10.0
2557,38.0
2558,26.0
2559,35.0
2560,21.0
2561,48.0
2562,16.0
2563,76.0
2564,153.0
2565,28.0
2566,76.0
2567,24.0
2568,64.0
2569,80.0
2570,137.0
2571,82.0
2572,126.0
2573,66.0
2574,57.0
2575,133.0
2576,29.0
2577,9.0
2578,22.0
2579,98.0
2580,27.0
2581,27.0
2582,148.0
2583,69.0
2584,46.0
2585,26.0
2586,121.0
2587,119.0
2588,36.0
2589,100.0
2590,51.0
2591,61.0
2592,13.0
2593,11.0
2594,61.0
2595,26.0
2596,75.0
2597,61.0
2598,74.0
2599,32.0
2600,25.0
2601,127.0
2602,41.0
2603,106.0
2604,179.0
2605,7.0
2606,24.0
2607,-9.223372036854776e+18
2608,90.0
2609,13.0
2610,119.0
2611,30.0
2612,11.0
2613,124.0
2614,39.0
2615,19.0
2616,49.0
2617,32.0
2618,225.0
2619,66.0
2620,45.0
2621,12.0
2622,27.0
2623,41.0
2624,39.0
2625,329.0
2626,49.0
2627,41.0
2628,102.0
2629,26.0
2630,147.0
2631,27.0
2632,29.0
2633,61.0
2634,47.0
2635,15.0
2636,50.0
2637,58.0
2638,28.0
2639,63.0
2640,38.0
2641,23.0
2642,78.0
2643,33.0
2644,105.0
2645,30.0
2646,64.0
2647,27.0
2648,74.0
2649,60.0
2650,114.0
2651,96.0
2652,67.0
2653,124.0
2654,68.0
2655,41.0
2656,33.0
2657,69.0
2658,35.0
2659,13.0
2660,24.0
2661,28.0
2662,260.0
2663,77.0
2664,174.0
2665,12.0
2666,15.0
2667,28.0
2668,102.0
2669,47.0
2670,61.0
2671,99.0
2672,107.0
2673,47.0
2674,82.0
2675,53.0
2676,136.0
2677,41.0
2678,61.0
2679,14.0
2680,62.0
2681,63.0
2682,90.0
2683,13.0
2684,84.0
2685,39.0
2686,22.0
2687,186.0
2688,106.0
2689,33.0
2690,92.0
2691,92.0
2692,61.0
2693,65.0
2694,68.0
2695,93.0
2696,30.0
2697,30.0
2698,23.0
2699,45.0
2700,33.0
2701,47.0
2702,70.0
2703,36.0
2704,54.0
2705,7.0
2706,27.0
2707,3.0
2708,225.0
2709,65.0
2710,38.0
2711,60.0
2712,30.0
2713,166.0
2714,13.0
2715,26.0
2716,41.0
2717,119.0
2718,166.0
2719,57.0
2720,278.0
2721,15.0
2722,58.0
2723,60.0
2724,17.0
2725,40.0
2726,18.0
2727,29.0
2728,217.0
2729,30.0
2730,163.0
2731,45.0
2732,25.0
2733,217.0
2734,30.0
2735,94.0
2736,67.0
2737,74.0
2738,75.0
2739,35.0
2740,66.0
2741,22.0
2742,39.0
2743,20.0
2744,415.0
2745,28.0
2746,5.0
2747,18.0
2748,22.0
2749,55.0
2750,20.0
2751,25.0
2752,200.0
2753,18.0
2754,14.0
2755,38.0
2756,25.0
2757,174.0
2758,28.0
2759,89.0
2760,30.0
2761,311.0
2762,24.0
2763,53.0
2764,18.0
2765,133.0
2766,12.0
2767,45.0
2768,17.0
2769,63.0
2770,58.0
2771,125.0
2772,53.0
2773,42.0
2774,40.0
2775,50.0
2776,61.0
2777,34.0
2778,105.0
2779,35.0
2780,34.0
2781,41.0
2782,16.0
2783,16.0
2784,83.0
2785,54.0
2786,23.0
2787,32.0
2788,70.0
2789,25.0
2790,13.0
2791,72.0
2792,30.0
2793,24.0
2794,24.0
2795,60.0
2796,17.0
2797,24.0
2798,79.0
2799,41.0
2800,37.0
2801,50.0
2802,30.0
2803,27.0
2804,42.0
2805,158.0
2806,32.0
2807,30.0
2808,16.0
2809,48.0
2810,80.0
2811,70.0
2812,41.0
2813,23.0
2814,55.0
2815,38.0
2816,41.0
2817,77.0
2818,44.0
2819,233.0
2820,63.0
2821,19.0
2822,151.0
2823,38.0
2824,48.0
2825,87.0
2826,53.0
2827,41.0
2828,44.0
2829,30.0
2830,12.0
2831,8.0
2832,115.0
2833,8.0
2834,13.0
2835,59.0
2836,25.0
2837,24.0
2838,21.0
2839,11.0
2840,34.0
2841,84.0
2842,26.0
2843,72.0
2844,26.0
2845,150.0
2846,14.0
2847,241.0
2848,27.0
2849,7.0
2850,24.0
2851,147.0
2852,52.0
2853,98.0
2854,21.0
2855,22.0
2856,113.0
2857,25.0
2858,47.0
2859,10.0
2860,24.0
2861,44.0
2862,28.0
2863,48.0
2864,195.0
2865,43.0
2866,61.0
2867,30.0
2868,71.0
2869,21.0
2870,10.0
2871,28.0
2872,48.0
2873,27.0
2874,50.0
2875,42.0
2876,45.0
2877,80.0
2878,25.0
2879,26.0
2880,36.0
2881,76.0
2882,27.0
2883,103.0
2884,39.0
2885,115.0
2886,41.0
2887,45.0
2888,82.0
2889,104.0
2890,22.0
2891,28.0
2892,17.0
2893,50.0
2894,91.0
2895,46.0
2896,24.0
2897,9.0
2898,126.0
2899,33.0
2900,29.0
2901,24.0
2902,41.0
2903,102.0
2904,35.0
2905,-9.223372036854776e+18
2906,68.0
2907,44.0
2908,450.0
2909,121.0
2910,95.0
2911,15.0
2912,-9.223372036854776e+18
2913,47.0
2914,24.0
2915,46.0
2916,20.0
2917,60.0
2918,28.0
2919,64.0
2920,30.0
2921,44.0
2922,102.0
2923,82.0
2924,51.0
2925,40.0
2926,210.0
2927,24.0
2928,54.0
2929,13.0
2930,45.0
2931,21.0
2932,59.0
2933,27.0
2934,61.0
2935,103.0
2936,12.0
2937,71.0
2938,32.0
2939,18.0
2940,142.0
2941,20.0
2942,37.0
2943,50.0
2944,77.0
2945,71.0
2946,74.0
2947,174.0
2948,78.0
2949,33.0
2950,145.0
2951,32.0
2952,32.0
2953,178.0
2954,18.0
2955,33.0
2956,14.0
2957,59.0
2958,46.0
2959,25.0
2960,24.0
2961,218.0
2962,41.0
2963,23.0
2964,91.0
2965,55.0
2966,46.0
2967,20.0
2968,135.0
2969,76.0
2970,43.0
2971,179.0
2972,107.0
2973,60.0
2974,172.0
2975,82.0
2976,115.0
2977,85.0
2978,107.0
2979,27.0
2980,14.0
2981,98.0
2982,40.0
2983,82.0
2984,73.0
2985,67.0
2986,79.0
2987,75.0
2988,33.0
2989,38.0
2990,24.0
2991,34.0
2992,31.0
2993,27.0
2994,81.0
2995,24.0
2996,17.0
2997,20.0
2998,4.0
2999,38.0
3000,97.0
3001,24.0
3002,73.0
3003,32.0
3004,29.0
3005,15.0
3006,34.0
3007,36.0
3008,26.0
3009,25.0
3010,30.0
3011,113.0
3012,101.0
3013,46.0
3014,44.0
3015,73.0
3016,23.0
3017,75.0
3018,120.0
3019,18.0
3020,84.0
3021,36.0
3022,20.0
3023,53.0
3024,203.0
3025,79.0
3026,39.0
3027,107.0
3028,32.0
3029,30.0
3030,76.0
3031,111.0
3032,150.0
3033,44.0
3034,90.0
3035,81.0
3036,159.0
3037,15.0
3038,-9.223372036854776e+18
3039,43.0
3040,24.0
3041,113.0
3042,113.0
3043,91.0
3044,11.0
3045,20.0
3046,86.0
3047,53.0
3048,35.0
3049,13.0
3050,107.0
3051,75.0
3052,24.0
3053,39.0
3054,38.0
3055,57.0
3056,49.0
3057,133.0
3058,33.0
3059,31.0
3060,18.0
3061,73.0
3062,33.0
3063,331.0
3064,38.0
3065,98.0
3066,138.0
3067,4.0
3068,155.0
3069,33.0
3070,54.0
3071,15.0
3072,75.0
3073,28.0
3074,30.0
3075,101.0
3076,60.0
3077,180.0
3078,17.0
3079,21.0
3080,41.0
3081,79.0
3082,148.0
3083,6.0
3084,660.0
3085,27.0
3086,48.0
3087,11.0
3088,118.0
3089,13.0
3090,100.0
3091,100.0
3092,37.0
3093,34.0
3094,59.0
3095,18.0
3096,23.0
3097,133.0
3098,71.0
3099,15.0
3100,19.0
3101,23.0
3102,34.0
3103,150.0
3104,65.0
3105,20.0
3106,29.0
3107,41.0
3108,23.0
3109,-9.223372036854776e+18
3110,183.0
3111,30.0
3112,15.0
3113,25.0
3114,66.0
3115,21.0
3116,181.0
3117,115.0
3118,34.0
3119,19.0
3120,24.0
3121,47.0
3122,24.0
3123,34.0
3124,12.0
3125,54.0
3126,30.0
3127,83.0
3128,51.0
3129,115.0
3130,112.0
3131,81.0
3132,54.0
3133,109.0
3134,40.0
3135,200.0
3136,31.0
3137,20.0
3138,107.0
3139,25.0
3140,27.0
3141,228.0
3142,56.0
3143,105.0
3144,14.0
3145,62.0
3146,37.0
3147,50.0
3148,59.0
3149,81.0
3150,17.0
3151,22.0
3152,33.0
3153,146.0
3154,73.0
3155,87.0
3156,9.0
3157,37.0
3158,151.0
3159,71.0
3160,48.0
3161,38.0
3162,25.0
3163,23.0
3164,83.0
3165,31.0
3166,41.0
3167,13.0
3168,92.0
3169,180.0
3170,11.0
3171,48.0
3172,18.0
3173,30.0
3174,51.0
3175,127.0
3176,27.0
3177,48.0
3178,119.0
3179,16.0
3180,75.0
3181,17.0
3182,27.0
3183,77.0
3184,5.0
3185,84.0
3186,26.0
3187,13.0
3188,75.0
3189,178.0
3190,33.0
3191,26.0
3192,102.0
3193,99.0
3194,50.0
3195,9.0
3196,120.0
3197,38.0
3198,14.0
3199,60.0
3200,38.0
3201,54.0
3202,27.0
3203,16.0
3204,73.0
3205,175.0
3206,60.0
3207,1.0
3208,60.0
3209,94.0
3210,101.0
3211,15.0
3212,32.0
3213,53.0
3214,38.0
3215,43.0
3216,87.0
3217,18.0
3218,34.0
3219,58.0
3220,7.0
3221,55.0
3222,44.0
3223,35.0
3224,20.0
3225,50.0
3226,22.0
3227,93.0
3228,47.0
3229,34.0
3230,17.0
3231,17.0
3232,4.0
3233,19.0
3234,41.0
3235,166.0
3236,13.0
3237,21.0
3238,19.0
3239,5.0
3240,65.0
3241,29.0
3242,26.0
3243,24.0
3244,47.0
3245,38.0
3246,156.0
3247,169.0
3248,62.0
3249,20.0
3250,148.0
3251,29.0
3252,25.0
3253,88.0
3254,82.0
3255,81.0
3256,36.0
3257,58.0
3258,44.0
3259,41.0
3260,148.0
3261,81.0
3262,67.0
3263,61.0
3264,53.0
3265,11.0
3266,172.0
3267,500.0
3268,32.0
3269,16.0
3270,28.0
3271,74.0
3272,95.0
3273,71.0
3274,8.0
3275,151.0
3276,33.0
3277,75.0
3278,46.0
3279,68.0
3280,15.0
3281,24.0
3282,53.0
3283,74.0
3284,188.0
3285,21.0
3286,66.0
3287,28.0
3288,450.0
3289,76.0
3290,83.0
3291,36.0
3292,67.0
3293,106.0
3294,36.0
3295,16.0
3296,33.0
3297,7.0
3298,125.0
3299,28.0
3300,45.0
3301,81.0
3302,71.0
3303,69.0
3304,12.0
3305,52.0
3306,4.0
3307,80.0
3308,14.0
3309,46.0
3310,25.0
3311,65.0
3312,69.0
3313,151.0
3314,33.0
3315,54.0
3316,39.0
3317,115.0
3318,-9.223372036854776e+18
3319,76.0
3320,66.0
3321,31.0
3322,74.0
3323,35.0
3324,55.0
3325,83.0
3326,-9.223372036854776e+18
3327,43.0
3328,168.0
3329,16.0
3330,6.0
3331,69.0
3332,115.0
3333,28.0
3334,10.0
3335,14.0
3336,45.0
3337,11.0
3338,28.0
3339,22.0
3340,27.0
3341,48.0
3342,61.0
3343,39.0
3344,33.0
3345,494.0
3346,60.0
3347,41.0
3348,67.0
3349,54.0
3350,24.0
3351,40.0
3352,63.0
3353,87.0
3354,73.0
3355,27.0
3356,51.0
3357,144.0
3358,72.0
3359,10.0
3360,21.0
3361,14.0
3362,20.0
3363,16.0
3364,15.0
3365,22.0
3366,50.0
3367,80.0
3368,23.0
3369,22.0
3370,30.0
3371,185.0
3372,19.0
3373,19.0
3374,60.0
3375,29.0
3376,748.0
3377,53.0
3378,20.0
3379,206.0
3380,58.0
3381,75.0
3382,141.0
3383,54.0
3384,81.0
3385,22.0
3386,40.0
3387,21.0
3388,54.0
3389,42.0
3390,37.0
3391,69.0
3392,59.0
3393,59.0
3394,100.0
3395,-9.223372036854776e+18
3396,19.0
3397,147.0
3398,63.0
3399,43.0
3400,30.0
3401,9.0
3402,43.0
3403,56.0
3404,71.0
3405,40.0
3406,10.0
3407,239.0
3408,41.0
3409,42.0
3410,29.0
3411,24.0
3412,40.0
3413,30.0
3414,16.0
3415,27.0
3416,22.0
3417,31.0
3418,63.0
3419,6.0
3420,67.0
3421,150.0
3422,67.0
3423,18.0
3424,24.0
3425,69.0
3426,275.0
3427,25.0
3428,66.0
3429,32.0
3430,27.0
3431,117.0
3432,60.0
3433,59.0
3434,252.0
3435,45.0
3436,250.0
3437,11.0
3438,154.0
3439,20.0
3440,33.0
3441,15.0
3442,30.0
3443,13.0
3444,33.0
3445,17.0
3446,27.0
3447,31.0
3448,26.0
3449,26.0
3450,69.0
3451,205.0
3452,75.0
3453,43.0
3454,91.0
3455,128.0
3456,48.0
3457,17.0
3458,88.0
3459,18.0
3460,28.0
3461,22.0
3462,147.0
3463,78.0
3464,15.0
3465,321.0
3466,15.0
3467,7.0
3468,28.0
3469,32.0
3470,82.0
3471,56.0
3472,20.0
3473,40.0
3474,30.0
3475,17.0
3476,38.0
3477,129.0
3478,15.0
3479,71.0
3480,26.0
3481,59.0
3482,41.0
3483,50.0
3484,172.0
3485,20.0
3486,48.0
3487,128.0
3488,87.0
3489,30.0
3490,132.0
3491,174.0
3492,155.0
3493,46.0
3494,17.0
3495,38.0
3496,12.0
3497,115.0
3498,44.0
3499,53.0
3500,21.0
3501,21.0
3502,96.0
3503,14.0
3504,14.0
3505,29.0
3506,75.0
3507,17.0
3508,28.0
3509,114.0
3510,76.0
3511,25.0
3512,85.0
3513,31.0
3514,17.0
3515,42.0
3516,76.0
3517,18.0
3518,24.0
3519,82.0
3520,23.0
3521,50.0
3522,18.0
3523,7.0
3524,70.0
3525,11.0
3526,40.0
3527,29.0
3528,27.0
3529,39.0
3530,47.0
3531,47.0
3532,29.0
3533,14.0
3534,118.0
3535,42.0
3536,36.0
3537,10.0
3538,45.0
3539,47.0
3540,33.0
3541,28.0
3542,80.0
3543,117.0
3544,52.0
3545,47.0
3546,119.0
3547,45.0
3548,20.0
3549,16.0
3550,21.0
3551,30.0
3552,146.0
3553,77.0
3554,-9.223372036854776e+18
3555,124.0
3556,45.0
3557,98.0
3558,45.0
3559,66.0
3560,29.0
3561,12.0
3562,29.0
3563,179.0
3564,37.0
3565,47.0
3566,166.0
3567,16.0
3568,49.0
3569,60.0
3570,53.0
3571,40.0
3572,47.0
3573,185.0
3574,70.0
3575,27.0
3576,74.0
3577,50.0
3578,83.0
3579,22.0
3580,145.0
3581,41.0
3582,81.0
3583,28.0
3584,127.0
3585,15.0
3586,53.0
3587,49.0
3588,91.0
3589,82.0
3590,91.0
3591,3.0
3592,164.0
3593,24.0
3594,167.0
3595,128.0
3596,91.0
3597,95.0
3598,14.0
3599,50.0
3600,18.0
3601,51.0
3602,119.0
3603,48.0
3604,28.0
3605,74.0
3606,120.0
3607,39.0
3608,32.0
3609,102.0
3610,18.0
3611,91.0
3612,53.0
3613,41.0
3614,20.0
3615,90.0
3616,77.0
3617,230.0
3618,100.0
3619,11.0
3620,44.0
3621,82.0
3622,16.0
3623,30.0
3624,25.0
3625,59.0
3626,38.0
3627,109.0
3628,61.0
3629,74.0
3630,30.0
3631,25.0
3632,242.0
3633,49.0
3634,56.0
3635,87.0
3636,68.0
3637,151.0
3638,53.0
3639,72.0
3640,51.0
3641,41.0
3642,72.0
3643,21.0
3644,51.0
3645,15.0
3646,22.0
3647,21.0
3648,129.0
3649,25.0
3650,78.0
3651,22.0
3652,45.0
3653,16.0
3654,73.0
3655,16.0
3656,101.0
3657,99.0
3658,46.0
3659,673.0
3660,18.0
3661,63.0
3662,11.0
3663,18.0
3664,41.0
3665,45.0
3666,41.0
3667,47.0
3668,38.0
3669,92.0
3670,100.0
3671,50.0
3672,51.0
3673,110.0
3674,46.0
3675,51.0
3676,14.0
3677,59.0
3678,69.0
3679,37.0
3680,78.0
3681,229.0
3682,36.0
3683,83.0
3684,41.0
3685,48.0
3686,37.0
3687,99.0
3688,59.0
3689,18.0
3690,42.0
3691,97.0
3692,248.0
3693,45.0
3694,55.0
3695,82.0
3696,38.0
3697,154.0
3698,59.0
3699,43.0
3700,50.0
3701,30.0
3702,23.0
3703,14.0
3704,56.0
3705,18.0
3706,150.0
3707,104.0
3708,176.0
3709,29.0
3710,42.0
3711,22.0
3712,66.0
3713,19.0
3714,107.0
3715,9.0
3716,217.0
3717,122.0
3718,75.0
3719,51.0
3720,106.0
3721,31.0
3722,-9.223372036854776e+18
3723,27.0
3724,140.0
3725,33.0
3726,48.0
3727,62.0
3728,120.0
3729,62.0
3730,13.0
3731,175.0
3732,113.0
3733,31.0
3734,134.0
3735,43.0
3736,112.0
3737,40.0
3738,45.0
3739,72.0
3740,117.0
3741,17.0
3742,40.0
3743,120.0
3744,101.0
3745,46.0
3746,48.0
3747,44.0
3748,32.0
3749,68.0
3750,14.0
3751,89.0
3752,25.0
3753,119.0
3754,77.0
3755,70.0
3756,76.0
3757,23.0
3758,63.0
3759,62.0
3760,36.0
3761,76.0
3762,51.0
3763,64.0
3764,39.0
3765,50.0
3766,64.0
3767,120.0
3768,25.0
3769,196.0
3770,39.0
3771,48.0
3772,125.0
3773,97.0
3774,68.0
3775,43.0
3776,34.0
3777,158.0
3778,29.0
3779,473.0
3780,76.0
3781,50.0
3782,50.0
3783,68.0
3784,36.0
3785,52.0
3786,31.0
3787,36.0
3788,41.0
3789,131.0
3790,74.0
3791,209.0
3792,165.0
3793,-9.223372036854776e+18
3794,76.0
3795,44.0
3796,75.0
3797,49.0
3798,103.0
3799,87.0
3800,11.0
3801,41.0
3802,22.0
3803,15.0
3804,98.0
3805,127.0
3806,26.0
3807,25.0
3808,96.0
3809,151.0
3810,18.0
3811,38.0
3812,15.0
3813,73.0
3814,91.0
3815,99.0
3816,73.0
3817,52.0
3818,140.0
3819,47.0
3820,77.0
3821,23.0
3822,12.0
3823,22.0
3824,504.0
3825,134.0
3826,63.0
3827,42.0
3828,129.0
3829,36.0
3830,58.0
3831,136.0
3832,62.0
3833,31.0
3834,30.0
3835,28.0
3836,98.0
3837,11.0
3838,22.0
3839,32.0
3840,303.0
3841,38.0
3842,93.0
3843,80.0
3844,24.0
3845,146.0
3846,6.0
3847,45.0
3848,28.0
3849,98.0
3850,77.0
3851,68.0
3852,23.0
3853,9.0
3854,113.0
3855,21.0
3856,51.0
3857,119.0
3858,60.0
3859,44.0
3860,42.0
3861,75.0
3862,23.0
3863,15.0
3864,54.0
3865,150.0
3866,116.0
3867,58.0
3868,47.0
3869,56.0
3870,38.0
3871,74.0
3872,74.0
3873,115.0
3874,59.0
3875,121.0
3876,17.0
3877,-9.223372036854776e+18
3878,24.0
3879,63.0
3880,223.0
3881,38.0
3882,63.0
3883,60.0
3884,14.0
3885,96.0
3886,26.0
3887,59.0
3888,35.0
3889,16.0
3890,45.0
3891,52.0
3892,115.0
3893,77.0
3894,43.0
3895,26.0
3896,26.0
3897,41.0
3898,56.0
3899,72.0
3900,151.0
3901,20.0
3902,40.0
3903,150.0
3904,20.0
3905,17.0
3906,-9.223372036854776e+18
3907,25.0
3908,35.0
3909,40.0
3910,19.0
3911,27.0
3912,28.0
3913,17.0
3914,75.0
3915,91.0
3916,31.0
3917,45.0
3918,76.0
3919,28.0
3920,35.0
3921,20.0
3922,20.0
3923,71.0
3924,75.0
3925,13.0
3926,19.0
3927,66.0
3928,25.0
3929,32.0
3930,139.0
3931,19.0
3932,101.0
3933,75.0
3934,50.0
3935,28.0
3936,41.0
3937,140.0
3938,43.0
3939,34.0
3940,24.0
3941,55.0
3942,87.0
3943,57.0
3944,33.0
3945,40.0
3946,71.0
3947,85.0
3948,55.0
3949,25.0
3950,200.0
3951,21.0
3952,36.0
3953,23.0
3954,57.0
3955,258.0
3956,179.0
3957,153.0
3958,-9.223372036854776e+18
3959,10.0
3960,36.0
3961,66.0
3962,102.0
3963,78.0
3964,41.0
3965,31.0
3966,54.0
3967,46.0
3968,39.0
3969,24.0
3970,47.0
3971,20.0
3972,77.0
3973,53.0
3974,14.0
3975,17.0
3976,15.0
3977,53.0
3978,100.0
3979,9.0
3980,36.0
3981,133.0
3982,10.0
3983,25.0
3984,21.0
3985,151.0
3986,62.0
3987,89.0
3988,42.0
3989,17.0
3990,28.0
3991,17.0
3992,22.0
3993,94.0
3994,37.0
3995,29.0
3996,46.0
3997,53.0
3998,24.0
3999,141.0
4000,63.0
4001,227.0
4002,7.0
4003,20.0
4004,57.0
4005,223.0
4006,99.0
4007,30.0
4008,30.0
4009,151.0
4010,30.0
4011,103.0
4012,25.0
4013,101.0
4014,20.0
4015,24.0
4016,15.0
4017,22.0
4018,148.0
4019,21.0
4020,12.0
4021,25.0
4022,127.0
4023,15.0
4024,194.0
4025,40.0
4026,61.0
4027,74.0
4028,18.0
4029,35.0
4030,59.0
4031,14.0
4032,30.0
4033,18.0
4034,11.0
4035,138.0
4036,28.0
4037,14.0
4038,40.0
4039,27.0
4040,51.0
4041,177.0
4042,71.0
4043,280.0
4044,56.0
4045,36.0
4046,16.0
4047,15.0
4048,7.0
4049,35.0
4050,32.0
4051,20.0
4052,36.0
4053,9.0
4054,11.0
4055,113.0
4056,15.0
4057,9.0
4058,-9.223372036854776e+18
4059,380.0
4060,35.0
4061,81.0
4062,150.0
4063,10.0
4064,28.0
4065,43.0
4066,36.0
4067,24.0
4068,14.0
4069,37.0
4070,20.0
4071,34.0
4072,30.0
4073,87.0
4074,100.0
4075,64.0
4076,14.0
4077,150.0
4078,20.0
4079,-9.223372036854776e+18
4080,92.0
4081,15.0
4082,60.0
4083,60.0
4084,39.0
4085,90.0
4086,278.0
4087,39.0
4088,27.0
4089,72.0
4090,82.0
4091,106.0
4092,65.0
4093,5.0
4094,120.0
4095,40.0
4096,98.0
4097,34.0
4098,61.0
4099,167.0
4100,25.0
4101,75.0
4102,21.0
4103,100.0
4104,28.0
4105,95.0
4106,30.0
4107,38.0
4108,38.0
4109,69.0
4110,18.0
4111,98.0
4112,35.0
4113,12.0
4114,42.0
4115,24.0
4116,24.0
4117,15.0
4118,38.0
4119,24.0
4120,36.0
4121,243.0
4122,78.0
4123,57.0
4124,195.0
4125,3.0
4126,127.0
4127,175.0
4128,63.0
4129,56.0
4130,55.0
4131,406.0
4132,22.0
4133,112.0
4134,56.0
4135,94.0
4136,117.0
4137,115.0
4138,17.0
4139,36.0
4140,115.0
4141,60.0
4142,21.0
4143,62.0
4144,-9.223372036854776e+18
4145,98.0
4146,22.0
4147,63.0
4148,63.0
4149,125.0
4150,68.0
4151,56.0
4152,120.0
4153,33.0
4154,45.0
4155,57.0
4156,18.0
4157,120.0
4158,166.0
4159,20.0
4160,136.0
4161,60.0
4162,43.0
4163,158.0
4164,87.0
4165,43.0
4166,93.0
4167,117.0
4168,450.0
4169,139.0
4170,12.0
4171,46.0
4172,89.0
4173,16.0
4174,53.0
4175,25.0
4176,77.0
4177,10.0
4178,20.0
4179,25.0
4180,20.0
4181,10.0
4182,33.0
4183,37.0
4184,43.0
4185,167.0
4186,100.0
4187,36.0
4188,80.0
4189,30.0
4190,24.0
4191,57.0
4192,54.0
4193,94.0
4194,76.0
4195,11.0
4196,63.0
4197,30.0
4198,53.0
4199,-9.223372036854776e+18
4200,97.0
4201,142.0
4202,294.0
4203,75.0
4204,713.0
4205,140.0
4206,27.0
4207,19.0
4208,43.0
4209,150.0
4210,21.0
4211,27.0
4212,24.0
4213,94.0
4214,53.0
4215,35.0
4216,48.0
4217,24.0
4218,-9.223372036854776e+18
4219,136.0
4220,14.0
4221,47.0
4222,20.0
4223,65.0
4224,75.0
4225,137.0
4226,23.0
4227,195.0
4228,30.0
4229,22.0
4230,13.0
4231,42.0
4232,24.0
4233,54.0
4234,29.0
4235,140.0
4236,18.0
4237,104.0
4238,68.0
4239,22.0
4240,98.0
4241,61.0
4242,19.0
4243,18.0
4244,14.0
4245,31.0
4246,154.0
4247,31.0
4248,14.0
4249,11.0
4250,44.0
4251,25.0
4252,11.0
4253,75.0
4254,20.0
4255,24.0
4256,15.0
4257,24.0
4258,31.0
4259,32.0
4260,39.0
4261,40.0
4262,119.0
4263,79.0
4264,45.0
4265,32.0
4266,27.0
4267,14.0
4268,41.0
4269,107.0
4270,30.0
4271,7.0
4272,77.0
4273,27.0
4274,77.0
4275,-9.223372036854776e+18
4276,26.0
4277,10.0
4278,22.0
4279,73.0
4280,28.0
4281,121.0
4282,8.0
4283,12.0
4284,59.0
4285,190.0
4286,77.0
4287,45.0
4288,135.0
4289,-9.223372036854776e+18
4290,-9.223372036854776e+18
4291,-9.223372036854776e+18
4292,-9.223372036854776e+18
4293,-9.223372036854776e+18
4294,-9.223372036854776e+18
4295,-9.223372036854776e+18
4296,27.0
4297,43.0
4298,68.0
4299,17.0
4300,30.0
4301,17.0
4302,56.0
4303,37.0
4304,18.0
4305,30.0
4306,62.0
4307,34.0
4308,-9.223372036854776e+18
4309,31.0
4310,98.0
4311,43.0
4312,11.0
4313,85.0
4314,59.0
4315,72.0
4316,30.0
4317,75.0
4318,65.0
4319,52.0
4320,62.0
4321,62.0
4322,85.0
4323,57.0
4324,10.0
4325,58.0
4326,40.0
4327,44.0
4328,62.0
4329,70.0
4330,87.0
4331,13.0
4332,88.0
4333,-9.223372036854776e+18
4334,151.0
4335,86.0
4336,15.0
4337,49.0
4338,105.0
4339,22.0
4340,165.0
4341,68.0
4342,39.0
4343,53.0
4344,37.0
4345,19.0
4346,32.0
4347,127.0
4348,31.0
4349,66.0
4350,183.0
4351,21.0
4352,18.0
4353,61.0
4354,32.0
4355,43.0
4356,-9.223372036854776e+18
4357,15.0
4358,13.0
4359,29.0
4360,72.0
4361,23.0
4362,15.0
4363,42.0
4364,130.0
4365,84.0
4366,66.0
4367,45.0
4368,45.0
4369,9.0
4370,20.0
4371,23.0
4372,123.0
4373,179.0
4374,124.0
4375,42.0
4376,83.0
4377,46.0
4378,165.0
4379,82.0
4380,62.0
4381,19.0
4382,61.0
4383,-9.223372036854776e+18
4384,31.0
4385,32.0
4386,25.0
4387,19.0
4388,42.0
4389,40.0
4390,56.0
4391,150.0
4392,116.0
4393,140.0
4394,13.0
4395,106.0
4396,75.0
4397,38.0
4398,31.0
4399,94.0
4400,56.0
4401,77.0
4402,91.0
4403,13.0
4404,45.0
4405,45.0
4406,38.0
4407,65.0
4408,169.0
4409,12.0
4410,43.0
4411,54.0
4412,106.0
4413,35.0
4414,20.0
4415,23.0
4416,40.0
4417,5.0
4418,33.0
4419,56.0
4420,-9.223372036854776e+18
4421,13.0
4422,28.0
4423,45.0
4424,29.0
4425,37.0
4426,60.0
4427,41.0
4428,15.0
4429,51.0
4430,150.0
4431,26.0
4432,71.0
4433,89.0
4434,45.0
4435,30.0
4436,60.0
4437,40.0
4438,40.0
4439,22.0
4440,30.0
4441,17.0
4442,37.0
4443,22.0
4444,14.0
4445,89.0
4446,129.0
4447,31.0
4448,53.0
4449,30.0
4450,19.0
4451,49.0
4452,41.0
4453,71.0
4454,25.0
4455,-9.223372036854776e+18
4456,77.0
4457,31.0
4458,11.0
4459,28.0
4460,274.0
4461,105.0
4462,75.0
4463,33.0
4464,26.0
4465,23.0
4466,11.0
4467,14.0
4468,26.0
4469,43.0
4470,55.0
4471,101.0
4472,20.0
4473,105.0
4474,55.0
4475,20.0
4476,117.0
4477,36.0
4478,37.0
4479,22.0
4480,37.0
4481,168.0
4482,110.0
4483,22.0
4484,175.0
4485,23.0
4486,105.0
4487,78.0
4488,90.0
4489,61.0
4490,32.0
4491,46.0
4492,144.0
4493,60.0
4494,89.0
4495,167.0
4496,35.0
4497,12.0
4498,41.0
4499,73.0
4500,37.0
4501,20.0
4502,20.0
4503,41.0
4504,51.0
4505,31.0
4506,98.0
4507,45.0
4508,30.0
4509,217.0
4510,15.0
4511,54.0
4512,115.0
4513,39.0
4514,24.0
4515,148.0
4516,17.0
4517,44.0
4518,35.0
4519,40.0
4520,112.0
4521,41.0
4522,90.0
4523,145.0
4524,219.0
4525,156.0
4526,75.0
4527,35.0
4528,20.0
4529,34.0
4530,25.0
4531,121.0
4532,6.0
4533,19.0
4534,29.0
4535,89.0
4536,16.0
4537,117.0
4538,84.0
4539,60.0
4540,16.0
4541,203.0
4542,-9.223372036854776e+18
4543,15.0
4544,90.0
4545,26.0
4546,103.0
4547,61.0
4548,84.0
4549,30.0
4550,21.0
4551,52.0
4552,65.0
4553,41.0
4554,15.0
4555,80.0
4556,41.0
4557,50.0
4558,128.0
4559,219.0
4560,150.0
4561,40.0
4562,164.0
4563,11.0
4564,34.0
4565,-9.223372036854776e+18
4566,87.0
4567,30.0
4568,30.0
4569,157.0
4570,75.0
4571,25.0
4572,274.0
4573,-9.223372036854776e+18
4574,89.0
4575,63.0
4576,49.0
4577,27.0
4578,115.0
4579,-9.223372036854776e+18
4580,74.0
4581,130.0
4582,17.0
4583,58.0
4584,4.0
4585,200.0
4586,60.0
4587,23.0
4588,50.0
4589,303.0
4590,24.0
4591,35.0
4592,59.0
4593,29.0
4594,75.0
4595,24.0
4596,138.0
4597,67.0
4598,89.0
4599,-9.223372036854776e+18
4600,22.0
4601,19.0
4602,44.0
4603,64.0
4604,24.0
4605,7.0
4606,12.0
4607,137.0
4608,36.0
4609,51.0
4610,46.0
4611,14.0
4612,59.0
4613,58.0
4614,45.0
4615,62.0
4616,59.0
4617,25.0
4618,30.0
4619,54.0
4620,30.0
4621,7.0
4622,75.0
4623,75.0
4624,20.0
4625,65.0
4626,118.0
4627,81.0
4628,30.0
4629,30.0
4630,166.0
4631,17.0
4632,58.0
4633,99.0
4634,85.0
4635,26.0
4636,43.0
4637,53.0
4638,47.0
4639,41.0
4640,117.0
4641,41.0
4642,154.0
4643,27.0
4644,14.0
4645,67.0
4646,107.0
4647,21.0
4648,75.0
4649,87.0
4650,28.0
4651,92.0
4652,34.0
4653,32.0
4654,99.0
4655,30.0
4656,53.0
4657,6.0
4658,70.0
4659,175.0
4660,158.0
4661,-9.223372036854776e+18
4662,53.0
4663,59.0
4664,14.0
4665,59.0
4666,90.0
4667,30.0
4668,38.0
4669,49.0
4670,10.0
4671,23.0
4672,18.0
4673,35.0
4674,22.0
4675,66.0
4676,66.0
4677,10.0
4678,24.0
4679,77.0
4680,250.0
4681,16.0
4682,13.0
4683,29.0
4684,69.0
4685,114.0
4686,14.0
4687,21.0
4688,49.0
4689,149.0
4690,50.0
4691,16.0
4692,10.0
4693,10.0
4694,24.0
4695,72.0
4696,184.0
4697,72.0
4698,50.0
4699,122.0
4700,115.0
4701,67.0
4702,-9.223372036854776e+18
4703,66.0
4704,98.0
4705,34.0
4706,151.0
4707,31.0
4708,30.0
4709,35.0
4710,24.0
4711,23.0
4712,258.0
4713,41.0
4714,72.0
4715,112.0
4716,14.0
4717,37.0
4718,40.0
4719,137.0
4720,59.0
4721,72.0
4722,27.0
4723,29.0
4724,267.0
4725,51.0
4726,58.0
4727,134.0
4728,30.0
4729,26.0
4730,43.0
4731,52.0
4732,27.0
4733,28.0
4734,132.0
4735,13.0
4736,32.0
4737,75.0
4738,26.0
4739,14.0
4740,165.0
4741,105.0
4742,61.0
4743,12.0
4744,158.0
4745,32.0
4746,70.0
4747,31.0
4748,43.0
4749,-9.223372036854776e+18
4750,35.0
4751,21.0
4752,104.0
4753,25.0
4754,35.0
4755,68.0
4756,22.0
4757,316.0
4758,33.0
4759,44.0
4760,110.0
4761,9.0
4762,61.0
4763,25.0
4764,33.0
4765,32.0
4766,30.0
4767,95.0
4768,-9.223372036854776e+18
4769,35.0
4770,75.0
4771,51.0
4772,61.0
4773,148.0
4774,2.0
4775,99.0
4776,51.0
4777,50.0
4778,65.0
4779,17.0
4780,45.0
4781,7.0
4782,20.0
4783,53.0
4784,41.0
4785,17.0
4786,48.0
4787,51.0
4788,26.0
4789,95.0
4790,24.0
4791,69.0
4792,50.0
4793,22.0
4794,46.0
4795,41.0
4796,41.0
4797,189.0
4798,11.0
4799,32.0
4800,31.0
4801,-9.223372036854776e+18
4802,71.0
4803,138.0
4804,13.0
4805,32.0
4806,61.0
4807,59.0
4808,6.0
4809,135.0
4810,21.0
4811,63.0
4812,78.0
4813,39.0
4814,20.0
4815,46.0
4816,27.0
4817,58.0
4818,39.0
4819,45.0
4820,30.0
4821,21.0
4822,45.0
4823,27.0
4824,6.0
4825,19.0
4826,51.0
4827,20.0
4828,75.0
4829,48.0
4830,110.0
4831,17.0
4832,-9.223372036854776e+18
4833,100.0
4834,35.0
4835,17.0
4836,144.0
4837,83.0
4838,64.0
4839,21.0
4840,34.0
4841,17.0
4842,89.0
4843,61.0
4844,54.0
4845,23.0
4846,-9.223372036854776e+18
4847,41.0
4848,18.0
4849,115.0
4850,16.0
4851,66.0
4852,18.0
4853,82.0
4854,43.0
4855,17.0
4856,55.0
4857,57.0
4858,-9.223372036854776e+18
4859,107.0
4860,55.0
4861,18.0
4862,163.0
4863,13.0
4864,14.0
4865,40.0
4866,55.0
4867,39.0
4868,23.0
4869,36.0
4870,31.0
4871,50.0
4872,52.0
4873,30.0
4874,7.0
4875,51.0
4876,8.0
4877,135.0
4878,19.0
4879,19.0
4880,85.0
4881,29.0
4882,182.0
4883,11.0
4884,22.0
4885,19.0
4886,8.0
4887,22.0
4888,52.0
4889,118.0
4890,23.0
4891,215.0
4892,-9.223372036854776e+18
4893,16.0
4894,49.0
4895,13.0
4896,19.0
4897,49.0
4898,73.0
4899,24.0
4900,36.0
4901,9.0
4902,114.0
4903,74.0
4904,14.0
4905,60.0
4906,47.0
4907,37.0
4908,40.0
4909,44.0
4910,150.0
4911,79.0
4912,154.0
4913,15.0
4914,214.0
4915,96.0
4916,31.0
4917,106.0
4918,22.0
4919,49.0
4920,263.0
4921,17.0
4922,83.0
4923,117.0
4924,19.0
4925,28.0
4926,27.0
4927,22.0
4928,90.0
4929,70.0
4930,92.0
4931,268.0
4932,92.0
4933,11.0
4934,113.0
4935,34.0
4936,67.0
4937,76.0
4938,13.0
4939,44.0
4940,10.0
4941,53.0
4942,166.0
4943,137.0
4944,-9.223372036854776e+18
4945,66.0
4946,47.0
4947,81.0
4948,72.0
4949,223.0
4950,44.0
4951,30.0
4952,65.0
4953,147.0
4954,75.0
4955,15.0
4956,177.0
4957,42.0
4958,76.0
4959,13.0
4960,78.0
4961,23.0
4962,27.0
4963,148.0
4964,15.0
4965,128.0
4966,123.0
4967,17.0
4968,-9.223372036854776e+18
4969,41.0
4970,141.0
4971,69.0
4972,9.0
4973,53.0
4974,60.0
4975,54.0
4976,101.0
4977,19.0
4978,19.0
4979,23.0
4980,18.0
4981,28.0
4982,19.0
4983,-9.223372036854776e+18
4984,83.0
4985,78.0
4986,81.0
4987,500.0
4988,69.0
4989,115.0
4990,48.0
4991,26.0
4992,115.0
4993,41.0
4994,74.0
4995,11.0
4996,93.0
4997,73.0
4998,47.0
4999,51.0
5000,50.0
5001,8.0
5002,12.0
5003,48.0
5004,14.0
5005,25.0
5006,109.0
5007,24.0
5008,85.0
5009,37.0
5010,93.0
5011,12.0
5012,178.0
5013,172.0
5014,36.0
5015,23.0
5016,71.0
5017,10.0
5018,49.0
5019,164.0
5020,48.0
5021,-9.223372036854776e+18
5022,57.0
5023,76.0
5024,68.0
5025,113.0
5026,135.0
5027,7.0
5028,45.0
5029,33.0
5030,111.0
5031,9.0
5032,52.0
5033,52.0
5034,133.0
5035,250.0
5036,58.0
5037,67.0
5038,71.0
5039,19.0
5040,24.0
5041,122.0
5042,33.0
5043,120.0
5044,-9.223372036854776e+18
5045,-9.223372036854776e+18
5046,18.0
5047,82.0
5048,39.0
5049,36.0
5050,91.0
5051,39.0
5052,34.0
5053,-9.223372036854776e+18
5054,76.0
5055,24.0
5056,177.0
5057,70.0
5058,50.0
5059,89.0
5060,20.0
5061,40.0
5062,163.0
5063,7.0
5064,22.0
5065,68.0
5066,129.0
5067,24.0
5068,18.0
5069,18.0
5070,36.0
5071,72.0
5072,81.0
5073,-9.223372036854776e+18
5074,48.0
5075,27.0
5076,22.0
5077,149.0
5078,39.0
5079,39.0
5080,39.0
5081,33.0
5082,12.0
5083,20.0
5084,7.0
5085,33.0
5086,36.0
5087,154.0
5088,34.0
5089,27.0
5090,92.0
5091,137.0
5092,16.0
5093,27.0
5094,44.0
5095,27.0
5096,55.0
5097,18.0
5098,13.0
5099,33.0
5100,42.0
5101,32.0
5102,33.0
5103,120.0
5104,55.0
5105,84.0
5106,56.0
5107,94.0
5108,34.0
5109,27.0
5110,91.0
5111,40.0
5112,46.0
5113,206.0
5114,44.0
5115,30.0
5116,17.0
5117,181.0
5118,33.0
5119,75.0
5120,115.0
5121,89.0
5122,40.0
5123,30.0
5124,45.0
5125,32.0
5126,115.0
5127,15.0
5128,27.0
5129,22.0
5130,93.0
5131,22.0
5132,28.0
5133,83.0
5134,45.0
5135,19.0
5136,15.0
5137,103.0
5138,47.0
5139,31.0
5140,27.0
5141,14.0
5142,50.0
5143,24.0
5144,121.0
5145,51.0
5146,37.0
5147,63.0
5148,29.0
5149,35.0
5150,30.0
5151,21.0
5152,50.0
5153,44.0
5154,17.0
5155,67.0
5156,65.0
5157,8.0
5158,20.0
5159,48.0
5160,46.0
5161,113.0
5162,90.0
5163,58.0
5164,107.0
5165,78.0
5166,39.0
5167,72.0
5168,52.0
5169,124.0
5170,41.0
5171,190.0
5172,56.0
5173,56.0
5174,25.0
5175,215.0
5176,36.0
5177,89.0
5178,29.0
5179,22.0
5180,25.0
5181,6.0
5182,47.0
5183,77.0
5184,126.0
5185,57.0
5186,222.0
5187,38.0
5188,11.0
5189,38.0
5190,124.0
5191,14.0
5192,158.0
5193,60.0
5194,209.0
5195,18.0
5196,141.0
5197,20.0
5198,130.0
5199,-9.223372036854776e+18
5200,148.0
5201,30.0
5202,10.0
5203,140.0
5204,28.0
5205,118.0
5206,14.0
5207,15.0
5208,16.0
5209,34.0
5210,75.0
5211,12.0
5212,15.0
5213,32.0
5214,22.0
5215,107.0
5216,69.0
5217,115.0
5218,45.0
5219,7.0
5220,27.0
5221,23.0
5222,52.0
5223,18.0
5224,11.0
5225,38.0
5226,37.0
5227,41.0
5228,36.0
5229,10.0
5230,41.0
5231,18.0
5232,50.0
5233,132.0
5234,26.0
5235,70.0
5236,90.0
5237,40.0
5238,21.0
5239,20.0
5240,26.0
5241,36.0
5242,256.0
5243,52.0
5244,40.0
5245,16.0
5246,227.0
5247,26.0
5248,64.0
5249,27.0
5250,12.0
5251,22.0
5252,-9.223372036854776e+18
5253,114.0
5254,30.0
5255,58.0
5256,44.0
5257,70.0
5258,101.0
5259,30.0
5260,22.0
5261,34.0
5262,54.0
5263,77.0
5264,163.0
5265,-9.223372036854776e+18
5266,18.0
5267,126.0
5268,17.0
5269,25.0
5270,17.0
5271,72.0
5272,39.0
5273,12.0
5274,49.0
5275,14.0
5276,25.0
5277,29.0
5278,154.0
5279,30.0
5280,77.0
5281,15.0
5282,98.0
5283,20.0
5284,116.0
5285,219.0
5286,41.0
5287,38.0
5288,63.0
5289,45.0
5290,50.0
5291,25.0
5292,52.0
5293,30.0
5294,11.0
5295,98.0
5296,53.0
5297,25.0
5298,42.0
5299,16.0
5300,157.0
5301,24.0
5302,18.0
5303,45.0
5304,27.0
5305,20.0
5306,51.0
5307,76.0
5308,14.0
5309,83.0
5310,56.0
5311,-9.223372036854776e+18
5312,24.0
5313,64.0
5314,92.0
5315,71.0
5316,22.0
5317,42.0
5318,72.0
5319,50.0
5320,44.0
5321,50.0
5322,22.0
5323,262.0
5324,120.0
5325,152.0
5326,29.0
5327,14.0
5328,26.0
5329,60.0
5330,66.0
5331,108.0
5332,36.0
5333,42.0
5334,13.0
5335,16.0
5336,20.0
5337,118.0
5338,42.0
5339,19.0
5340,75.0
5341,59.0
5342,40.0
5343,65.0
5344,-9.223372036854776e+18
5345,84.0
5346,53.0
5347,46.0
5348,136.0
5349,43.0
5350,50.0
5351,90.0
5352,18.0
5353,17.0
5354,36.0
5355,172.0
5356,60.0
5357,13.0
5358,14.0
5359,53.0
5360,56.0
5361,158.0
5362,204.0
5363,35.0
5364,11.0
5365,77.0
5366,59.0
5367,-9.223372036854776e+18
5368,19.0
5369,51.0
5370,10.0
5371,24.0
5372,15.0
5373,11.0
5374,54.0
5375,17.0
5376,90.0
5377,178.0
5378,125.0
5379,190.0
5380,103.0
5381,162.0
5382,47.0
5383,97.0
5384,33.0
5385,81.0
5386,34.0
5387,38.0
5388,8.0
5389,43.0
5390,38.0
5391,79.0
5392,25.0
5393,40.0
5394,67.0
5395,19.0
5396,27.0
5397,6.0
5398,19.0
5399,67.0
5400,32.0
5401,24.0
5402,195.0
5403,14.0
5404,63.0
5405,39.0
5406,30.0
5407,28.0
5408,408.0
5409,24.0
5410,83.0
5411,-9.223372036854776e+18
5412,132.0
5413,58.0
5414,39.0
5415,191.0
5416,21.0
5417,29.0
5418,157.0
5419,35.0
5420,20.0
5421,59.0
5422,45.0
5423,36.0
5424,146.0
5425,97.0
5426,21.0
5427,58.0
5428,-9.223372036854776e+18
5429,41.0
5430,-9.223372036854776e+18
5431,51.0
5432,57.0
5433,37.0
5434,38.0
5435,-9.223372036854776e+18
5436,-9.223372036854776e+18
5437,106.0
5438,28.0
5439,39.0
5440,159.0
5441,141.0
5442,134.0
5443,14.0
5444,19.0
5445,24.0
5446,185.0
5447,19.0
5448,48.0
5449,142.0
5450,65.0
5451,30.0
5452,111.0
5453,58.0
5454,53.0
5455,111.0
5456,98.0
5457,135.0
5458,50.0
5459,13.0
5460,56.0
5461,146.0
5462,118.0
5463,40.0
5464,86.0
5465,66.0
5466,21.0
5467,19.0
5468,89.0
5469,15.0
5470,8.0
5471,46.0
5472,50.0
5473,6.0
5474,15.0
5475,18.0
5476,33.0
5477,32.0
5478,19.0
5479,90.0
5480,150.0
5481,69.0
5482,39.0
5483,33.0
5484,33.0
5485,50.0
5486,115.0
5487,12.0
5488,55.0
5489,49.0
5490,67.0
5491,44.0
5492,46.0
5493,15.0
5494,34.0
5495,50.0
5496,-9.223372036854776e+18
5497,15.0
5498,20.0
5499,13.0
5500,11.0
5501,70.0
5502,12.0
5503,57.0
5504,57.0
5505,32.0
5506,15.0
5507,51.0
5508,214.0
5509,64.0
5510,29.0
5511,66.0
5512,50.0
5513,23.0
5514,41.0
5515,16.0
5516,20.0
5517,105.0
5518,13.0
5519,40.0
5520,51.0
5521,121.0
5522,59.0
5523,31.0
5524,64.0
5525,19.0
5526,44.0
5527,264.0
5528,42.0
5529,60.0
5530,104.0
5531,99.0
5532,24.0
5533,322.0
5534,109.0
5535,52.0
5536,54.0
5537,28.0
5538,32.0
5539,34.0
5540,26.0
5541,248.0
5542,18.0
5543,70.0
5544,23.0
5545,99.0
5546,61.0
5547,17.0
5548,57.0
5549,60.0
5550,52.0
5551,17.0
5552,72.0
5553,33.0
5554,19.0
5555,17.0
5556,25.0
5557,18.0
5558,138.0
5559,40.0
5560,28.0
5561,104.0
5562,59.0
5563,39.0
5564,66.0
5565,102.0
5566,14.0
5567,76.0
5568,15.0
5569,41.0
5570,92.0
5571,39.0
5572,19.0
5573,40.0
5574,108.0
5575,30.0
5576,10.0
5577,6.0
5578,21.0
5579,201.0
5580,36.0
5581,56.0
5582,115.0
5583,63.0
5584,190.0
5585,142.0
5586,163.0
5587,39.0
5588,46.0
5589,59.0
5590,90.0
5591,45.0
5592,10.0
5593,120.0
5594,19.0
5595,27.0
5596,65.0
5597,101.0
5598,146.0
5599,43.0
5600,44.0
5601,38.0
5602,40.0
5603,10.0
5604,3.0
5605,68.0
5606,69.0
5607,15.0
5608,43.0
5609,7.0
5610,52.0
5611,27.0
5612,39.0
5613,75.0
5614,9.0
5615,72.0
5616,110.0
5617,21.0
5618,117.0
5619,30.0
5620,68.0
5621,72.0
5622,46.0
5623,75.0
5624,50.0
5625,153.0
5626,22.0
5627,152.0
5628,32.0
5629,114.0
5630,20.0
5631,60.0
5632,14.0
5633,37.0
5634,57.0
5635,31.0
5636,43.0
5637,39.0
5638,32.0
5639,23.0
5640,30.0
5641,19.0
5642,41.0
5643,13.0
5644,-9.223372036854776e+18
5645,7.0
5646,10.0
5647,35.0
5648,9.0
5649,9.0
5650,40.0
5651,121.0
5652,10.0
5653,18.0
5654,17.0
5655,71.0
5656,30.0
5657,26.0
5658,37.0
5659,14.0
5660,38.0
5661,23.0
5662,51.0
5663,117.0
5664,68.0
5665,92.0
5666,16.0
5667,96.0
5668,35.0
5669,51.0
5670,6.0
5671,94.0
5672,113.0
5673,25.0
5674,204.0
5675,63.0
5676,118.0
5677,23.0
5678,57.0
5679,15.0
5680,-9.223372036854776e+18
5681,48.0
5682,33.0
5683,14.0
5684,89.0
5685,83.0
5686,20.0
5687,136.0
5688,45.0
5689,10.0
5690,15.0
5691,10.0
5692,45.0
5693,225.0
5694,43.0
5695,41.0
5696,27.0
5697,176.0
5698,151.0
5699,-9.223372036854776e+18
5700,36.0
5701,-9.223372036854776e+18
5702,42.0
5703,34.0
5704,34.0
5705,37.0
5706,59.0
5707,89.0
5708,229.0
5709,-9.223372036854776e+18
5710,52.0
5711,57.0
5712,316.0
5713,69.0
5714,127.0
5715,107.0
5716,19.0
5717,98.0
5718,7.0
5719,83.0
5720,10.0
5721,136.0
5722,70.0
5723,17.0
5724,30.0
5725,8.0
5726,21.0
5727,10.0
5728,50.0
5729,88.0
5730,20.0
5731,45.0
5732,104.0
5733,88.0
5734,67.0
5735,81.0
5736,42.0
5737,107.0
5738,24.0
5739,40.0
5740,21.0
5741,30.0
5742,26.0
5743,60.0
