,framerates
0,25.0
1,24.01315789473684
2,14.285714285714285
3,10.0
4,13.392857142857142
5,12.5
6,10.0
7,16.666666666666668
8,20.0
9,
10,14.009661835748792
11,10.0
12,10.0
13,14.285714285714285
14,7.777777777777778
15,9.09090909090909
16,10.0
17,16.666666666666668
18,12.5
19,10.0
20,10.0
21,14.970059880239521
22,8.333333333333334
23,7.142857142857142
24,10.0
25,7.6923076923076925
26,20.0
27,14.285714285714285
28,14.9812734082397
29,10.0
30,10.0
31,25.0
32,14.970059880239521
33,14.285714285714285
34,10.0
35,10.0
36,30.18867924528302
37,16.38888888888889
38,11.970074812967582
39,20.0
40,20.0
41,10.0
42,8.254716981132075
43,16.666666666666668
44,25.0
45,10.90909090909091
46,7.003891050583658
47,25.0
48,25.0
49,10.984848484848484
50,14.953271028037383
51,20.0
52,14.285714285714285
53,10.0
54,14.994363021420519
55,12.5
56,16.666666666666668
57,12.012987012987013
58,24.951267056530213
59,14.285714285714285
60,24.107142857142858
61,10.0
62,25.30345471521942
63,20.0
64,20.0
65,14.985590778097983
66,10.0
67,25.0
68,10.0
69,11.11111111111111
70,23.052959501557634
71,10.0
72,50.0
73,14.285714285714285
74,25.0
75,11.11111111111111
76,10.0
77,29.95658465991317
78,25.0
79,20.0
80,14.973262032085561
81,5.555555555555555
82,14.994829369183039
83,25.0
84,10.0
85,20.0
86,10.0
87,10.0
88,10.0
89,25.0
90,15.010570824524313
91,12.033195020746888
92,14.988814317673379
93,16.666666666666668
94,25.0
95,7.142857142857142
96,15.0
97,25.0
98,22.897196261682243
99,20.0
100,15.011160714285715
101,7.6923076923076925
102,20.0
103,10.0
104,14.994487320837926
105,10.0
106,25.0
107,25.0
108,15.024630541871922
109,16.666666666666668
110,14.982578397212544
111,21.755725190839694
112,25.0
113,10.0
114,15.022091310751104
115,16.666666666666668
116,25.0
117,14.9812734082397
118,25.0
119,25.0
120,10.0
121,10.0
122,12.5
123,10.0
124,
125,8.333333333333334
126,16.666666666666668
127,7.6923076923076925
128,27.62836185819071
129,22.084367245657567
130,15.053763440860216
131,25.0
132,10.0
133,14.285714285714285
134,14.285714285714285
135,10.0
136,25.0
137,25.0
138,10.0
139,10.0
140,16.666666666666668
141,14.285714285714285
142,7.6923076923076925
143,24.832214765100673
144,
145,10.0
146,14.957264957264957
147,15.035799522673031
148,25.0
149,15.035799522673031
150,6.666666666666667
151,33.333333333333336
152,23.974255832662912
153,25.0
154,14.0
155,25.0
156,10.0
157,23.89937106918239
158,10.0
159,20.0
160,8.333333333333334
161,10.0
162,8.333333333333334
163,16.666666666666668
164,10.0
165,25.0
166,10.0
167,16.666666666666668
168,33.333333333333336
169,33.333333333333336
170,11.11111111111111
171,25.0
172,5.88235294117647
173,10.0
174,
175,16.666666666666668
176,25.0
177,14.285714285714285
178,15.107913669064748
179,30.048076923076923
180,16.666666666666668
181,19.636363636363637
182,14.285714285714285
183,14.285714285714285
184,14.957264957264957
185,20.0
186,25.0
187,16.666666666666668
188,14.987714987714988
189,23.91304347826087
190,12.007168458781361
191,20.0
192,25.0
193,25.0
194,14.960629921259843
195,15.037593984962406
196,14.935064935064934
197,14.285714285714285
198,15.189873417721518
199,50.0
200,9.09090909090909
201,15.022091310751104
202,20.0
203,10.0
204,14.285714285714285
205,12.5
206,10.0
207,25.0
208,7.6923076923076925
209,10.0
210,16.666666666666668
211,10.0
212,10.0
213,25.0
214,14.285714285714285
215,14.970059880239521
216,11.11111111111111
217,14.9812734082397
218,14.285714285714285
219,20.0
220,10.0
221,33.39920948616601
222,25.0
223,
224,24.193548387096772
225,8.333333333333334
226,14.285714285714285
227,20.0
228,7.003891050583658
229,20.0
230,9.09090909090909
231,10.0
232,10.0
233,14.285714285714285
234,20.0
235,20.0
236,11.978221415607987
237,25.0
238,15.0
239,25.0
240,15.034168564920273
241,
242,25.0
243,14.970059880239521
244,25.0
245,25.0
246,14.963503649635037
247,10.0
248,25.0
249,7.010309278350515
250,14.285714285714285
251,
252,5.555555555555555
253,25.0
254,20.0
255,20.0
256,20.54140127388535
257,10.0
258,16.666666666666668
259,15.03623188405797
260,14.285714285714285
261,25.0
262,25.0
263,33.333333333333336
264,16.666666666666668
265,14.985590778097983
266,12.5
267,14.0
268,20.0
269,10.0
270,13.937282229965156
271,10.0
272,8.333333333333334
273,10.0
274,25.0
275,10.0
276,24.019607843137255
277,14.285714285714285
278,20.0
279,10.0
280,10.0
281,10.0
282,14.987714987714988
283,20.0
284,25.0
285,25.0
286,10.0
287,30.02028397565923
288,14.965986394557822
289,11.11111111111111
290,20.0
291,25.0
292,30.0
293,21.9672131147541
294,10.0
295,15.057915057915057
296,14.285714285714285
297,6.666666666666667
298,25.0
299,8.333333333333334
300,10.0
301,10.19108280254777
302,14.285714285714285
303,10.0
304,25.0
305,25.0
306,20.0
307,12.5
308,10.0
309,20.0
310,
311,33.333333333333336
312,14.285714285714285
313,7.674418604651163
314,21.166032953105198
315,10.0
316,30.06993006993007
317,16.00985221674877
318,10.0
319,30.065359477124183
320,29.914529914529915
321,13.926701570680628
322,14.846416382252558
323,10.0
324,10.0
325,20.0
326,20.0
327,12.025316455696203
328,10.0
329,25.0
330,10.0
331,14.084507042253522
332,15.131578947368421
333,22.073578595317727
334,6.666666666666667
335,20.0
336,10.0
337,29.842931937172775
338,6.982543640897756
339,14.960629921259843
340,25.0
341,12.5
342,33.333333333333336
343,25.0
344,25.0
345,15.107913669064748
346,10.0
347,15.057915057915057
348,10.0
349,20.0
350,10.0
351,14.984709480122325
352,14.960629921259843
353,25.0
354,19.166666666666664
355,22.07792207792208
356,15.044247787610619
357,16.666666666666668
358,25.0
359,25.0
360,24.637681159420293
361,25.0
362,10.0
363,23.904382470119522
364,14.987080103359174
365,15.050167224080267
366,15.022091310751104
367,16.666666666666668
368,10.0
369,14.285714285714285
370,14.12639405204461
371,14.285714285714285
372,25.0
373,14.991482112436117
374,33.333333333333336
375,14.986737400530505
376,20.0
377,14.984709480122325
378,11.11111111111111
379,25.0
380,12.0
381,20.0
382,10.0
383,25.0
384,10.0
385,24.565217391304348
386,10.0
387,16.666666666666668
388,25.0
389,14.285714285714285
390,25.0
391,26.79738562091503
392,25.0
393,15.068493150684931
394,25.0
395,15.050167224080267
396,12.5
397,16.013071895424837
398,11.11111111111111
399,10.0
400,29.85781990521327
401,25.0
402,25.0
403,14.977973568281937
404,33.333333333333336
405,7.6923076923076925
406,25.0
407,14.285714285714285
408,25.0
409,25.0
410,25.0
411,10.0
412,15.068493150684931
413,20.0
414,10.0
415,16.666666666666668
416,25.0
417,25.0
418,
419,28.5
420,25.0
421,20.0
422,25.0
423,25.0
424,10.0
425,9.705882352941178
426,25.0
427,25.0
428,25.0
429,25.0
430,14.0625
431,20.0
432,10.0
433,10.0
434,25.0
435,5.995717344753747
436,12.5
437,6.666666666666667
438,25.0
439,14.975845410628018
440,10.0
441,24.299065420560748
442,10.0
443,10.0
444,8.333333333333334
445,25.0
446,14.285714285714285
447,12.5
448,14.957264957264957
449,10.0
450,33.333333333333336
451,24.0
452,25.0
453,10.0
454,11.11111111111111
455,33.333333333333336
456,22.105263157894736
457,25.0
458,10.0
459,14.005602240896359
460,8.333333333333334
461,15.022091310751104
462,10.0
463,25.0
464,14.285714285714285
465,15.015015015015015
466,10.0
467,10.0
468,14.992721979621543
469,20.0
470,10.0
471,20.0
472,25.0
473,12.5
474,15.032679738562091
475,16.666666666666668
476,22.947368421052634
477,5.0
478,10.0
479,12.5
480,15.0087260034904
481,10.0
482,14.968152866242038
483,11.11111111111111
484,25.0
485,14.285714285714285
486,10.0
487,14.976958525345621
488,14.992025518341308
489,
490,10.0
491,20.0
492,
493,5.964912280701754
494,5.555555555555555
495,10.0
496,25.0
497,10.0
498,14.285714285714285
499,14.979757085020243
500,10.0
501,14.968152866242038
502,17.96875
503,25.0
504,14.987714987714988
505,14.285714285714285
506,12.5
507,23.979591836734695
508,14.097744360902254
509,24.000787556605633
510,20.0
511,22.524271844660195
512,21.95121951219512
513,9.09090909090909
514,
515,12.5
516,25.0
517,14.965986394557822
518,10.0
519,16.666666666666668
520,20.0
521,10.0
522,15.217391304347826
523,29.765013054830288
524,20.0
525,10.0
526,8.012820512820513
527,25.0
528,25.0
529,10.0
530,29.942418426103647
531,9.09090909090909
532,15.011914217633041
533,20.0
534,14.963503649635037
535,25.0
536,6.976744186046512
537,33.333333333333336
538,27.906976744186046
539,30.049261083743843
540,10.0
541,10.0
542,25.0
543,14.985590778097983
544,
545,8.333333333333334
546,12.5
547,14.855570839064649
548,12.23404255319149
549,5.0
550,10.0
551,20.0
552,14.975845410628018
553,14.988290398126464
554,10.0
555,25.0
556,10.0
557,14.652014652014651
558,21.933085501858738
559,12.5
560,25.0
561,
562,14.990859232175504
563,14.963503649635037
564,15.126050420168067
565,25.0
566,14.0
567,14.989733059548255
568,25.0
569,25.0
570,14.01151631477927
571,14.965986394557822
572,14.987714987714988
573,10.0
574,
575,33.333333333333336
576,10.0
577,10.0
578,10.0
579,14.285714285714285
580,50.0
581,24.00793650793651
582,10.0
583,16.666666666666668
584,16.666666666666668
585,25.0
586,11.11111111111111
587,25.0
588,25.0
589,10.0
590,29.940119760479043
591,33.333333333333336
592,30.045871559633028
593,14.285714285714285
594,14.285714285714285
595,7.6923076923076925
596,20.0
597,16.666666666666668
598,14.98422712933754
599,14.285714285714285
600,20.0
601,15.646258503401363
602,5.992509363295881
603,10.0
604,10.0
605,25.0
606,12.5
607,7.6923076923076925
608,33.333333333333336
609,11.864406779661017
610,20.0
611,33.333333333333336
612,20.0
613,25.0
614,14.968152866242038
615,14.973262032085561
616,
617,23.270440251572325
618,20.0
619,10.0
620,16.666666666666668
621,7.142857142857142
622,25.0
623,25.0
624,14.980544747081712
625,14.975845410628018
626,10.0
627,20.0
628,25.0
629,25.0
630,12.5
631,10.0
632,10.0
633,9.09090909090909
634,16.666666666666668
635,10.0
636,30.097087378640776
637,9.09090909090909
638,20.0
639,11.11111111111111
640,10.0
641,10.0
642,33.333333333333336
643,10.0
644,30.015313935681473
645,13.989637305699482
646,11.0
647,12.5
648,25.0
649,25.0
650,25.0
651,13.548387096774194
652,10.0
653,14.285714285714285
654,10.0
655,16.0
656,7.008547008547009
657,12.5
658,14.970059880239521
659,14.285714285714285
660,10.0
661,9.67741935483871
662,16.09947643979058
663,12.5
664,11.11111111111111
665,33.333333333333336
666,23.863636363636363
667,20.0
668,20.0
669,30.09259259259259
670,25.0
671,14.990512333965844
672,14.985590778097983
673,7.941176470588235
674,10.0
675,14.285714285714285
676,16.666666666666668
677,8.333333333333334
678,25.0
679,10.0
680,10.0
681,25.0
682,12.5
683,29.87551867219917
684,13.958810068649887
685,14.991334488734836
686,17.982456140350877
687,
688,15.537848605577688
689,10.0
690,8.584070796460177
691,10.0
692,25.0
693,13.055555555555557
694,20.0
695,25.0
696,30.057803468208093
697,20.0
698,14.285714285714285
699,14.285714285714285
700,25.0
701,7.142857142857142
702,14.986376021798364
703,25.0
704,10.0
705,16.666666666666668
706,11.11111111111111
707,8.21917808219178
708,20.0
709,10.0
710,15.053763440860216
711,15.06276150627615
712,33.333333333333336
713,10.0
714,14.285714285714285
715,14.003759398496241
716,14.285714285714285
717,20.0
718,10.0
719,10.0
720,16.666666666666668
721,25.0
722,25.0
723,16.120218579234972
724,9.655172413793103
725,25.0
726,10.0
727,10.0
728,10.0
729,16.666666666666668
730,20.0
731,6.666666666666667
732,25.0
733,25.0
734,12.5
735,25.0
736,14.285714285714285
737,10.0
738,9.269662921348315
739,25.396825396825395
740,10.0
741,16.666666666666668
742,16.666666666666668
743,6.666666666666667
744,10.0
745,14.982578397212544
746,10.0
747,7.142857142857142
748,15.09433962264151
749,25.0
750,10.0
751,20.0
752,10.0
753,
754,33.333333333333336
755,25.0
756,10.0
757,12.5
758,14.285714285714285
759,20.0
760,8.333333333333334
761,10.0
762,10.0
763,10.0
764,
765,6.25
766,14.285714285714285
767,
768,13.812154696132596
769,25.0
770,20.0
771,20.0
772,20.0
773,16.666666666666668
774,25.0
775,25.0
776,8.333333333333334
777,5.0
778,14.285714285714285
779,25.0
780,20.0
781,
782,
783,25.0
784,15.476190476190476
785,14.953271028037383
786,14.989733059548255
787,7.6923076923076925
788,15.09433962264151
789,25.0
790,10.0
791,14.982578397212544
792,25.0
793,14.993122420907842
794,20.0
795,14.285714285714285
796,20.0
797,14.979757085020243
798,10.0
799,10.0
800,20.0
801,10.0
802,10.0
803,14.285714285714285
804,25.0
805,25.0
806,15.126050420168067
807,24.0
808,15.057915057915057
809,14.977973568281937
810,10.0
811,12.5
812,16.666666666666668
813,14.285714285714285
814,15.032679738562091
815,11.11111111111111
816,14.285714285714285
817,15.06276150627615
818,14.285714285714285
819,11.11111111111111
820,15.044247787610619
821,7.6923076923076925
822,20.0
823,25.0
824,20.0
825,14.285714285714285
826,23.91304347826087
827,15.053763440860216
828,12.5
829,10.0
830,10.0
831,10.0
832,15.050167224080267
833,23.076923076923077
834,15.015015015015015
835,14.285714285714285
836,10.0
837,20.0
838,12.5
839,25.0
840,14.285714285714285
841,11.11111111111111
842,14.957264957264957
843,7.008086253369272
844,7.142857142857142
845,20.0
846,10.0
847,19.736842105263158
848,10.0
849,5.995475113122172
850,20.0
851,12.5
852,10.0
853,12.5
854,
855,30.06993006993007
856,12.020460358056265
857,25.0
858,14.973262032085561
859,5.0
860,10.0
861,14.986376021798364
862,15.050167224080267
863,13.714285714285714
864,14.990859232175504
865,9.55056179775281
866,10.0
867,23.979591836734695
868,10.0
869,18.137254901960787
870,10.0
871,50.0
872,20.0
873,11.11111111111111
874,10.0
875,10.0
876,20.0
877,25.0
878,16.666666666666668
879,25.0
880,12.5
881,
882,6.666666666666667
883,10.0
884,4.470588235294118
885,10.0
886,25.0
887,10.0
888,25.0
889,25.0
890,8.333333333333334
891,14.285714285714285
892,23.979591836734695
893,19.75
894,14.285714285714285
895,12.5
896,10.0
897,25.0
898,25.0
899,30.088495575221238
900,25.0
901,12.5
902,10.0
903,23.076923076923077
904,10.0
905,10.0
906,14.285714285714285
907,33.333333333333336
908,25.0
909,33.333333333333336
910,24.89795918367347
911,10.0
912,25.0
913,11.11111111111111
914,25.0
915,25.0
916,25.0
917,10.0
918,14.965986394557822
919,12.679425837320574
920,10.0
921,24.731182795698924
922,14.285714285714285
923,10.0
924,14.285714285714285
925,12.5
926,8.333333333333334
927,30.013280212483398
928,20.0
929,10.0
930,20.0
931,10.0
932,8.86426592797784
933,10.0
934,20.0
935,
936,20.0
937,10.0
938,10.404624277456648
939,14.285714285714285
940,25.0
941,33.333333333333336
942,14.992272024729521
943,25.0
944,10.0
945,6.666666666666667
946,10.90909090909091
947,10.0
948,10.0
949,16.666666666666668
950,10.0
951,20.0
952,10.0
953,15.022091310751104
954,20.0
955,23.78048780487805
956,26.016260162601625
957,25.0
958,10.0
959,20.0
960,15.03006012024048
961,25.0
962,10.0
963,25.0
964,10.0
965,15.06276150627615
966,10.0
967,14.986376021798364
968,10.0
969,14.285714285714285
970,18.686868686868685
971,25.0
972,16.666666666666668
973,15.023474178403756
974,23.61111111111111
975,5.0
976,10.0
977,24.6875
978,10.0
979,20.0
980,21.98019801980198
981,10.0
982,11.11111111111111
983,25.0
984,25.0
985,14.285714285714285
986,10.0
987,20.0
988,15.057915057915057
989,23.636363636363637
990,25.0
991,14.285714285714285
992,14.978902953586498
993,11.11111111111111
994,33.333333333333336
995,20.0
996,14.285714285714285
997,15.0
998,23.979591836734695
999,25.0
1000,25.0
1001,9.700000000000001
1002,14.285714285714285
1003,14.285714285714285
1004,10.0
1005,14.285714285714285
1006,14.285714285714285
1007,25.0
1008,10.0
1009,12.5
1010,10.0
1011,10.0
1012,29.914529914529915
1013,16.666666666666668
1014,11.11111111111111
1015,20.0
1016,14.977973568281937
1017,20.0
1018,
1019,14.285714285714285
1020,25.0
1021,25.0
1022,33.333333333333336
1023,20.0
1024,10.0
1025,14.986376021798364
1026,14.942528735632184
1027,10.0
1028,15.0
1029,33.333333333333336
1030,14.957264957264957
1031,12.5
1032,10.0
1033,10.0
1034,10.0
1035,21.940928270042196
1036,24.166666666666668
1037,15.044247787610619
1038,25.0
1039,14.02116402116402
1040,16.666666666666668
1041,16.666666666666668
1042,10.0
1043,14.989733059548255
1044,12.5
1045,24.62121212121212
1046,11.11111111111111
1047,10.0
1048,20.0
1049,30.023640661938536
1050,10.0
1051,25.0
1052,11.11111111111111
1053,22.698744769874477
1054,25.0
1055,25.0
1056,20.0
1057,6.976744186046512
1058,20.0
1059,21.904761904761905
1060,11.11111111111111
1061,50.0
1062,20.0
1063,10.0
1064,30.0
1065,15.041782729805014
1066,16.666666666666668
1067,14.992927864214993
1068,14.285714285714285
1069,25.0
1070,25.0
1071,15.044247787610619
1072,14.285714285714285
1073,13.995943204868153
1074,10.0
1075,11.11111111111111
1076,10.0
1077,33.333333333333336
1078,14.965986394557822
1079,10.0
1080,10.0
1081,20.0
1082,12.5
1083,30.07246376811594
1084,6.382978723404255
1085,14.970059880239521
1086,14.285714285714285
1087,14.960629921259843
1088,15.020862308762169
1089,10.0
1090,25.0
1091,14.285714285714285
1092,6.666666666666667
1093,10.0
1094,
1095,20.0
1096,10.0
1097,30.0
1098,20.0
1099,10.0
1100,10.0
1101,14.285714285714285
1102,20.0
1103,50.0
1104,10.0
1105,10.0
1106,20.0
1107,25.0
1108,14.285714285714285
1109,20.0
1110,14.285714285714285
1111,33.333333333333336
1112,33.333333333333336
1113,24.014336917562723
1114,14.005876591576886
1115,25.0
1116,21.875
1117,25.0
1118,20.0
1119,15.116279069767442
1120,14.98371335504886
1121,16.666666666666668
1122,12.5
1123,4.6
1124,24.84375
1125,10.0
1126,25.0
1127,14.097744360902254
1128,14.285714285714285
1129,14.953271028037383
1130,20.0
1131,11.11111111111111
1132,25.0
1133,10.0
1134,14.285714285714285
1135,20.0
1136,25.0
1137,15.09433962264151
1138,25.0
1139,15.053763440860216
1140,14.285714285714285
1141,16.666666666666668
1142,15.041782729805014
1143,12.5
1144,20.0
1145,14.097744360902254
1146,10.0
1147,25.0
1148,9.09090909090909
1149,25.0
1150,25.0
1151,10.0
1152,12.5
1153,14.973262032085561
1154,24.914965986394556
1155,14.0
1156,16.666666666666668
1157,12.5
1158,20.0
1159,7.6923076923076925
1160,10.0
1161,14.98929336188437
1162,10.0
1163,8.333333333333334
1164,24.6875
1165,10.0
1166,14.957264957264957
1167,10.0
1168,16.666666666666668
1169,10.0
1170,15.07537688442211
1171,25.0
1172,11.988011988011989
1173,10.0
1174,10.0
1175,14.285714285714285
1176,6.666666666666667
1177,50.0
1178,7.142857142857142
1179,14.285714285714285
1180,16.666666666666668
1181,10.476190476190476
1182,16.666666666666668
1183,14.988814317673379
1184,16.666666666666668
1185,8.0
1186,14.285714285714285
1187,14.984709480122325
1188,10.0
1189,33.333333333333336
1190,15.068493150684931
1191,14.948453608247423
1192,10.0
1193,11.864406779661017
1194,10.0
1195,25.0
1196,16.666666666666668
1197,10.0
1198,20.0
1199,10.0
1200,14.285714285714285
1201,10.0
1202,25.0
1203,8.333333333333334
1204,10.0
1205,15.047021943573668
1206,10.0
1207,15.07537688442211
1208,16.929133858267715
1209,
1210,10.0
1211,14.989733059548255
1212,14.977973568281937
1213,21.62162162162162
1214,16.666666666666668
1215,10.0
1216,25.0
1217,25.0
1218,25.0
1219,15.023474178403756
1220,
1221,25.0
1222,10.0
1223,21.942446043165468
1224,7.003891050583658
1225,14.98371335504886
1226,10.0
1227,11.11111111111111
1228,16.666666666666668
1229,25.0
1230,10.0
1231,25.0
1232,10.0
1233,20.0
1234,14.285714285714285
1235,5.970149253731344
1236,10.0
1237,25.0
1238,33.333333333333336
1239,10.0
1240,10.0
1241,8.333333333333334
1242,14.9812734082397
1243,20.0
1244,15.068493150684931
1245,25.0
1246,25.0
1247,12.5
1248,14.285714285714285
1249,14.285714285714285
1250,33.333333333333336
1251,14.960629921259843
1252,10.0
1253,25.0
1254,25.0
1255,6.382978723404255
1256,25.0
1257,20.0
1258,
1259,15.053763440860216
1260,12.007168458781361
1261,14.988814317673379
1262,25.0
1263,11.11111111111111
1264,25.0
1265,14.992272024729521
1266,14.942528735632184
1267,15.037593984962406
1268,8.333333333333334
1269,22.105263157894736
1270,25.0
1271,9.245283018867925
1272,24.2152466367713
1273,20.155038759689923
1274,
1275,15.09433962264151
1276,14.285714285714285
1277,20.0
1278,10.0
1279,24.015748031496063
1280,10.0
1281,14.285714285714285
1282,14.285714285714285
1283,22.083333333333332
1284,14.987714987714988
1285,24.0
1286,20.0
1287,20.0
1288,20.0
1289,20.0
1290,13.392857142857142
1291,11.11111111111111
1292,10.0
1293,14.285714285714285
1294,14.136904761904763
1295,10.0
1296,20.0
1297,10.0
1298,21.610169491525422
1299,12.5
1300,15.041782729805014
1301,20.0
1302,15.003750937734432
1303,25.0
1304,20.0
1305,
1306,31.654676258992804
1307,12.5
1308,25.0
1309,8.333333333333334
1310,15.068493150684931
1311,25.0
1312,23.978919631093543
1313,20.0
1314,33.333333333333336
1315,10.0
1316,29.850746268656717
1317,29.787234042553195
1318,10.88888888888889
1319,10.0
1320,16.666666666666668
1321,25.0
1322,25.0
1323,10.0
1324,7.003257328990228
1325,29.86425339366516
1326,19.294117647058822
1327,22.52631578947368
1328,24.766355140186914
1329,30.078125
1330,25.0
1331,30.06993006993007
1332,33.333333333333336
1333,11.11111111111111
1334,20.0
1335,14.978902953586498
1336,10.0
1337,8.333333333333334
1338,14.992272024729521
1339,10.0
1340,11.11111111111111
1341,9.09090909090909
1342,10.0
1343,25.0
1344,12.5
1345,15.021459227467812
1346,10.0
1347,25.0
1348,24.107142857142858
1349,10.0
1350,14.285714285714285
1351,25.0
1352,22.943722943722943
1353,7.6923076923076925
1354,20.0
1355,14.285714285714285
1356,10.0
1357,15.463917525773196
1358,30.0
1359,14.285714285714285
1360,10.0
1361,14.988814317673379
1362,10.0
1363,33.333333333333336
1364,7.6923076923076925
1365,10.0
1366,11.11111111111111
1367,10.0
1368,10.0
1369,9.09090909090909
1370,14.98371335504886
1371,25.0
1372,10.0
1373,14.285714285714285
1374,24.528301886792455
1375,25.0
1376,20.0
1377,14.285714285714285
1378,10.0
1379,10.0
1380,8.333333333333334
1381,12.5
1382,10.0
1383,14.285714285714285
1384,15.010006671114077
1385,8.333333333333334
1386,12.5
1387,12.5
1388,20.0
1389,14.788732394366196
1390,25.0
1391,25.0
1392,14.987714987714988
1393,11.11111111111111
1394,25.0
1395,15.03006012024048
1396,10.0
1397,15.032679738562091
1398,10.0
1399,25.0
1400,20.0
1401,29.97779422649889
1402,12.5
1403,7.6923076923076925
1404,33.333333333333336
1405,20.0
1406,25.0
1407,16.666666666666668
1408,10.0
1409,10.0
1410,33.333333333333336
1411,14.9812734082397
1412,25.0
1413,25.0
1414,20.0
1415,10.0
1416,10.0
1417,9.09090909090909
1418,25.0
1419,14.987080103359174
1420,14.285714285714285
1421,29.966703662597112
1422,25.0
1423,16.666666666666668
1424,27.17391304347826
1425,10.0
1426,10.0
1427,14.993954050785973
1428,6.666666666666667
1429,15.189873417721518
1430,34.0
1431,5.555555555555555
1432,13.385826771653543
1433,10.0
1434,10.0
1435,20.0
1436,5.555555555555555
1437,25.0
1438,14.285714285714285
1439,7.142857142857142
1440,25.0
1441,20.0
1442,33.333333333333336
1443,10.0
1444,30.031446540880502
1445,14.970059880239521
1446,25.0
1447,8.333333333333334
1448,25.0
1449,15.022091310751104
1450,10.0
1451,10.0
1452,14.285714285714285
1453,25.0
1454,25.0
1455,7.6923076923076925
1456,12.5
1457,25.0
1458,25.0
1459,16.666666666666668
1460,7.6923076923076925
1461,10.0
1462,16.666666666666668
1463,22.07207207207207
1464,6.25
1465,11.853088480801336
1466,10.0
1467,20.0
1468,14.285714285714285
1469,12.5
1470,10.0
1471,25.0
1472,16.666666666666668
1473,
1474,25.0
1475,11.11111111111111
1476,19.91017964071856
1477,12.5
1478,25.0
1479,40.206185567010316
1480,25.0
1481,10.0
1482,25.0
1483,33.333333333333336
1484,25.0
1485,8.005249343832022
1486,15.02276176024279
1487,9.09090909090909
1488,15.018773466833542
1489,16.666666666666668
1490,14.974619289340103
1491,10.0
1492,14.987714987714988
1493,12.5
1494,29.956427015250544
1495,7.142857142857142
1496,33.333333333333336
1497,10.0
1498,10.0
1499,9.907407407407408
1500,25.0
1501,25.0
1502,7.6923076923076925
1503,25.0
1504,13.580246913580247
1505,10.0
1506,20.0
1507,14.285714285714285
1508,33.333333333333336
1509,14.942528735632184
1510,12.5
1511,10.0
1512,14.285714285714285
1513,10.0
1514,5.0
1515,14.285714285714285
1516,16.666666666666668
1517,25.0
1518,14.285714285714285
1519,20.0
1520,25.0
1521,15.09433962264151
1522,16.666666666666668
1523,25.0
1524,14.98371335504886
1525,10.0
1526,10.0
1527,10.0
1528,12.5
1529,20.0
1530,16.666666666666668
1531,20.0
1532,20.0
1533,14.285714285714285
1534,10.0
1535,12.5
1536,14.285714285714285
1537,25.0
1538,12.5
1539,23.052959501557634
1540,10.0
1541,10.0
1542,14.982578397212544
1543,25.0
1544,25.0
1545,10.0
1546,7.6923076923076925
1547,14.285714285714285
1548,9.09090909090909
1549,14.991762767710048
1550,12.5
1551,14.285714285714285
1552,10.0
1553,13.304721030042918
1554,33.333333333333336
1555,10.0
1556,23.052959501557634
1557,10.0
1558,25.0
1559,15.057915057915057
1560,12.5
1561,25.0
1562,11.11111111111111
1563,8.333333333333334
1564,14.285714285714285
1565,9.09090909090909
1566,25.0
1567,14.285714285714285
1568,4.166666666666667
1569,24.015748031496063
1570,16.666666666666668
1571,30.049261083743843
1572,14.978902953586498
1573,20.0
1574,24.25149700598802
1575,23.868312757201647
1576,14.957264957264957
1577,
1578,33.333333333333336
1579,10.0
1580,25.0
1581,20.0
1582,19.090909090909093
1583,10.0
1584,15.03006012024048
1585,30.136986301369863
1586,25.0
1587,25.0
1588,33.333333333333336
1589,29.889298892988933
1590,14.285714285714285
1591,
1592,14.285714285714285
1593,15.010570824524313
1594,20.0
1595,20.0
1596,20.0
1597,10.0
1598,11.11111111111111
1599,10.0
1600,8.333333333333334
1601,10.0
1602,25.0
1603,14.285714285714285
1604,30.026109660574413
1605,12.5
1606,10.0
1607,14.973262032085561
1608,20.0
1609,10.0
1610,25.0
1611,14.285714285714285
1612,6.666666666666667
1613,10.0
1614,
1615,21.9435736677116
1616,10.0
1617,14.285714285714285
1618,10.0
1619,11.960132890365449
1620,20.0
1621,25.0
1622,14.989733059548255
1623,23.463687150837988
1624,14.98371335504886
1625,14.285714285714285
1626,24.766355140186914
1627,9.09090909090909
1628,8.012820512820513
1629,15.07537688442211
1630,20.0
1631,14.948453608247423
1632,10.0
1633,33.333333333333336
1634,25.0
1635,
1636,16.666666666666668
1637,10.0
1638,24.299065420560748
1639,
1640,10.0
1641,25.0
1642,10.0
1643,10.0
1644,11.11111111111111
1645,7.6923076923076925
1646,14.285714285714285
1647,16.666666666666668
1648,33.333333333333336
1649,20.0
1650,25.0
1651,25.0
1652,25.0
1653,12.5
1654,14.979757085020243
1655,16.666666666666668
1656,10.0
1657,15.044247787610619
1658,8.333333333333334
1659,10.0
1660,10.0
1661,33.333333333333336
1662,33.333333333333336
1663,25.0
1664,10.0
1665,20.0
1666,25.0
1667,33.333333333333336
1668,8.333333333333334
1669,15.047021943573668
1670,14.925373134328359
1671,25.0
1672,10.0
1673,10.0
1674,25.0
1675,12.5
1676,12.5
1677,10.0
1678,29.850746268656717
1679,7.6923076923076925
1680,5.664488017429194
1681,8.013937282229966
1682,16.666666666666668
1683,20.0
1684,12.5
1685,14.987714987714988
1686,10.0
1687,25.0
1688,12.5
1689,11.904761904761903
1690,20.0
1691,30.025445292620866
1692,6.9491525423728815
1693,
1694,33.333333333333336
1695,12.162162162162163
1696,20.0
1697,25.0
1698,33.333333333333336
1699,14.285714285714285
1700,14.285714285714285
1701,9.09090909090909
1702,10.0
1703,10.0
1704,16.666666666666668
1705,14.285714285714285
1706,5.925925925925926
1707,14.992503748125937
1708,25.0
1709,12.5
1710,10.0
1711,16.666666666666668
1712,14.991762767710048
1713,30.075187969924812
1714,10.0
1715,24.166666666666668
1716,16.666666666666668
1717,33.333333333333336
1718,10.0
1719,10.0
1720,33.333333333333336
1721,20.0
1722,25.0
1723,18.686868686868685
1724,15.035799522673031
1725,33.333333333333336
1726,30.0531914893617
1727,10.0
1728,16.666666666666668
1729,15.034168564920273
1730,25.0
1731,6.666666666666667
1732,30.232558139534884
1733,33.333333333333336
1734,14.444444444444445
1735,10.0
1736,10.0
1737,14.968152866242038
1738,10.0
1739,25.0
1740,25.0
1741,16.666666666666668
1742,14.935064935064934
1743,8.333333333333334
1744,10.0
1745,15.053763440860216
1746,2.2368421052631575
1747,25.0
1748,7.6923076923076925
1749,14.935064935064934
1750,10.0
1751,25.0
1752,33.333333333333336
1753,20.0
1754,20.0
1755,25.0
1756,15.057915057915057
1757,10.0
1758,14.285714285714285
1759,25.0
1760,14.963503649635037
1761,16.666666666666668
1762,14.987714987714988
1763,11.11111111111111
1764,9.09090909090909
1765,8.333333333333334
1766,25.0
1767,25.0
1768,14.044943820224718
1769,10.0
1770,8.88888888888889
1771,50.0
1772,10.0
1773,29.979035639413
1774,10.0
1775,25.0
1776,12.5
1777,25.0
1778,25.0
1779,14.99330655957162
1780,14.953271028037383
1781,6.666666666666667
1782,14.942528735632184
1783,17.892156862745097
1784,16.666666666666668
1785,14.285714285714285
1786,14.968152866242038
1787,25.74257425742574
1788,25.0
1789,14.285714285714285
1790,12.021857923497269
1791,33.333333333333336
1792,25.0
1793,25.0
1794,
1795,14.285714285714285
1796,14.987080103359174
1797,10.0
1798,14.977973568281937
1799,6.9565217391304355
1800,7.142857142857142
1801,25.0
1802,14.285714285714285
1803,5.0
1804,14.829659318637274
1805,15.031315240083506
1806,13.70262390670554
1807,24.091381100726895
1808,14.285714285714285
1809,25.0
1810,
1811,11.11111111111111
1812,25.0
1813,12.5
1814,10.0
1815,10.0
1816,6.666666666666667
1817,33.333333333333336
1818,10.0
1819,33.333333333333336
1820,10.0
1821,10.0
1822,14.285714285714285
1823,11.970074812967582
1824,6.012024048096192
1825,10.0
1826,10.0
1827,16.666666666666668
1828,15.126050420168067
1829,16.666666666666668
1830,14.970059880239521
1831,25.0
1832,10.0
1833,14.285714285714285
1834,25.0
1835,33.333333333333336
1836,20.0
1837,12.5
1838,15.06276150627615
1839,25.0
1840,10.0
1841,9.09090909090909
1842,30.075187969924812
1843,11.970074812967582
1844,10.0
1845,20.0
1846,24.102564102564102
1847,20.454545454545453
1848,25.0
1849,10.0
1850,14.997321906802357
1851,14.973262032085561
1852,14.992721979621543
1853,14.285714285714285
1854,33.333333333333336
1855,8.333333333333334
1856,15.06276150627615
1857,12.5
1858,10.0
1859,7.6923076923076925
1860,16.666666666666668
1861,20.0
1862,10.0
1863,25.0
1864,11.11111111111111
1865,25.0
1866,20.0
1867,14.992272024729521
1868,10.0
1869,12.0
1870,6.25
1871,20.0
1872,14.285714285714285
1873,14.285714285714285
1874,11.11111111111111
1875,
1876,20.0
1877,10.0
1878,25.0
1879,10.0
1880,10.0
1881,14.984709480122325
1882,140.0
1883,10.0
1884,14.9812734082397
1885,14.097744360902254
1886,10.0
1887,23.723723723723726
1888,21.62162162162162
1889,25.0
1890,25.0
1891,15.03006012024048
1892,25.0
1893,20.0
1894,8.012820512820513
1895,25.0
1896,33.333333333333336
1897,25.0
1898,9.09090909090909
1899,33.333333333333336
1900,20.0
1901,5.0
1902,33.333333333333336
1903,7.971014492753623
1904,7.142857142857142
1905,14.986376021798364
1906,33.333333333333336
1907,16.666666666666668
1908,16.666666666666668
1909,15.050167224080267
1910,10.0
1911,14.982578397212544
1912,25.0
1913,10.0
1914,10.0
1915,14.285714285714285
1916,12.5
1917,10.0
1918,20.0
1919,14.973262032085561
1920,14.953271028037383
1921,25.0
1922,53.6231884057971
1923,12.5
1924,8.013937282229966
1925,10.0
1926,20.0
1927,10.0
1928,8.928571428571429
1929,25.0
1930,10.0
1931,14.942528735632184
1932,14.285714285714285
1933,14.9895178197065
1934,7.435897435897435
1935,23.98401065956029
1936,5.88235294117647
1937,25.0
1938,10.0
1939,25.0
1940,33.333333333333336
1941,10.0
1942,20.0
1943,11.11111111111111
1944,14.977973568281937
1945,20.0
1946,6.666666666666667
1947,10.0
1948,12.5
1949,12.5
1950,14.960629921259843
1951,15.07537688442211
1952,12.5
1953,33.333333333333336
1954,25.0
1955,33.333333333333336
1956,33.333333333333336
1957,25.0
1958,10.0
1959,25.0
1960,14.9812734082397
1961,25.0
1962,10.0
1963,10.0
1964,14.995034756703078
1965,14.285714285714285
1966,25.0
1967,14.990138067061142
1968,10.0
1969,29.889298892988933
1970,20.0
1971,10.0
1972,25.0
1973,10.0
1974,12.5
1975,14.984709480122325
1976,14.965986394557822
1977,25.0
1978,16.666666666666668
1979,14.975845410628018
1980,10.0
1981,25.0
1982,30.041152263374485
1983,10.0
1984,25.0
1985,6.25
1986,29.95090016366612
1987,15.028901734104046
1988,25.0
1989,8.333333333333334
1990,10.0
1991,25.0
1992,20.0
1993,16.666666666666668
1994,14.960629921259843
1995,8.333333333333334
1996,25.0
1997,20.0
1998,10.0
1999,10.0
2000,10.0
2001,14.285714285714285
2002,25.0
2003,9.09090909090909
2004,33.333333333333336
2005,10.0
2006,50.0
2007,7.142857142857142
2008,10.0
2009,12.5
2010,13.425925925925926
2011,10.0
2012,20.0
2013,25.0
2014,14.522821576763485
2015,14.285714285714285
2016,16.666666666666668
2017,24.074074074074073
2018,25.0
2019,11.11111111111111
2020,6.25
2021,7.6923076923076925
2022,
2023,50.0
2024,23.9067055393586
2025,14.285714285714285
2026,5.555555555555555
2027,15.032679738562091
2028,15.020576131687243
2029,25.0
2030,20.0
2031,15.083798882681563
2032,7.6923076923076925
2033,7.7405857740585775
2034,14.285714285714285
2035,15.057915057915057
2036,10.0
2037,10.0
2038,25.0
2039,33.333333333333336
2040,14.285714285714285
2041,16.666666666666668
2042,8.333333333333334
2043,15.050167224080267
2044,33.333333333333336
2045,14.285714285714285
2046,25.0
2047,10.0
2048,10.0
2049,12.97071129707113
2050,7.6923076923076925
2051,
2052,10.0
2053,20.0
2054,10.0
2055,10.0
2056,10.0
2057,13.949579831932773
2058,10.0
2059,20.0
2060,14.963503649635037
2061,5.555555555555555
2062,14.993122420907842
2063,14.285714285714285
2064,16.666666666666668
2065,10.0
2066,14.285714285714285
2067,16.666666666666668
2068,
2069,10.0
2070,10.0
2071,10.0
2072,33.333333333333336
2073,11.11111111111111
2074,15.07537688442211
2075,6.25
2076,14.942528735632184
2077,25.0
2078,10.0
2079,10.0
2080,11.11111111111111
2081,15.463917525773196
2082,20.0
2083,14.285714285714285
2084,15.087040618955513
2085,10.0
2086,25.0
2087,16.666666666666668
2088,15.057915057915057
2089,14.948453608247423
2090,10.0
2091,16.666666666666668
2092,25.0
2093,8.02919708029197
2094,8.333333333333334
2095,9.375
2096,24.0
2097,8.333333333333334
2098,12.005457025920874
2099,14.049586776859504
2100,10.0
2101,20.0
2102,14.971751412429379
2103,11.11111111111111
2104,10.0
2105,10.0
2106,15.0
2107,10.0
2108,33.333333333333336
2109,5.0
2110,10.0
2111,14.285714285714285
2112,9.09090909090909
2113,30.0
2114,20.0
2115,20.0
2116,14.285714285714285
2117,25.0
2118,15.025041736227045
2119,10.0
2120,22.03023758099352
2121,10.0
2122,30.136986301369863
2123,10.0
2124,25.0
2125,29.940119760479043
2126,33.333333333333336
2127,25.0
2128,20.0
2129,33.333333333333336
2130,10.722100656455142
2131,
2132,11.11111111111111
2133,25.0
2134,10.0
2135,10.0
2136,10.0
2137,10.0
2138,16.666666666666668
2139,10.0
2140,15.03957783641161
2141,14.285714285714285
2142,25.0
2143,16.666666666666668
2144,10.0
2145,22.123893805309734
2146,10.0
2147,14.975845410628018
2148,12.5
2149,10.0
2150,24.019607843137255
2151,25.0
2152,10.0
2153,8.333333333333334
2154,14.285714285714285
2155,10.0
2156,8.333333333333334
2157,10.0
2158,14.285714285714285
2159,33.333333333333336
2160,14.992503748125937
2161,15.025041736227045
2162,6.666666666666667
2163,25.0
2164,25.0
2165,11.11111111111111
2166,12.5
2167,7.6923076923076925
2168,
2169,14.285714285714285
2170,25.0
2171,10.0
2172,14.960629921259843
2173,10.905349794238683
2174,33.333333333333336
2175,7.987220447284344
2176,30.0
2177,14.285714285714285
2178,10.905349794238683
2179,13.839285714285714
2180,26.019417475728154
2181,10.0
2182,14.285714285714285
2183,
2184,5.0
2185,29.880478087649404
2186,25.0
2187,25.0
2188,25.0
2189,19.71014492753623
2190,16.666666666666668
2191,16.666666666666668
2192,9.09090909090909
2193,20.0
2194,10.0
2195,14.942528735632184
2196,12.5
2197,25.0
2198,25.0
2199,15.020297699594046
2200,20.0
2201,10.0
2202,10.0
2203,10.0
2204,33.333333333333336
2205,12.5
2206,10.0
2207,25.0
2208,25.0
2209,25.0
2210,10.0
2211,14.98929336188437
2212,12.5
2213,33.333333333333336
2214,7.6923076923076925
2215,25.0
2216,16.666666666666668
2217,15.026833631484795
2218,
2219,9.09090909090909
2220,14.285714285714285
2221,10.0
2222,6.666666666666667
2223,10.0
2224,16.666666666666668
2225,23.96694214876033
2226,6.986027944111776
2227,11.96319018404908
2228,14.942528735632184
2229,12.5
2230,20.0
2231,10.0
2232,8.333333333333334
2233,25.0
2234,16.666666666666668
2235,8.333333333333334
2236,12.5
2237,12.5
2238,14.285714285714285
2239,16.923076923076923
2240,12.5
2241,7.6923076923076925
2242,14.973262032085561
2243,25.0
2244,10.0
2245,10.0
2246,7.6923076923076925
2247,25.0
2248,10.0
2249,25.0
2250,25.0
2251,25.0
2252,10.0
2253,33.333333333333336
2254,7.142857142857142
2255,20.0
2256,20.0
2257,23.02405498281787
2258,14.963503649635037
2259,15.047021943573668
2260,29.889298892988933
2261,11.11111111111111
2262,10.0
2263,24.666666666666668
2264,25.0
2265,24.817518248175183
2266,25.0
2267,5.555555555555555
2268,3.8202247191011236
2269,20.0
2270,6.666666666666667
2271,25.0
2272,33.333333333333336
2273,10.0
2274,22.698744769874477
2275,25.0
2276,5.0
2277,10.0
2278,8.461538461538462
2279,4.954954954954955
2280,12.5
2281,28.0
2282,9.09090909090909
2283,25.0
2284,8.333333333333334
2285,25.0
2286,
2287,14.912280701754385
2288,14.285714285714285
2289,25.0
2290,14.606741573033709
2291,10.0
2292,25.0
2293,25.0
2294,7.5
2295,14.953271028037383
2296,15.120967741935484
2297,19.932432432432435
2298,20.0
2299,10.0
2300,10.0
2301,33.333333333333336
2302,11.882229232386962
2303,16.666666666666668
2304,10.0
2305,25.0
2306,8.333333333333334
2307,15.053763440860216
2308,10.0
2309,25.0
2310,10.0
2311,25.0
2312,11.11111111111111
2313,50.0
2314,33.333333333333336
2315,10.0
2316,11.11111111111111
2317,11.11111111111111
2318,10.0
2319,
2320,14.285714285714285
2321,20.0
2322,14.285714285714285
2323,10.0
2324,16.666666666666668
2325,14.975845410628018
2326,25.0
2327,10.0
2328,25.0
2329,25.0
2330,16.666666666666668
2331,100.0
2332,25.0
2333,
2334,25.0
2335,14.285714285714285
2336,20.0
2337,12.5
2338,20.0
2339,14.285714285714285
2340,14.285714285714285
2341,30.18867924528302
2342,20.0
2343,30.088495575221238
2344,14.974619289340103
2345,14.285714285714285
2346,10.0
2347,8.333333333333334
2348,15.0
2349,14.285714285714285
2350,16.666666666666668
2351,14.995483288166215
2352,14.994232987312571
2353,14.285714285714285
2354,14.285714285714285
2355,10.0
2356,25.0
2357,10.0
2358,16.666666666666668
2359,33.333333333333336
2360,14.963503649635037
2361,25.0
2362,7.6923076923076925
2363,10.0
2364,25.0
2365,11.11111111111111
2366,27.575757575757578
2367,25.0
2368,10.0
2369,5.555555555555555
2370,12.5
2371,20.0
2372,25.0
2373,25.0
2374,11.11111111111111
2375,25.0
2376,7.001166861143524
2377,8.695652173913043
2378,20.0
2379,14.974619289340103
2380,14.285714285714285
2381,10.0
2382,25.0
2383,16.666666666666668
2384,20.0
2385,20.0
2386,7.6923076923076925
2387,11.11111111111111
2388,7.6923076923076925
2389,14.285714285714285
2390,12.5
2391,14.285714285714285
2392,15.09433962264151
2393,20.0
2394,10.0
2395,10.0
2396,14.285714285714285
2397,14.984709480122325
2398,10.0
2399,25.0
2400,15.07537688442211
2401,10.0
2402,10.0
2403,25.0
2404,25.0
2405,25.0
2406,16.666666666666668
2407,15.022091310751104
2408,25.0
2409,10.0
2410,10.0
2411,11.11111111111111
2412,5.88235294117647
2413,7.6923076923076925
2414,10.0
2415,20.0
2416,20.0
2417,25.0
2418,10.0
2419,25.0
2420,33.333333333333336
2421,23.045267489711936
2422,10.0
2423,20.0
2424,33.333333333333336
2425,25.0
2426,25.0
2427,29.790660225442835
2428,10.0
2429,10.0
2430,10.0
2431,20.0
2432,10.0
2433,10.0
2434,14.982578397212544
2435,14.044943820224718
2436,50.0
2437,16.666666666666668
2438,25.0
2439,10.0
2440,12.5
2441,33.333333333333336
2442,11.11111111111111
2443,8.333333333333334
2444,25.0
2445,14.285714285714285
2446,15.151515151515152
2447,16.666666666666668
2448,8.333333333333334
2449,20.0
2450,33.333333333333336
2451,14.285714285714285
2452,25.0
2453,24.766355140186914
2454,20.0
2455,25.0
2456,11.11111111111111
2457,
2458,33.333333333333336
2459,10.0
2460,11.069418386491558
2461,14.285714285714285
2462,9.09090909090909
2463,25.0
2464,20.0
2465,12.5
2466,33.333333333333336
2467,9.09090909090909
2468,10.0
2469,14.942528735632184
2470,10.0
2471,16.666666666666668
2472,7.6923076923076925
2473,25.0
2474,25.0
2475,33.333333333333336
2476,15.035799522673031
2477,5.9880239520958085
2478,
2479,10.0
2480,8.333333333333334
2481,14.992721979621543
2482,14.285714285714285
2483,25.0
2484,25.0
2485,14.990859232175504
2486,14.974619289340103
2487,14.130434782608695
2488,7.6923076923076925
2489,16.666666666666668
2490,33.333333333333336
2491,14.987714987714988
2492,6.666666666666667
2493,10.0
2494,15.0
2495,16.666666666666668
2496,10.0
2497,29.565217391304348
2498,10.0
2499,10.0
2500,16.666666666666668
2501,30.031446540880502
2502,11.11111111111111
2503,16.666666666666668
2504,8.333333333333334
2505,25.0
2506,25.0
2507,14.285714285714285
2508,10.0
2509,
2510,30.02028397565923
2511,10.0
2512,13.994169096209912
2513,29.900332225913623
2514,33.333333333333336
2515,25.0
2516,8.333333333333334
2517,20.0
2518,7.6923076923076925
2519,29.765013054830288
2520,10.0
2521,6.666666666666667
2522,25.0
2523,10.0
2524,25.0
2525,10.0
2526,25.0
2527,10.0
2528,12.5
2529,33.333333333333336
2530,25.0
2531,15.0
2532,10.0
2533,10.0
2534,18.686868686868685
2535,
2536,10.0
2537,20.0
2538,20.0
2539,10.0
2540,14.973262032085561
2541,14.986376021798364
2542,10.0
2543,20.0
2544,14.981949458483754
2545,12.5
2546,25.0
2547,12.5
2548,25.0
2549,16.666666666666668
2550,14.285714285714285
2551,15.037593984962406
2552,33.333333333333336
2553,12.5
2554,20.0
2555,14.98929336188437
2556,10.0
2557,14.285714285714285
2558,14.285714285714285
2559,10.0
2560,10.0
2561,29.81366459627329
2562,10.0
2563,25.0
2564,33.333333333333336
2565,10.0
2566,14.990138067061142
2567,15.09433962264151
2568,14.988290398126464
2569,
2570,10.0
2571,16.666666666666668
2572,15.01787842669845
2573,25.0
2574,33.333333333333336
2575,14.994363021420519
2576,14.948453608247423
2577,25.0
2578,8.333333333333334
2579,30.061349693251532
2580,10.0
2581,11.11111111111111
2582,18.686868686868685
2583,15.032679738562091
2584,20.0
2585,14.285714285714285
2586,25.0
2587,33.333333333333336
2588,6.666666666666667
2589,16.666666666666668
2590,9.09090909090909
2591,30.049261083743843
2592,16.666666666666668
2593,5.555555555555555
2594,26.991150442477874
2595,14.285714285714285
2596,15.03006012024048
2597,20.0
2598,14.979757085020243
2599,14.285714285714285
2600,10.0
2601,33.333333333333336
2602,10.0
2603,33.333333333333336
2604,33.333333333333336
2605,7.142857142857142
2606,10.0
2607,
2608,24.258760107816713
2609,10.0
2610,33.333333333333336
2611,25.0
2612,8.333333333333334
2613,20.0
2614,100.0
2615,
2616,10.0
2617,10.0
2618,15.010006671114077
2619,15.034168564920273
2620,9.782608695652174
2621,9.230769230769232
2622,12.5
2623,20.0
2624,25.0
2625,25.0
2626,14.984709480122325
2627,7.6923076923076925
2628,25.0
2629,25.0
2630,25.0
2631,15.083798882681563
2632,8.333333333333334
2633,12.5
2634,13.70262390670554
2635,10.0
2636,12.5
2637,16.666666666666668
2638,14.973262032085561
2639,31.818181818181817
2640,11.11111111111111
2641,20.0
2642,10.0
2643,25.0
2644,25.0
2645,14.285714285714285
2646,13.793103448275861
2647,10.0
2648,25.0
2649,20.0
2650,16.666666666666668
2651,10.0
2652,20.0
2653,20.0
2654,33.830845771144276
2655,14.963503649635037
2656,15.068493150684931
2657,20.0
2658,12.5
2659,7.142857142857142
2660,10.0
2661,8.333333333333334
2662,10.0
2663,29.961089494163424
2664,29.948364888123923
2665,10.0
2666,
2667,100.0
2668,15.022091310751104
2669,11.11111111111111
2670,16.397849462365592
2671,25.0
2672,20.0
2673,12.5
2674,14.990859232175504
2675,20.0
2676,24.817518248175183
2677,10.0
2678,14.285714285714285
2679,9.09090909090909
2680,25.0
2681,25.0
2682,15.025041736227045
2683,7.142857142857142
2684,14.285714285714285
2685,6.610169491525424
2686,10.0
2687,20.0
2688,24.766355140186914
2689,10.0
2690,20.0
2691,25.0
2692,25.0
2693,24.62121212121212
2694,16.666666666666668
2695,25.0
2696,10.0
2697,10.0
2698,16.666666666666668
2699,15.050167224080267
2700,15.068493150684931
2701,13.94658753709199
2702,14.285714285714285
2703,
2704,12.5
2705,14.893617021276597
2706,
2707,14.285714285714285
2708,15.010006671114077
2709,23.985239852398525
2710,12.5
2711,15.037593984962406
2712,10.0
2713,25.0
2714,6.666666666666667
2715,7.6923076923076925
2716,25.0
2717,33.333333333333336
2718,25.0
2719,12.5
2720,33.333333333333336
2721,10.0
2722,23.868312757201647
2723,16.666666666666668
2724,50.0
2725,10.0
2726,12.5
2727,16.666666666666668
2728,30.013831258644537
2729,10.0
2730,25.0
2731,20.0
2732,14.970059880239521
2733,30.013831258644537
2734,6.666666666666667
2735,10.444444444444443
2736,25.0
2737,23.052959501557634
2738,15.03006012024048
2739,10.0
2740,14.285714285714285
2741,20.0
2742,10.0
2743,10.0
2744,14.99819298879653
2745,11.864406779661017
2746,5.0
2747,15.126050420168067
2748,10.0
2749,14.285714285714285
2750,8.333333333333334
2751,8.333333333333334
2752,33.333333333333336
2753,9.0
2754,10.0
2755,20.0
2756,14.970059880239521
2757,25.0
2758,5.833333333333334
2759,20.0
2760,10.0
2761,10.0
2762,15.09433962264151
2763,20.0
2764,5.625
2765,25.0
2766,
2767,16.666666666666668
2768,10.0
2769,25.0
2770,20.0
2771,25.0
2772,14.971751412429379
2773,16.666666666666668
2774,16.666666666666668
2775,16.666666666666668
2776,12.5
2777,11.11111111111111
2778,25.0
2779,
2780,34.0
2781,25.0
2782,10.0
2783,12.5
2784,
2785,15.041782729805014
2786,22.77227722772277
2787,10.0
2788,13.806706114398422
2789,10.0
2790,10.0
2791,20.0
2792,8.333333333333334
2793,10.0
2794,9.411764705882351
2795,15.037593984962406
2796,11.11111111111111
2797,10.0
2798,25.0
2799,10.0
2800,10.0
2801,14.285714285714285
2802,14.285714285714285
2803,10.0
2804,20.0
2805,25.0
2806,20.0
2807,10.0
2808,7.6923076923076925
2809,16.666666666666668
2810,20.0
2811,25.0
2812,
2813,10.0
2814,33.333333333333336
2815,25.0
2816,16.666666666666668
2817,20.0
2818,20.0
2819,33.333333333333336
2820,10.0
2821,10.0
2822,25.0
2823,9.09090909090909
2824,5.0
2825,25.0
2826,16.666666666666668
2827,13.993174061433448
2828,12.021857923497269
2829,12.5
2830,15.189873417721518
2831,
2832,25.0
2833,
2834,10.0
2835,16.666666666666668
2836,10.0
2837,10.0
2838,14.285714285714285
2839,10.0
2840,8.333333333333334
2841,15.026833631484795
2842,6.341463414634147
2843,15.031315240083506
2844,14.285714285714285
2845,16.666666666666668
2846,20.0
2847,33.333333333333336
2848,10.0
2849,14.893617021276597
2850,12.5
2851,25.0
2852,25.0
2853,25.0
2854,16.666666666666668
2855,11.11111111111111
2856,20.0
2857,14.285714285714285
2858,10.0
2859,10.0
2860,10.0
2861,13.01775147928994
2862,10.0
2863,6.666666666666667
2864,29.953917050691242
2865,7.6923076923076925
2866,14.987714987714988
2867,
2868,25.0
2869,10.0
2870,10.0
2871,12.5
2872,15.047021943573668
2873,10.0
2874,14.970059880239521
2875,16.666666666666668
2876,15.050167224080267
2877,
2878,20.0
2879,16.666666666666668
2880,10.0
2881,14.285714285714285
2882,25.0
2883,16.666666666666668
2884,15.057915057915057
2885,25.0
2886,7.6923076923076925
2887,15.050167224080267
2888,25.0
2889,20.155038759689923
2890,14.965986394557822
2891,14.285714285714285
2892,14.049586776859504
2893,25.0
2894,14.991762767710048
2895,25.0
2896,14.285714285714285
2897,9.09090909090909
2898,29.92874109263658
2899,29.72972972972973
2900,10.0
2901,10.0
2902,25.0
2903,16.037735849056602
2904,12.5
2905,
2906,30.088495575221238
2907,25.0
2908,29.980013324450365
2909,25.0
2910,25.0
2911,10.0
2912,
2913,10.0
2914,10.0
2915,20.0
2916,10.0
2917,10.0
2918,10.0
2919,14.285714285714285
2920,10.0
2921,14.285714285714285
2922,33.333333333333336
2923,25.0
2924,15.044247787610619
2925,20.0
2926,29.957203994293863
2927,10.0
2928,10.0
2929,
2930,12.5
2931,15.107913669064748
2932,16.666666666666668
2933,25.0
2934,14.987714987714988
2935,14.992721979621543
2936,10.0
2937,10.0
2938,14.953271028037383
2939,7.142857142857142
2940,25.0
2941,14.925373134328359
2942,5.555555555555555
2943,14.285714285714285
2944,14.980544747081712
2945,33.333333333333336
2946,25.0
2947,33.333333333333336
2948,29.885057471264368
2949,14.285714285714285
2950,14.285714285714285
2951,20.0
2952,16.666666666666668
2953,14.995787700084247
2954,7.142857142857142
2955,14.285714285714285
2956,9.09090909090909
2957,12.71551724137931
2958,
2959,14.970059880239521
2960,20.0
2961,33.333333333333336
2962,10.0
2963,10.0
2964,25.0
2965,12.5
2966,25.0
2967,10.0
2968,25.0
2969,25.165562913907287
2970,16.666666666666668
2971,30.862068965517242
2972,20.0
2973,10.0
2974,20.0
2975,23.976608187134502
2976,25.0
2977,20.0
2978,20.0
2979,10.0
2980,10.0
2981,25.0
2982,8.333333333333334
2983,7.142857142857142
2984,25.0
2985,
2986,25.0
2987,15.03006012024048
2988,20.0
2989,20.0
2990,10.0
2991,20.0
2992,25.0
2993,15.083798882681563
2994,25.0
2995,14.285714285714285
2996,10.0
2997,10.0
2998,5.0
2999,14.960629921259843
3000,10.0
3001,10.0
3002,10.0
3003,10.0
3004,
3005,10.0
3006,14.977973568281937
3007,16.666666666666668
3008,14.130434782608695
3009,9.09090909090909
3010,10.0
3011,24.565217391304348
3012,10.0
3013,
3014,25.0
3015,25.0
3016,12.5
3017,25.0
3018,15.018773466833542
3019,18.75
3020,14.285714285714285
3021,15.06276150627615
3022,10.0
3023,30.113636363636363
3024,25.0
3025,14.990512333965844
3026,16.666666666666668
3027,16.666666666666668
3028,10.0
3029,12.5
3030,20.0
3031,20.10869565217391
3032,25.0
3033,25.0
3034,24.258760107816713
3035,16.666666666666668
3036,33.333333333333336
3037,7.6923076923076925
3038,
3039,5.0
3040,10.0
3041,20.0
3042,20.0
3043,16.666666666666668
3044,7.6923076923076925
3045,12.658227848101266
3046,10.0
3047,30.113636363636363
3048,5.993150684931506
3049,14.285714285714285
3050,5.0
3051,16.666666666666668
3052,12.5
3053,20.0
3054,12.5
3055,12.025316455696203
3056,16.666666666666668
3057,25.0
3058,6.666666666666667
3059,12.5
3060,6.666666666666667
3061,10.0
3062,20.0
3063,10.0
3064,20.0
3065,25.0
3066,33.333333333333336
3067,25.0
3068,25.0
3069,15.068493150684931
3070,5.888767720828789
3071,12.5
3072,15.03006012024048
3073,13.861386138613861
3074,10.0
3075,10.0
3076,29.850746268656717
3077,24.861878453038674
3078,17.0
3079,20.0
3080,
3081,10.0
3082,18.686868686868685
3083,25.0
3084,60.0
3085,15.083798882681563
3086,15.0
3087,6.25
3088,25.0
3089,12.5
3090,18.315018315018317
3091,7.751937984496124
3092,12.5
3093,10.0
3094,25.0
3095,10.0
3096,
3097,20.0
3098,20.0
3099,8.333333333333334
3100,10.0
3101,10.0
3102,
3103,16.666666666666668
3104,14.976958525345621
3105,7.6923076923076925
3106,10.0
3107,20.0
3108,
3109,
3110,25.0
3111,15.07537688442211
3112,7.6923076923076925
3113,10.0
3114,25.0
3115,10.144927536231883
3116,25.0
3117,25.0
3118,20.0
3119,7.3359073359073355
3120,10.0
3121,10.0
3122,20.0
3123,14.285714285714285
3124,
3125,15.041782729805014
3126,12.5
3127,14.981949458483754
3128,16.666666666666668
3129,25.0
3130,25.0
3131,16.666666666666668
3132,24.0
3133,10.0
3134,8.333333333333334
3135,25.0
3136,20.0
3137,10.0
3138,25.0
3139,10.0
3140,25.0
3141,29.960578186596585
3142,20.0
3143,15.021459227467812
3144,7.6923076923076925
3145,19.682539682539684
3146,10.0
3147,25.0
3148,12.5
3149,25.0
3150,10.0
3151,17.1875
3152,10.0
3153,33.333333333333336
3154,14.285714285714285
3155,25.0
3156,12.5
3157,10.0
3158,25.0
3159,25.0
3160,15.047021943573668
3161,11.11111111111111
3162,
3163,12.5
3164,25.0
3165,14.285714285714285
3166,7.6923076923076925
3167,6.842105263157895
3168,14.307931570762053
3169,25.0
3170,5.88235294117647
3171,14.285714285714285
3172,7.6923076923076925
3173,10.0
3174,24.51923076923077
3175,12.5
3176,10.0
3177,11.11111111111111
3178,20.0
3179,12.5
3180,33.333333333333336
3181,10.0
3182,10.0
3183,25.0
3184,10.0
3185,33.333333333333336
3186,12.5
3187,9.09090909090909
3188,15.03006012024048
3189,25.0
3190,10.0
3191,12.5
3192,25.0
3193,25.0
3194,14.285714285714285
3195,6.666666666666667
3196,10.0
3197,25.0
3198,7.6923076923076925
3199,12.5
3200,20.0
3201,15.041782729805014
3202,14.0625
3203,7.142857142857142
3204,20.0
3205,25.0
3206,29.850746268656717
3207,5.0
3208,29.850746268656717
3209,25.0
3210,10.0
3211,12.5
3212,15.238095238095237
3213,14.285714285714285
3214,14.285714285714285
3215,14.285714285714285
3216,16.666666666666668
3217,8.333333333333334
3218,21.93548387096774
3219,
3220,6.25
3221,
3222,10.0
3223,14.957264957264957
3224,12.5
3225,14.970059880239521
3226,9.166666666666666
3227,21.040723981900452
3228,23.979591836734695
3229,14.977973568281937
3230,10.0
3231,5.0
3232,14.285714285714285
3233,14.285714285714285
3234,20.0
3235,25.0
3236,5.990783410138249
3237,5.915492957746479
3238,5.88235294117647
3239,10.0
3240,25.79365079365079
3241,10.0
3242,12.5
3243,10.0
3244,16.666666666666668
3245,12.5
3246,29.942418426103647
3247,25.0
3248,12.277227722772277
3249,14.285714285714285
3250,18.686868686868685
3251,10.0
3252,10.0
3253,14.991482112436117
3254,14.990859232175504
3255,14.285714285714285
3256,12.5
3257,8.0
3258,10.0
3259,10.0
3260,25.0
3261,16.666666666666668
3262,33.333333333333336
3263,10.0
3264,10.0
3265,5.88235294117647
3266,25.0
3267,25.0
3268,33.333333333333336
3269,14.953271028037383
3270,10.0
3271,20.0
3272,12.5
3273,10.0
3274,12.5
3275,14.995034756703078
3276,25.0
3277,15.03006012024048
3278,25.0
3279,10.0
3280,15.151515151515152
3281,10.0
3282,14.285714285714285
3283,14.285714285714285
3284,33.333333333333336
3285,11.538461538461538
3286,25.0
3287,14.973262032085561
3288,29.940119760479043
3289,16.666666666666668
3290,25.0
3291,14.285714285714285
3292,10.0
3293,25.0
3294,16.666666666666668
3295,10.0
3296,
3297,25.0
3298,25.0
3299,16.666666666666668
3300,15.050167224080267
3301,15.027829313543599
3302,10.0
3303,15.032679738562091
3304,5.0
3305,16.666666666666668
3306,3.3333333333333335
3307,33.333333333333336
3308,10.0
3309,16.666666666666668
3310,10.0
3311,14.285714285714285
3312,25.0
3313,25.0
3314,10.0
3315,15.041782729805014
3316,10.0
3317,25.0
3318,
3319,20.0
3320,15.034168564920273
3321,14.975845410628018
3322,23.052959501557634
3323,12.5
3324,12.5
3325,33.333333333333336
3326,
3327,10.0
3328,30.76923076923077
3329,7.6923076923076925
3330,10.0
3331,23.958333333333336
3332,24.678111587982833
3333,10.0
3334,8.333333333333334
3335,12.5
3336,20.0
3337,10.0
3338,10.0
3339,11.11111111111111
3340,14.285714285714285
3341,25.0
3342,10.0
3343,14.285714285714285
3344,14.285714285714285
3345,33.333333333333336
3346,14.285714285714285
3347,16.666666666666668
3348,25.0
3349,11.11111111111111
3350,10.0
3351,10.101010101010102
3352,10.0
3353,25.0
3354,25.0
3355,11.11111111111111
3356,10.0
3357,12.478336221837088
3358,15.031315240083506
3359,16.666666666666668
3360,10.0
3361,7.142857142857142
3362,8.333333333333334
3363,8.333333333333334
3364,10.0
3365,14.965986394557822
3366,12.5
3367,
3368,10.0
3369,17.1875
3370,15.07537688442211
3371,25.0
3372,8.333333333333334
3373,8.333333333333334
3374,25.0
3375,10.247349823321555
3376,33.333333333333336
3377,20.0
3378,16.666666666666668
3379,59.883720930232556
3380,25.0
3381,20.0
3382,25.0
3383,10.0
3384,15.027829313543599
3385,14.666666666666666
3386,20.0
3387,10.0
3388,20.0
3389,12.5
3390,16.666666666666668
3391,8.96103896103896
3392,10.0
3393,14.285714285714285
3394,25.0
3395,
3396,12.5
3397,25.0
3398,25.0
3399,16.666666666666668
3400,10.0
3401,6.666666666666667
3402,14.285714285714285
3403,20.0
3404,10.0
3405,33.333333333333336
3406,14.925373134328359
3407,24.895833333333332
3408,50.0
3409,14.285714285714285
3410,25.0
3411,22.018348623853214
3412,10.0
3413,25.0
3414,14.814814814814815
3415,6.25
3416,8.333333333333334
3417,23.134328358208954
3418,9.767441860465116
3419,6.666666666666667
3420,19.705882352941178
3421,15.015015015015015
3422,25.0
3423,5.88235294117647
3424,
3425,15.032679738562091
3426,25.0
3427,10.0
3428,16.666666666666668
3429,14.285714285714285
3430,
3431,25.0
3432,10.0
3433,16.666666666666668
3434,29.96432818073722
3435,19.736842105263158
3436,33.333333333333336
3437,5.0
3438,25.0
3439,10.0
3440,16.666666666666668
3441,5.88235294117647
3442,10.0
3443,10.0
3444,
3445,7.6923076923076925
3446,12.5
3447,6.666666666666667
3448,25.0
3449,25.0
3450,25.0
3451,25.0
3452,15.03006012024048
3453,10.0
3454,10.0
3455,26.501035196687372
3456,15.047021943573668
3457,5.985915492957746
3458,10.0
3459,11.11111111111111
3460,25.0
3461,6.666666666666667
3462,25.0
3463,33.333333333333336
3464,16.666666666666668
3465,25.0
3466,10.0
3467,5.0
3468,100.0
3469,20.0
3470,25.0
3471,20.0
3472,8.333333333333334
3473,10.0
3474,10.0
3475,5.0
3476,30.158730158730158
3477,25.0
3478,10.0
3479,25.0
3480,14.285714285714285
3481,16.666666666666668
3482,10.0
3483,16.666666666666668
3484,25.0
3485,8.333333333333334
3486,20.0
3487,25.0
3488,25.0
3489,16.666666666666668
3490,25.0
3491,33.333333333333336
3492,25.0
3493,20.0
3494,15.178571428571429
3495,7.9831932773109235
3496,5.555555555555555
3497,25.0
3498,10.0
3499,10.0
3500,9.09090909090909
3501,14.285714285714285
3502,15.023474178403756
3503,11.11111111111111
3504,12.280701754385966
3505,14.948453608247423
3506,14.097744360902254
3507,10.0
3508,8.333333333333334
3509,29.765013054830288
3510,14.285714285714285
3511,10.0
3512,10.0
3513,10.0
3514,12.5
3515,8.333333333333334
3516,14.285714285714285
3517,7.6923076923076925
3518,20.0
3519,33.333333333333336
3520,12.5
3521,25.0
3522,
3523,6.666666666666667
3524,10.0
3525,10.0
3526,14.285714285714285
3527,10.0
3528,
3529,16.666666666666668
3530,16.666666666666668
3531,50.0
3532,14.285714285714285
3533,10.0
3534,25.0
3535,10.0
3536,10.0
3537,14.705882352941176
3538,12.5
3539,16.666666666666668
3540,22.14765100671141
3541,11.864406779661017
3542,10.0
3543,25.0
3544,14.285714285714285
3545,12.5
3546,14.987405541561712
3547,10.0
3548,10.0
3549,11.11111111111111
3550,10.0
3551,16.666666666666668
3552,25.0
3553,11.11111111111111
3554,
3555,14.993954050785973
3556,12.5
3557,12.5
3558,25.0
3559,15.034168564920273
3560,16.666666666666668
3561,12.5
3562,10.0
3563,29.983249581239534
3564,10.0
3565,12.5
3566,25.0
3567,14.285714285714285
3568,25.0
3569,10.0
3570,14.971751412429379
3571,10.0
3572,23.979591836734695
3573,25.0
3574,16.666666666666668
3575,15.083798882681563
3576,33.333333333333336
3577,14.970059880239521
3578,14.981949458483754
3579,10.0
3580,25.0
3581,8.0078125
3582,15.027829313543599
3583,11.864406779661017
3584,33.333333333333336
3585,7.6923076923076925
3586,14.971751412429379
3587,14.984709480122325
3588,33.333333333333336
3589,7.142857142857142
3590,24.863387978142075
3591,16.666666666666668
3592,25.0
3593,14.285714285714285
3594,33.333333333333336
3595,25.0
3596,25.0
3597,25.0
3598,7.6923076923076925
3599,14.970059880239521
3600,10.0
3601,15.044247787610619
3602,25.0
3603,10.0
3604,10.0
3605,25.0
3606,29.7029702970297
3607,10.0
3608,12.5
3609,29.912023460410555
3610,6.25
3611,17.73879142300195
3612,10.0
3613,10.0
3614,7.6923076923076925
3615,8.333333333333334
3616,11.11111111111111
3617,20.0
3618,14.285714285714285
3619,10.0
3620,20.0
3621,14.285714285714285
3622,10.0
3623,10.0
3624,8.333333333333334
3625,8.286516853932586
3626,10.0
3627,25.0
3628,7.142857142857142
3629,24.025974025974026
3630,
3631,833.3333333333334
3632,16.666666666666668
3633,10.0
3634,10.0
3635,25.0
3636,10.0
3637,25.0
3638,14.971751412429379
3639,25.0
3640,20.0
3641,33.333333333333336
3642,19.78021978021978
3643,5.0
3644,10.0
3645,14.285714285714285
3646,7.6923076923076925
3647,12.5
3648,25.0
3649,14.285714285714285
3650,10.0
3651,5.0
3652,19.736842105263158
3653,9.09090909090909
3654,25.0
3655,10.0
3656,16.666666666666668
3657,24.75
3658,12.5
3659,30.00445831475702
3660,6.617647058823529
3661,25.0
3662,
3663,9.09090909090909
3664,20.0
3665,10.0
3666,25.0
3667,12.5
3668,14.960629921259843
3669,10.0
3670,14.992503748125937
3671,20.0
3672,15.044247787610619
3673,29.89130434782609
3674,14.98371335504886
3675,10.0
3676,11.11111111111111
3677,14.974619289340103
3678,14.285714285714285
3679,7.007575757575758
3680,10.0
3681,50.0
3682,
3683,23.85057471264368
3684,16.666666666666668
3685,12.5
3686,14.979757085020243
3687,25.0
3688,16.666666666666668
3689,
3690,14.285714285714285
3691,17.168141592920353
3692,25.0
3693,10.0
3694,20.0
3695,25.0
3696,10.0
3697,25.0
3698,23.50597609561753
3699,14.982578397212544
3700,25.0
3701,10.0
3702,8.333333333333334
3703,10.0
3704,14.285714285714285
3705,
3706,15.015015015015015
3707,20.155038759689923
3708,16.666666666666668
3709,10.0
3710,22.105263157894736
3711,
3712,25.0
3713,11.11111111111111
3714,50.0
3715,10.0
3716,22.698744769874477
3717,24.15841584158416
3718,25.0
3719,10.0
3720,30.02832861189802
3721,10.0
3722,
3723,14.285714285714285
3724,28.0
3725,8.009708737864077
3726,9.876543209876543
3727,16.402116402116402
3728,30.0
3729,19.682539682539684
3730,8.333333333333334
3731,25.0
3732,20.0
3733,10.0
3734,12.304866850321396
3735,12.5
3736,14.99330655957162
3737,10.0
3738,10.0
3739,25.0
3740,25.0
3741,10.0
3742,14.285714285714285
3743,25.0
3744,14.985163204747776
3745,10.0
3746,12.5
3747,
3748,22.535211267605636
3749,29.184549356223176
3750,10.0
3751,30.06756756756757
3752,9.09090909090909
3753,20.0
3754,16.666666666666668
3755,20.0
3756,14.990138067061142
3757,16.666666666666668
3758,20.0
3759,20.0
3760,15.06276150627615
3761,20.0
3762,9.622641509433961
3763,20.0
3764,25.0
3765,10.0
3766,20.0
3767,25.0
3768,12.5
3769,33.333333333333336
3770,10.077519379844961
3771,12.5
3772,14.98800959232614
3773,14.992272024729521
3774,12.5
3775,25.0
3776,7.6923076923076925
3777,16.666666666666668
3778,
3779,25.0
3780,25.0
3781,14.285714285714285
3782,9.980039920159681
3783,14.977973568281937
3784,7.142857142857142
3785,14.985590778097983
3786,16.666666666666668
3787,10.90909090909091
3788,33.333333333333336
3789,29.908675799086758
3790,23.052959501557634
3791,20.0
3792,25.0
3793,
3794,25.0
3795,14.965986394557822
3796,50.0
3797,14.984709480122325
3798,25.0
3799,6.666666666666667
3800,5.0
3801,25.0
3802,8.333333333333334
3803,10.0
3804,12.5
3805,14.99409681227863
3806,5.777777777777778
3807,9.09090909090909
3808,15.023474178403756
3809,25.0
3810,15.126050420168067
3811,9.09090909090909
3812,
3813,10.0
3814,25.0
3815,25.0
3816,14.989733059548255
3817,10.0
3818,14.98929336188437
3819,14.968152866242038
3820,11.11111111111111
3821,9.09090909090909
3822,10.0
3823,10.0
3824,33.333333333333336
3825,10.0
3826,25.0
3827,28.187919463087248
3828,23.977695167286242
3829,15.06276150627615
3830,10.0
3831,25.0
3832,33.333333333333336
3833,14.027149321266968
3834,25.0
3835,14.285714285714285
3836,14.285714285714285
3837,10.0
3838,14.965986394557822
3839,10.0
3840,20.0
3841,11.11111111111111
3842,10.0
3843,25.0
3844,11.11111111111111
3845,9.772423025435073
3846,14.285714285714285
3847,10.0
3848,11.864406779661017
3849,20.0
3850,14.980544747081712
3851,14.977973568281937
3852,10.0
3853,5.0
3854,20.0
3855,7.6923076923076925
3856,29.82456140350877
3857,23.991935483870968
3858,10.0
3859,20.0
3860,24.0
3861,15.03006012024048
3862,12.568306010928962
3863,14.285714285714285
3864,15.041782729805014
3865,15.015015015015015
3866,7.6923076923076925
3867,25.0
3868,14.285714285714285
3869,29.787234042553195
3870,14.285714285714285
3871,23.052959501557634
3872,23.34384858044164
3873,25.0
3874,16.666666666666668
3875,10.0
3876,10.0
3877,
3878,10.0
3879,14.285714285714285
3880,25.0
3881,11.377245508982037
3882,10.0
3883,11.976047904191617
3884,10.0
3885,20.0
3886,10.0
3887,16.666666666666668
3888,12.5
3889,
3890,15.050167224080267
3891,10.0
3892,25.0
3893,20.0
3894,
3895,20.0
3896,7.6923076923076925
3897,10.0
3898,14.285714285714285
3899,19.78021978021978
3900,14.995034756703078
3901,10.0
3902,10.0
3903,25.0
3904,10.0
3905,6.666666666666667
3906,
3907,10.0
3908,25.0
3909,12.5
3910,8.333333333333334
3911,10.0
3912,14.973262032085561
3913,9.13978494623656
3914,25.0
3915,24.863387978142075
3916,12.5
3917,15.0
3918,33.333333333333336
3919,10.0
3920,23.333333333333336
3921,10.0
3922,14.925373134328359
3923,10.0
3924,25.0
3925,5.0
3926,7.6923076923076925
3927,25.0
3928,8.333333333333334
3929,21.91780821917808
3930,25.0
3931,9.09090909090909
3932,25.0
3933,15.03006012024048
3934,10.0
3935,11.864406779661017
3936,
3937,25.0
3938,20.0
3939,14.977973568281937
3940,20.0
3941,14.986376021798364
3942,33.333333333333336
3943,20.0
3944,
3945,7.6923076923076925
3946,25.0
3947,8.333333333333334
3948,30.054644808743166
3949,10.0
3950,12.5
3951,10.0
3952,10.0
3953,14.285714285714285
3954,24.050632911392405
3955,33.333333333333336
3956,30.862068965517242
3957,25.0
3958,
3959,4.926108374384237
3960,10.0
3961,14.285714285714285
3962,11.11111111111111
3963,25.0
3964,13.758389261744966
3965,10.0
3966,12.5
3967,10.0
3968,16.666666666666668
3969,10.0
3970,10.0
3971,9.09090909090909
3972,10.0
3973,25.0
3974,5.0
3975,10.0
3976,10.0
3977,25.0
3978,6.666666666666667
3979,9.0
3980,9.09090909090909
3981,7.1659482758620685
3982,16.666666666666668
3983,16.666666666666668
3984,8.076923076923077
3985,25.0
3986,14.975845410628018
3987,26.96969696969697
3988,20.0
3989,10.0
3990,14.285714285714285
3991,14.912280701754385
3992,25.0
3993,25.0
3994,14.979757085020243
3995,10.0
3996,
3997,16.666666666666668
3998,10.0
3999,25.0
4000,
4001,25.0
4002,6.666666666666667
4003,7.6923076923076925
4004,13.073394495412845
4005,50.0
4006,25.0
4007,15.07537688442211
4008,15.07537688442211
4009,14.995034756703078
4010,10.0
4011,15.606060606060606
4012,10.0
4013,25.0
4014,10.0
4015,10.0
4016,6.25
4017,10.0
4018,14.994934143870315
4019,10.0
4020,10.0
4021,12.5
4022,25.0
4023,8.333333333333334
4024,25.0
4025,7.6923076923076925
4026,25.0
4027,20.0
4028,12.5
4029,25.0
4030,20.0
4031,8.333333333333334
4032,8.333333333333334
4033,10.0
4034,10.0
4035,31.081081081081084
4036,10.0
4037,7.142857142857142
4038,16.666666666666668
4039,12.5
4040,20.0
4041,25.0
4042,15.042372881355933
4043,25.0
4044,20.0
4045,10.0
4046,10.0
4047,
4048,5.88235294117647
4049,10.0
4050,16.0
4051,10.0
4052,8.333333333333334
4053,6.0
4054,10.0
4055,25.0
4056,8.333333333333334
4057,7.142857142857142
4058,
4059,33.333333333333336
4060,10.0
4061,25.0
4062,15.015015015015015
4063,8.333333333333334
4064,280.0
4065,14.285714285714285
4066,15.0
4067,10.0
4068,25.0
4069,25.0
4070,5.555555555555555
4071,
4072,14.285714285714285
4073,16.666666666666668
4074,25.0
4075,12.5
4076,7.777777777777778
4077,29.880478087649404
4078,6.666666666666667
4079,
4080,14.98371335504886
4081,7.6923076923076925
4082,10.0
4083,30.0
4084,
4085,20.0
4086,25.0
4087,16.666666666666668
4088,14.0625
4089,20.0
4090,25.0
4091,25.0
4092,25.0
4093,13.888888888888888
4094,20.0
4095,12.5
4096,14.984709480122325
4097,
4098,16.666666666666668
4099,25.0
4100,14.285714285714285
4101,15.03006012024048
4102,10.0
4103,11.11111111111111
4104,10.0
4105,16.07445008460237
4106,10.0
4107,9.09090909090909
4108,9.09090909090909
4109,25.0
4110,
4111,6.995003568879372
4112,21.875
4113,16.666666666666668
4114,10.0
4115,
4116,8.333333333333334
4117,9.25925925925926
4118,12.5
4119,10.0
4120,14.516129032258066
4121,29.889298892988933
4122,33.333333333333336
4123,25.0
4124,29.953917050691242
4125,20.0
4126,25.0
4127,33.333333333333336
4128,10.0
4129,25.0
4130,12.5
4131,50.0
4132,10.0
4133,20.0
4134,7.6923076923076925
4135,25.0
4136,25.0
4137,25.0
4138,10.0
4139,10.90909090909091
4140,25.0
4141,14.285714285714285
4142,15.107913669064748
4143,16.666666666666668
4144,
4145,30.061349693251532
4146,10.0
4147,29.85781990521327
4148,29.85781990521327
4149,30.048076923076923
4150,30.088495575221238
4151,12.5
4152,25.0
4153,7.6923076923076925
4154,19.736842105263158
4155,15.03957783641161
4156,7.6923076923076925
4157,33.333333333333336
4158,25.0
4159,10.0
4160,14.994487320837926
4161,11.11111111111111
4162,33.333333333333336
4163,32.310838445807775
4164,16.666666666666668
4165,20.0
4166,10.0
4167,25.0
4168,29.980013324450365
4169,12.5
4170,10.0
4171,12.5
4172,6.666666666666667
4173,
4174,14.600550964187327
4175,10.0
4176,28.0
4177,100.0
4178,10.0
4179,9.09090909090909
4180,7.6923076923076925
4181,
4182,10.0
4183,10.0
4184,14.285714285714285
4185,25.0
4186,11.11111111111111
4187,10.0
4188,
4189,10.0
4190,7.8431372549019605
4191,33.333333333333336
4192,
4193,33.333333333333336
4194,14.285714285714285
4195,8.333333333333334
4196,10.0
4197,10.0
4198,11.11111111111111
4199,
4200,27.401129943502823
4201,
4202,25.0
4203,25.0
4204,25.0
4205,10.0
4206,
4207,14.960629921259843
4208,14.285714285714285
4209,29.880478087649404
4210,9.09090909090909
4211,10.0
4212,10.0
4213,14.285714285714285
4214,14.971751412429379
4215,25.0
4216,14.285714285714285
4217,10.0
4218,
4219,25.0
4220,7.777777777777778
4221,16.666666666666668
4222,14.285714285714285
4223,
4224,15.03006012024048
4225,10.0
4226,10.0
4227,25.0
4228,12.5
4229,14.285714285714285
4230,10.0
4231,12.5
4232,10.0
4233,16.666666666666668
4234,11.11111111111111
4235,33.333333333333336
4236,10.0
4237,25.0
4238,
4239,14.285714285714285
4240,33.333333333333336
4241,25.0
4242,10.0
4243,14.285714285714285
4244,10.0
4245,10.0
4246,25.0
4247,33.333333333333336
4248,10.0
4249,5.263157894736842
4250,
4251,10.0
4252,5.88235294117647
4253,14.097744360902254
4254,16.666666666666668
4255,10.0
4256,5.357142857142857
4257,
4258,10.0
4259,7.6923076923076925
4260,20.0
4261,8.88888888888889
4262,25.0
4263,25.0
4264,25.0
4265,10.0
4266,6.666666666666667
4267,4.0
4268,10.0
4269,25.0
4270,12.5
4271,6.666666666666667
4272,11.11111111111111
4273,10.0
4274,20.0
4275,
4276,9.09090909090909
4277,14.925373134328359
4278,10.0
4279,33.333333333333336
4280,25.0
4281,25.0
4282,7.142857142857142
4283,5.555555555555555
4284,25.0
4285,23.39901477832512
4286,12.5
4287,10.0
4288,25.0
4289,
4290,
4291,
4292,
4293,
4294,
4295,
4296,15.083798882681563
4297,9.862385321100918
4298,25.0
4299,11.11111111111111
4300,10.0
4301,5.88235294117647
4302,10.0
4303,14.979757085020243
4304,10.0
4305,12.5
4306,25.0
4307,10.0
4308,
4309,14.975845410628018
4310,14.0
4311,
4312,
4313,33.333333333333336
4314,14.285714285714285
4315,25.0
4316,16.666666666666668
4317,25.0
4318,14.976958525345621
4319,9.09090909090909
4320,10.0
4321,10.0
4322,25.0
4323,33.333333333333336
4324,7.6923076923076925
4325,20.0
4326,10.0
4327,14.965986394557822
4328,10.0
4329,16.666666666666668
4330,16.666666666666668
4331,12.5
4332,33.333333333333336
4333,
4334,25.0
4335,14.285714285714285
4336,10.0
4337,14.984709480122325
4338,25.0
4339,10.0
4340,14.285714285714285
4341,14.285714285714285
4342,16.666666666666668
4343,10.0
4344,33.333333333333336
4345,12.5
4346,8.333333333333334
4347,14.99409681227863
4348,10.0
4349,10.0
4350,30.0
4351,
4352,20.0
4353,10.0
4354,10.0
4355,30.06993006993007
4356,
4357,7.317073170731708
4358,6.565656565656566
4359,14.948453608247423
4360,25.0
4361,11.11111111111111
4362,10.0
4363,15.0
4364,10.0
4365,15.026833631484795
4366,25.0
4367,15.050167224080267
4368,12.5
4369,10.0
4370,11.627906976744185
4371,10.0
4372,15.018315018315018
4373,25.0
4374,20.0
4375,10.0
4376,25.0
4377,12.5
4378,18.96551724137931
4379,25.0
4380,22.064056939501782
4381,7.6923076923076925
4382,24.015748031496063
4383,
4384,15.897435897435898
4385,
4386,
4387,14.285714285714285
4388,16.666666666666668
4389,10.0
4390,20.0
4391,25.0
4392,10.0
4393,21.978021978021978
4394,10.0
4395,24.766355140186914
4396,25.0
4397,
4398,14.975845410628018
4399,25.0
4400,14.973262032085561
4401,11.11111111111111
4402,25.0
4403,10.0
4404,16.666666666666668
4405,
4406,14.50381679389313
4407,25.0
4408,25.0
4409,6.666666666666667
4410,14.982578397212544
4411,25.0
4412,10.0
4413,12.5
4414,10.0
4415,16.666666666666668
4416,12.5
4417,10.0
4418,6.666666666666667
4419,23.333333333333336
4420,
4421,6.666666666666667
4422,14.285714285714285
4423,10.0
4424,10.0
4425,16.666666666666668
4426,8.333333333333334
4427,6.666666666666667
4428,8.333333333333334
4429,10.0
4430,16.666666666666668
4431,16.666666666666668
4432,25.0
4433,
4434,16.423357664233578
4435,10.0
4436,20.0
4437,20.0
4438,14.285714285714285
4439,10.0
4440,10.0
4441,10.0
4442,8.043478260869565
4443,10.0
4444,10.0
4445,
4446,25.0
4447,14.975845410628018
4448,14.971751412429379
4449,10.0
4450,11.11111111111111
4451,16.666666666666668
4452,20.5
4453,10.0
4454,14.285714285714285
4455,
4456,11.11111111111111
4457,10.0
4458,10.0
4459,11.864406779661017
4460,25.0
4461,25.0
4462,29.880478087649404
4463,20.0
4464,10.0
4465,9.09090909090909
4466,9.09090909090909
4467,8.333333333333334
4468,10.0
4469,9.862385321100918
4470,12.672811059907835
4471,16.666666666666668
4472,14.285714285714285
4473,25.0
4474,10.0
4475,12.5
4476,20.0
4477,16.666666666666668
4478,16.666666666666668
4479,
4480,7.6923076923076925
4481,14.285714285714285
4482,33.333333333333336
4483,6.666666666666667
4484,10.0
4485,14.935064935064934
4486,25.0
4487,29.885057471264368
4488,33.333333333333336
4489,10.0
4490,7.6923076923076925
4491,12.5
4492,9.931034482758621
4493,14.285714285714285
4494,
4495,29.92831541218638
4496,12.5
4497,10.0
4498,12.974683544303797
4499,12.5
4500,10.0
4501,5.952380952380952
4502,5.952380952380952
4503,13.945578231292517
4504,12.5
4505,14.285714285714285
4506,25.0
4507,10.0
4508,10.0
4509,33.333333333333336
4510,12.295081967213115
4511,10.0
4512,25.0
4513,25.0
4514,8.333333333333334
4515,24.832214765100673
4516,21.794871794871792
4517,25.0
4518,20.0
4519,12.5
4520,25.0
4521,14.963503649635037
4522,25.0
4523,16.666666666666668
4524,25.0
4525,29.942418426103647
4526,15.03006012024048
4527,10.0
4528,7.6923076923076925
4529,13.28125
4530,9.25925925925926
4531,25.0
4532,
4533,7.6923076923076925
4534,
4535,33.333333333333336
4536,8.333333333333334
4537,25.0
4538,25.0
4539,20.0
4540,10.0
4541,16.666666666666668
4542,
4543,
4544,16.666666666666668
4545,14.130434782608695
4546,29.76878612716763
4547,25.0
4548,400.0
4549,8.333333333333334
4550,12.5
4551,10.0
4552,16.666666666666668
4553,16.07843137254902
4554,16.666666666666668
4555,20.0
4556,30.147058823529413
4557,20.0
4558,33.333333333333336
4559,25.0
4560,12.5
4561,10.0
4562,16.666666666666668
4563,10.0
4564,10.0
4565,
4566,16.384180790960453
4567,8.333333333333334
4568,10.0
4569,19.625
4570,15.03006012024048
4571,10.0
4572,25.0
4573,
4574,10.0
4575,25.0
4576,16.666666666666668
4577,
4578,25.0
4579,
4580,14.285714285714285
4581,10.0
4582,6.666666666666667
4583,15.104166666666666
4584,
4585,25.0
4586,15.037593984962406
4587,8.333333333333334
4588,25.0
4589,20.0
4590,10.0
4591,10.0
4592,16.666666666666668
4593,10.0
4594,15.03006012024048
4595,12.5
4596,33.333333333333336
4597,14.07563025210084
4598,6.666666666666667
4599,
4600,14.285714285714285
4601,8.333333333333334
4602,25.0
4603,25.0
4604,9.09090909090909
4605,5.88235294117647
4606,10.0
4607,14.989059080962802
4608,10.0
4609,12.5
4610,
4611,10.0
4612,8.286516853932586
4613,20.0
4614,25.0
4615,14.975845410628018
4616,25.0
4617,10.0
4618,10.0
4619,19.636363636363637
4620,
4621,10.0
4622,15.03006012024048
4623,15.03006012024048
4624,7.6923076923076925
4625,25.0
4626,33.333333333333336
4627,10.0
4628,10.0
4629,10.0
4630,25.0
4631,5.0
4632,20.0
4633,25.0
4634,14.285714285714285
4635,10.0
4636,
4637,16.666666666666668
4638,16.666666666666668
4639,12.5
4640,25.0
4641,10.0
4642,25.0
4643,7.6923076923076925
4644,10.0
4645,
4646,20.0
4647,20.0
4648,16.666666666666668
4649,16.666666666666668
4650,14.285714285714285
4651,12.5
4652,9.09090909090909
4653,20.0
4654,25.0
4655,10.0
4656,16.666666666666668
4657,12.5
4658,25.0
4659,25.0
4660,25.0
4661,
4662,10.0
4663,25.43103448275862
4664,10.0
4665,8.286516853932586
4666,20.0
4667,15.07537688442211
4668,14.285714285714285
4669,16.666666666666668
4670,5.0
4671,7.142857142857142
4672,10.0
4673,14.285714285714285
4674,7.6923076923076925
4675,25.0
4676,14.285714285714285
4677,14.705882352941176
4678,7.6923076923076925
4679,11.11111111111111
4680,33.333333333333336
4681,11.11111111111111
4682,6.666666666666667
4683,11.11111111111111
4684,25.0
4685,16.666666666666668
4686,10.0
4687,5.88235294117647
4688,16.666666666666668
4689,20.0
4690,25.0
4691,12.5
4692,10.0
4693,8.333333333333334
4694,10.0
4695,25.0
4696,25.0
4697,25.0
4698,25.0
4699,
4700,25.0
4701,10.0
4702,
4703,15.034168564920273
4704,5.0
4705,10.0
4706,14.995034756703078
4707,25.0
4708,9.09090909090909
4709,10.0
4710,10.0
4711,10.0
4712,50.0
4713,23.295454545454547
4714,25.0
4715,20.0
4716,7.142857142857142
4717,12.5
4718,9.09090909090909
4719,25.0
4720,14.285714285714285
4721,25.0
4722,16.666666666666668
4723,10.0
4724,33.333333333333336
4725,25.0
4726,
4727,10.0
4728,15.07537688442211
4729,7.6923076923076925
4730,9.862385321100918
4731,33.333333333333336
4732,10.0
4733,14.973262032085561
4734,33.333333333333336
4735,
4736,10.0
4737,15.03006012024048
4738,10.0
4739,7.6923076923076925
4740,14.285714285714285
4741,26.717557251908396
4742,12.5
4743,10.0
4744,14.285714285714285
4745,10.0
4746,10.0
4747,16.666666666666668
4748,16.666666666666668
4749,
4750,10.0
4751,10.0
4752,25.0
4753,16.666666666666668
4754,14.285714285714285
4755,25.0
4756,10.0
4757,50.0
4758,
4759,
4760,25.0
4761,10.0
4762,12.5
4763,7.6923076923076925
4764,
4765,10.32258064516129
4766,14.285714285714285
4767,33.333333333333336
4768,
4769,16.666666666666668
4770,12.5
4771,25.0
4772,14.987714987714988
4773,
4774,10.0
4775,20.0
4776,10.0
4777,11.11111111111111
4778,16.666666666666668
4779,10.0
4780,15.050167224080267
4781,10.0
4782,10.0
4783,25.0
4784,100.0
4785,11.11111111111111
4786,9.6
4787,25.0
4788,25.0
4789,25.0
4790,10.0
4791,20.0
4792,33.333333333333336
4793,7.773851590106007
4794,12.5
4795,16.666666666666668
4796,16.666666666666668
4797,25.0
4798,
4799,10.0
4800,25.0
4801,
4802,25.0
4803,10.0
4804,7.6923076923076925
4805,8.333333333333334
4806,20.0
4807,12.5
4808,10.0
4809,29.933481152993348
4810,14.285714285714285
4811,15.035799522673031
4812,33.76623376623376
4813,8.333333333333334
4814,10.0
4815,20.0
4816,10.0
4817,25.0
4818,
4819,
4820,12.5
4821,14.285714285714285
4822,12.5
4823,14.285714285714285
4824,25.0
4825,10.0
4826,8.333333333333334
4827,7.6923076923076925
4828,15.03006012024048
4829,20.0
4830,25.0
4831,10.0
4832,
4833,25.0
4834,11.11111111111111
4835,14.285714285714285
4836,16.666666666666668
4837,14.285714285714285
4838,25.0
4839,10.0
4840,11.486486486486488
4841,
4842,20.045045045045043
4843,20.0
4844,25.0
4845,7.142857142857142
4846,
4847,10.0
4848,
4849,25.0
4850,11.11111111111111
4851,10.0
4852,100.0
4853,25.0
4854,31.851851851851855
4855,10.0
4856,16.666666666666668
4857,33.333333333333336
4858,
4859,20.0
4860,14.986376021798364
4861,25.0
4862,25.0
4863,5.0
4864,10.0
4865,
4866,25.0
4867,22.413793103448274
4868,10.0
4869,10.0
4870,16.666666666666668
4871,14.285714285714285
4872,7.6923076923076925
4873,10.0
4874,25.0
4875,10.0
4876,10.0
4877,25.0
4878,10.0
4879,10.0
4880,25.0
4881,20.0
4882,33.333333333333336
4883,7.142857142857142
4884,14.285714285714285
4885,10.0
4886,5.0
4887,10.0
4888,10.0
4889,14.285714285714285
4890,14.935064935064934
4891,26.092233009708735
4892,
4893,
4894,16.666666666666668
4895,10.833333333333334
4896,11.176470588235295
4897,16.666666666666668
4898,23.174603174603174
4899,10.0
4900,7.142857142857142
4901,5.769230769230769
4902,16.666666666666668
4903,12.5
4904,10.0
4905,11.11111111111111
4906,12.5
4907,6.666666666666667
4908,12.5
4909,10.0
4910,8.333333333333334
4911,50.0
4912,25.0
4913,15.151515151515152
4914,25.0
4915,25.0
4916,10.0
4917,25.0
4918,16.666666666666668
4919,14.984709480122325
4920,33.333333333333336
4921,5.0
4922,10.0
4923,16.666666666666668
4924,5.0
4925,14.285714285714285
4926,10.0
4927,10.0
4928,20.594965675057207
4929,25.0
4930,25.0
4931,25.0
4932,20.0
4933,10.0
4934,10.0
4935,10.0
4936,20.0
4937,6.666666666666667
4938,10.0
4939,11.11111111111111
4940,10.0
4941,20.0
4942,25.0
4943,10.0
4944,
4945,20.0
4946,12.634408602150538
4947,25.0
4948,25.0
4949,33.333333333333336
4950,9.777777777777777
4951,14.285714285714285
4952,25.0
4953,25.0
4954,33.333333333333336
4955,8.333333333333334
4956,33.333333333333336
4957,8.333333333333334
4958,14.285714285714285
4959,10.0
4960,
4961,25.0
4962,6.666666666666667
4963,
4964,7.6923076923076925
4965,33.333333333333336
4966,25.0
4967,8.333333333333334
4968,
4969,8.541666666666666
4970,16.666666666666668
4971,25.0
4972,5.0
4973,12.5
4974,
4975,25.0
4976,25.0
4977,9.09090909090909
4978,8.597285067873305
4979,10.0
4980,10.0
4981,7.142857142857142
4982,5.523255813953488
4983,
4984,20.0
4985,33.333333333333336
4986,16.666666666666668
4987,33.333333333333336
4988,14.285714285714285
4989,25.0
4990,
4991,
4992,25.0
4993,10.0
4994,33.333333333333336
4995,7.142857142857142
4996,9.09090909090909
4997,12.5
4998,24.479166666666668
4999,14.285714285714285
5000,25.0
5001,8.88888888888889
5002,15.584415584415584
5003,16.666666666666668
5004,7.6923076923076925
5005,10.0
5006,25.231481481481485
5007,10.0
5008,16.472868217054266
5009,
5010,25.0
5011,10.0
5012,50.0
5013,25.0
5014,16.666666666666668
5015,10.0
5016,20.0
5017,12.5
5018,25.0
5019,25.0
5020,16.666666666666668
5021,
5022,11.11111111111111
5023,10.0
5024,25.0
5025,25.0
5026,25.0
5027,5.0
5028,10.0
5029,14.285714285714285
5030,25.0
5031,14.285714285714285
5032,20.0
5033,12.5
5034,25.0
5035,33.333333333333336
5036,25.0
5037,12.5
5038,20.0
5039,12.5
5040,
5041,33.333333333333336
5042,8.333333333333334
5043,25.0
5044,
5045,
5046,16.666666666666668
5047,14.285714285714285
5048,
5049,10.0
5050,14.285714285714285
5051,16.666666666666668
5052,6.666666666666667
5053,
5054,14.285714285714285
5055,6.666666666666667
5056,12.5
5057,25.0
5058,20.0
5059,
5060,20.0
5061,7.6923076923076925
5062,33.333333333333336
5063,33.333333333333336
5064,10.0
5065,14.196242171189978
5066,25.0
5067,11.11111111111111
5068,
5069,7.594936708860759
5070,16.666666666666668
5071,12.478336221837088
5072,10.0
5073,
5074,14.285714285714285
5075,10.0
5076,10.476190476190476
5077,50.0
5078,12.5
5079,16.25
5080,25.0
5081,12.5
5082,10.0
5083,10.0
5084,12.5
5085,10.0
5086,11.076923076923077
5087,25.0
5088,8.333333333333334
5089,10.0
5090,25.0
5091,33.333333333333336
5092,6.25
5093,10.0
5094,16.666666666666668
5095,10.0
5096,20.0
5097,7.142857142857142
5098,
5099,6.666666666666667
5100,12.5
5101,16.666666666666668
5102,25.0
5103,25.0
5104,10.0
5105,5.88235294117647
5106,25.0
5107,25.0
5108,11.11111111111111
5109,7.6923076923076925
5110,14.285714285714285
5111,12.5
5112,10.0
5113,25.0
5114,25.0
5115,10.0
5116,13.821138211382113
5117,25.0
5118,20.0
5119,12.5
5120,25.0
5121,17.979797979797983
5122,10.0
5123,12.5
5124,10.0
5125,14.285714285714285
5126,25.0
5127,7.6923076923076925
5128,11.11111111111111
5129,
5130,26.724137931034484
5131,25.0
5132,9.09090909090909
5133,11.11111111111111
5134,10.0
5135,33.333333333333336
5136,10.0
5137,25.0
5138,25.0
5139,10.0
5140,11.11111111111111
5141,10.0
5142,25.0
5143,10.0
5144,25.0
5145,25.0
5146,16.666666666666668
5147,16.153846153846153
5148,7.6923076923076925
5149,12.5
5150,10.0
5151,9.09090909090909
5152,20.0
5153,12.290502793296088
5154,25.0
5155,16.666666666666668
5156,25.0
5157,10.0
5158,14.388489208633095
5159,11.11111111111111
5160,
5161,25.0
5162,25.0
5163,20.0
5164,25.0
5165,20.0
5166,8.333333333333334
5167,10.0
5168,14.285714285714285
5169,25.0
5170,33.333333333333336
5171,25.0
5172,20.0
5173,
5174,8.333333333333334
5175,33.333333333333336
5176,10.0
5177,20.0
5178,10.0
5179,16.666666666666668
5180,7.142857142857142
5181,10.0
5182,12.5
5183,11.11111111111111
5184,25.0
5185,26.635514018691588
5186,20.0
5187,
5188,2.849740932642487
5189,14.285714285714285
5190,25.0
5191,6.666666666666667
5192,33.333333333333336
5193,25.0
5194,10.0
5195,8.333333333333334
5196,33.333333333333336
5197,10.0
5198,24.62121212121212
5199,
5200,33.333333333333336
5201,12.5
5202,4.3478260869565215
5203,14.184397163120567
5204,16.666666666666668
5205,25.0
5206,10.0
5207,14.285714285714285
5208,8.333333333333334
5209,100.0
5210,14.285714285714285
5211,12.5
5212,5.0
5213,
5214,9.09090909090909
5215,9.771689497716896
5216,25.0
5217,25.0
5218,10.0
5219,5.0
5220,25.0
5221,16.666666666666668
5222,14.285714285714285
5223,10.0
5224,14.285714285714285
5225,
5226,10.0
5227,10.0
5228,10.0
5229,11.11111111111111
5230,10.0
5231,6.666666666666667
5232,16.666666666666668
5233,25.0
5234,10.0
5235,10.0
5236,16.666666666666668
5237,7.6923076923076925
5238,14.285714285714285
5239,12.5
5240,10.0
5241,5.0
5242,16.666666666666668
5243,25.0
5244,7.6923076923076925
5245,10.0
5246,33.333333333333336
5247,5.0
5248,16.666666666666668
5249,16.666666666666668
5250,5.88235294117647
5251,11.11111111111111
5252,
5253,14.285714285714285
5254,14.285714285714285
5255,16.666666666666668
5256,16.666666666666668
5257,25.0
5258,33.333333333333336
5259,10.0
5260,11.11111111111111
5261,8.333333333333334
5262,16.666666666666668
5263,22.916666666666664
5264,25.0
5265,
5266,10.0
5267,33.333333333333336
5268,10.0
5269,16.666666666666668
5270,11.11111111111111
5271,16.666666666666668
5272,8.333333333333334
5273,6.666666666666667
5274,14.285714285714285
5275,5.0
5276,14.285714285714285
5277,
5278,8.565072302558399
5279,8.875739644970414
5280,11.11111111111111
5281,10.0
5282,25.0
5283,10.0
5284,25.0
5285,20.0
5286,6.9491525423728815
5287,
5288,20.0
5289,14.285714285714285
5290,14.285714285714285
5291,8.333333333333334
5292,20.0
5293,8.333333333333334
5294,6.666666666666667
5295,14.984709480122325
5296,33.333333333333336
5297,16.666666666666668
5298,25.0
5299,8.0
5300,14.285714285714285
5301,10.0
5302,7.142857142857142
5303,16.666666666666668
5304,11.11111111111111
5305,8.333333333333334
5306,14.285714285714285
5307,33.333333333333336
5308,
5309,25.0
5310,
5311,
5312,10.0
5313,33.333333333333336
5314,14.98371335504886
5315,25.0
5316,16.666666666666668
5317,10.0
5318,9.09090909090909
5319,14.285714285714285
5320,
5321,25.0
5322,9.166666666666666
5323,25.0
5324,24.691358024691358
5325,11.11111111111111
5326,25.0
5327,10.0
5328,10.0
5329,33.333333333333336
5330,19.130434782608695
5331,25.0
5332,12.162162162162163
5333,10.0
5334,10.0
5335,14.285714285714285
5336,7.142857142857142
5337,33.333333333333336
5338,4.545454545454545
5339,4.523809523809524
5340,
5341,16.666666666666668
5342,
5343,20.0
5344,
5345,14.285714285714285
5346,16.666666666666668
5347,25.0
5348,15.111111111111112
5349,4.045155221072436
5350,7.6923076923076925
5351,33.333333333333336
5352,10.0
5353,10.0
5354,10.0
5355,25.0
5356,10.0
5357,5.0
5358,8.333333333333334
5359,11.648351648351648
5360,25.0
5361,25.0
5362,25.0
5363,12.5
5364,7.142857142857142
5365,11.11111111111111
5366,25.0
5367,
5368,12.5
5369,24.637681159420293
5370,25.0
5371,16.666666666666668
5372,5.0
5373,14.285714285714285
5374,10.0
5375,10.0
5376,16.666666666666668
5377,33.333333333333336
5378,9.585889570552148
5379,33.333333333333336
5380,14.285714285714285
5381,25.0
5382,470.0
5383,9.700000000000001
5384,10.0
5385,18.620689655172413
5386,20.0
5387,16.666666666666668
5388,10.0
5389,12.5
5390,25.0
5391,14.285714285714285
5392,10.775862068965518
5393,10.0
5394,16.666666666666668
5395,12.5
5396,10.0
5397,5.0
5398,5.0
5399,25.0
5400,20.0
5401,11.059907834101383
5402,25.0
5403,6.666666666666667
5404,30.0
5405,25.0
5406,14.285714285714285
5407,11.864406779661017
5408,25.0
5409,10.0
5410,
5411,
5412,25.0
5413,20.0
5414,
5415,30.031446540880502
5416,10.0
5417,11.11111111111111
5418,25.0
5419,12.5
5420,10.0
5421,16.666666666666668
5422,14.285714285714285
5423,16.666666666666668
5424,25.0
5425,27.635327635327634
5426,10.0
5427,20.0
5428,
5429,10.0
5430,
5431,15.315315315315315
5432,100.0
5433,9.09090909090909
5434,9.743589743589745
5435,
5436,
5437,24.766355140186914
5438,
5439,12.5
5440,25.0
5441,25.0
5442,25.0
5443,25.0
5444,16.666666666666668
5445,16.666666666666668
5446,25.0
5447,10.0
5448,11.11111111111111
5449,
5450,14.285714285714285
5451,9.09090909090909
5452,33.333333333333336
5453,8.333333333333334
5454,20.0
5455,25.0
5456,16.666666666666668
5457,19.285714285714285
5458,10.0
5459,6.074766355140187
5460,10.37037037037037
5461,25.0
5462,25.0
5463,10.0
5464,20.0
5465,7.142857142857142
5466,8.333333333333334
5467,
5468,33.333333333333336
5469,25.0
5470,11.11111111111111
5471,
5472,25.0
5473,25.0
5474,10.0
5475,10.0
5476,10.0
5477,14.285714285714285
5478,10.0
5479,25.0
5480,33.333333333333336
5481,16.666666666666668
5482,9.09090909090909
5483,16.666666666666668
5484,10.0
5485,14.285714285714285
5486,25.0
5487,10.0
5488,10.0
5489,25.0
5490,25.0
5491,33.333333333333336
5492,12.5
5493,11.11111111111111
5494,14.285714285714285
5495,25.0
5496,
5497,10.0
5498,
5499,7.6923076923076925
5500,25.0
5501,33.333333333333336
5502,8.333333333333334
5503,16.666666666666668
5504,25.0
5505,25.0
5506,12.5
5507,10.0
5508,25.0
5509,16.666666666666668
5510,7.6923076923076925
5511,10.0
5512,20.0
5513,12.568306010928962
5514,12.5
5515,9.09090909090909
5516,20.0
5517,25.0
5518,5.88235294117647
5519,100.0
5520,25.0
5521,16.666666666666668
5522,20.0
5523,8.61111111111111
5524,12.5
5525,7.6923076923076925
5526,25.0
5527,25.0
5528,9.722222222222223
5529,12.5
5530,33.333333333333336
5531,15.02276176024279
5532,12.5
5533,20.0
5534,25.0
5535,13.866666666666665
5536,
5537,11.864406779661017
5538,16.666666666666668
5539,16.666666666666668
5540,14.285714285714285
5541,25.0
5542,10.0
5543,14.285714285714285
5544,
5545,25.0
5546,25.0
5547,10.0
5548,
5549,12.5
5550,25.0
5551,12.5
5552,20.0
5553,10.0
5554,5.88235294117647
5555,10.0
5556,16.666666666666668
5557,16.666666666666668
5558,25.0
5559,11.11111111111111
5560,16.666666666666668
5561,10.0
5562,16.666666666666668
5563,10.0
5564,25.0
5565,25.0
5566,5.0
5567,33.333333333333336
5568,7.6923076923076925
5569,7.606679035250464
5570,20.0
5571,16.666666666666668
5572,6.666666666666667
5573,12.5
5574,8.333333333333334
5575,
5576,6.944444444444444
5577,50.0
5578,10.0
5579,25.0
5580,33.333333333333336
5581,17.94871794871795
5582,25.0
5583,25.0
5584,23.39901477832512
5585,50.0
5586,25.0
5587,
5588,33.333333333333336
5589,16.666666666666668
5590,24.793388429752067
5591,16.423357664233578
5592,7.6923076923076925
5593,16.666666666666668
5594,16.666666666666668
5595,12.5
5596,25.0
5597,25.0
5598,25.0
5599,12.5
5600,11.11111111111111
5601,11.11111111111111
5602,7.6923076923076925
5603,10.0
5604,50.0
5605,25.0
5606,16.666666666666668
5607,25.0
5608,14.285714285714285
5609,25.0
5610,33.333333333333336
5611,10.0
5612,25.0
5613,33.333333333333336
5614,12.5
5615,9.09090909090909
5616,25.0
5617,24.137931034482758
5618,25.0
5619,10.0
5620,25.0
5621,16.666666666666668
5622,7.076923076923077
5623,25.0
5624,25.0
5625,10.0
5626,16.666666666666668
5627,25.0
5628,10.0
5629,33.333333333333336
5630,
5631,25.0
5632,10.0
5633,16.666666666666668
5634,7.142857142857142
5635,8.333333333333334
5636,9.09090909090909
5637,14.285714285714285
5638,24.242424242424242
5639,10.0
5640,11.07011070110701
5641,14.285714285714285
5642,10.0
5643,
5644,
5645,12.280701754385966
5646,16.666666666666668
5647,10.0
5648,8.333333333333334
5649,12.5
5650,9.09090909090909
5651,33.333333333333336
5652,8.333333333333334
5653,12.5
5654,
5655,11.11111111111111
5656,
5657,5.306122448979592
5658,25.0
5659,100.0
5660,14.285714285714285
5661,10.0
5662,14.285714285714285
5663,25.0
5664,33.333333333333336
5665,25.0
5666,12.5
5667,16.666666666666668
5668,20.0
5669,14.285714285714285
5670,25.0
5671,25.0
5672,20.0
5673,10.0
5674,25.0
5675,8.333333333333334
5676,25.0
5677,8.333333333333334
5678,33.333333333333336
5679,10.0
5680,
5681,12.5
5682,10.0
5683,7.6923076923076925
5684,25.0
5685,25.0
5686,10.0
5687,25.0
5688,12.5
5689,10.0
5690,14.285714285714285
5691,16.666666666666668
5692,25.0
5693,25.0
5694,10.0
5695,
5696,
5697,33.333333333333336
5698,25.0
5699,
5700,16.666666666666668
5701,
5702,25.0
5703,10.0
5704,
5705,8.333333333333334
5706,19.666666666666664
5707,25.0
5708,14.285714285714285
5709,
5710,33.333333333333336
5711,25.0
5712,33.333333333333336
5713,14.285714285714285
5714,33.333333333333336
5715,5.0
5716,10.0
5717,16.666666666666668
5718,10.0
5719,20.0
5720,6.666666666666667
5721,33.333333333333336
5722,12.5
5723,
5724,
5725,10.0
5726,20.0
5727,25.0
5728,7.6923076923076925
5729,20.0
5730,10.0
5731,
5732,25.0
5733,20.0
5734,14.285714285714285
5735,25.0
5736,
5737,
5738,10.0
5739,7.6923076923076925
5740,10.0
5741,10.0
5742,14.285714285714285
5743,14.285714285714285
