,height
0,223
1,480
2,205
3,220
4,150
5,225
6,558
7,450
8,338
9,423
10,230
11,280
12,280
13,540
14,318
15,375
16,488
17,240
18,200
19,285
20,281
21,304
22,475
23,232
24,323
25,276
26,225
27,640
28,270
29,344
30,396
31,188
32,200
33,640
34,121
35,164
36,233
37,150
38,720
39,248
40,252
41,228
42,282
43,199
44,277
45,200
46,250
47,415
48,200
49,338
50,480
51,240
52,323
53,344
54,270
55,278
56,280
57,160
58,546
59,282
60,260
61,259
62,272
63,200
64,450
65,270
66,280
67,360
68,156
69,320
70,229
71,350
72,1080
73,271
74,322
75,264
76,254
77,360
78,241
79,392
80,480
81,528
82,270
83,294
84,222
85,212
86,124
87,402
88,128
89,300
90,360
91,259
92,360
93,328
94,450
95,372
96,360
97,281
98,262
99,480
100,360
101,137
102,374
103,239
104,270
105,168
106,224
107,337
108,169
109,244
110,480
111,332
112,416
113,266
114,350
115,200
116,213
117,262
118,270
119,254
120,169
121,380
122,360
123,240
124,240
125,368
126,400
127,174
128,280
129,600
130,270
131,281
132,220
133,242
134,280
135,171
136,261
137,204
138,126
139,355
140,365
141,281
142,183
143,198
144,277
145,245
146,366
147,270
148,404
149,270
150,184
151,400
152,1080
153,300
154,293
155,212
156,200
157,458
158,123
159,400
160,180
161,144
162,237
163,300
164,270
165,258
166,281
167,224
168,326
169,190
170,213
171,268
172,190
173,216
174,181
175,270
176,161
177,470
178,270
179,385
180,189
181,321
182,500
183,464
184,308
185,372
186,250
187,346
188,200
189,200
190,384
191,326
192,386
193,400
194,362
195,400
196,270
197,271
198,320
199,346
200,156
201,350
202,202
203,240
204,498
205,180
206,248
207,295
208,281
209,311
210,358
211,218
212,424
213,400
214,160
215,270
216,500
217,200
218,260
219,280
220,200
221,266
222,217
223,300
224,600
225,209
226,200
227,300
228,251
229,228
230,197
231,210
232,220
233,258
234,278
235,200
236,158
237,360
238,240
239,281
240,269
241,272
242,360
243,270
244,226
245,200
246,268
247,124
248,288
249,250
250,220
251,270
252,200
253,200
254,280
255,405
256,853
257,278
258,280
259,332
260,227
261,281
262,136
263,450
264,442
265,270
266,200
267,240
268,200
269,276
270,293
271,320
272,180
273,230
274,382
275,491
276,457
277,278
278,350
279,166
280,141
281,338
282,270
283,202
284,480
285,450
286,220
287,331
288,270
289,213
290,452
291,360
292,404
293,285
294,269
295,225
296,169
297,260
298,586
299,200
300,272
301,215
302,281
303,261
304,400
305,255
306,269
307,251
308,358
309,332
310,165
311,739
312,304
313,325
314,304
315,498
316,295
317,180
318,280
319,450
320,510
321,360
322,491
323,338
324,250
325,225
326,240
327,474
328,225
329,259
330,233
331,286
332,360
333,256
334,250
335,348
336,241
337,480
338,250
339,368
340,540
341,303
342,261
343,489
344,300
345,270
346,165
347,200
348,356
349,350
350,254
351,200
352,366
353,226
354,270
355,321
356,368
357,129
358,379
359,182
360,338
361,253
362,200
363,408
364,266
365,270
366,350
367,498
368,200
369,202
370,334
371,346
372,270
373,270
374,211
375,480
376,205
377,340
378,260
379,272
380,360
381,640
382,414
383,264
384,276
385,240
386,111
387,180
388,200
389,270
390,260
391,401
392,395
393,292
394,420
395,270
396,198
397,116
398,200
399,333
400,270
401,380
402,260
403,196
404,360
405,203
406,170
407,349
408,245
409,205
410,254
411,200
412,270
413,270
414,280
415,224
416,450
417,758
418,197
419,500
420,758
421,268
422,334
423,281
424,316
425,259
426,758
427,944
428,350
429,226
430,360
431,280
432,270
433,324
434,219
435,250
436,271
437,140
438,332
439,500
440,472
441,272
442,179
443,162
444,250
445,384
446,225
447,270
448,208
449,220
450,370
451,270
452,226
453,281
454,194
455,278
456,273
457,338
458,360
459,198
460,209
461,466
462,546
463,289
464,287
465,586
466,180
467,640
468,350
469,133
470,498
471,244
472,396
473,372
474,270
475,370
476,360
477,282
478,138
479,155
480,165
481,332
482,270
483,341
484,304
485,170
486,168
487,258
488,270
489,277
490,244
491,256
492,231
493,250
494,135
495,285
496,360
497,432
498,300
499,360
500,218
501,480
502,250
503,211
504,360
505,1000
506,248
507,338
508,197
509,313
510,338
511,270
512,270
513,488
514,286
515,250
516,480
517,270
518,280
519,270
520,200
521,164
522,685
523,267
524,276
525,421
526,138
527,338
528,275
529,139
530,225
531,240
532,480
533,336
534,361
535,270
536,250
537,260
538,258
539,393
540,262
541,375
542,264
543,202
544,226
545,368
546,267
547,200
548,168
549,284
550,252
551,375
552,200
553,360
554,224
555,201
556,200
557,141
558,500
559,480
560,317
561,240
562,270
563,278
564,200
565,295
566,390
567,270
568,225
569,272
570,293
571,200
572,336
573,331
574,184
575,292
576,331
577,412
578,176
579,348
580,480
581,293
582,220
583,271
584,240
585,286
586,244
587,237
588,259
589,220
590,408
591,157
592,360
593,475
594,480
595,211
596,174
597,281
598,480
599,267
600,463
601,595
602,182
603,240
604,206
605,207
606,450
607,230
608,225
609,289
610,382
611,259
612,338
613,300
614,270
615,270
616,300
617,200
618,336
619,200
620,306
621,188
622,465
623,270
624,262
625,270
626,128
627,235
628,300
629,548
630,247
631,88
632,338
633,360
634,362
635,222
636,358
637,270
638,163
639,246
640,202
641,540
642,438
643,170
644,640
645,293
646,270
647,208
648,269
649,352
650,234
651,200
652,360
653,400
654,243
655,169
656,250
657,198
658,270
659,269
660,186
661,442
662,212
663,300
664,279
665,349
666,282
667,209
668,280
669,691
670,225
671,270
672,270
673,263
674,360
675,281
676,210
677,260
678,186
679,400
680,269
681,225
682,270
683,480
684,280
685,270
686,250
687,342
688,213
689,275
690,258
691,344
692,200
693,347
694,250
695,244
696,284
697,273
698,240
699,326
700,211
701,200
702,270
703,480
704,360
705,298
706,260
707,400
708,250
709,188
710,326
711,270
712,555
713,179
714,245
715,197
716,191
717,271
718,270
719,375
720,200
721,270
722,299
723,704
724,404
725,360
726,230
727,345
728,211
729,197
730,291
731,280
732,257
733,200
734,260
735,258
736,282
737,640
738,186
739,200
740,298
741,300
742,360
743,200
744,230
745,270
746,149
747,250
748,270
749,212
750,179
751,350
752,243
753,140
754,540
755,1080
756,281
757,320
758,339
759,260
760,200
761,375
762,200
763,224
764,262
765,257
766,112
767,81
768,200
769,268
770,480
771,262
772,200
773,360
774,720
775,280
776,368
777,200
778,250
779,384
780,360
781,177
782,286
783,381
784,281
785,251
786,362
787,250
788,360
789,252
790,278
791,360
792,360
793,360
794,360
795,245
796,256
797,260
798,273
799,373
800,373
801,270
802,141
803,534
804,171
805,310
806,270
807,394
808,266
809,365
810,218
811,350
812,200
813,230
814,200
815,211
816,160
817,366
818,320
819,208
820,361
821,300
822,145
823,203
824,132
825,304
826,360
827,270
828,225
829,338
830,381
831,174
832,270
833,360
834,270
835,553
836,320
837,240
838,282
839,184
840,281
841,409
842,270
843,250
844,280
845,150
846,498
847,236
848,226
849,162
850,275
851,372
852,200
853,211
854,229
855,237
856,200
857,186
858,480
859,360
860,338
861,360
862,215
863,250
864,268
865,199
866,270
867,280
868,347
869,270
870,338
871,220
872,206
873,281
874,256
875,90
876,255
877,374
878,200
879,1080
880,300
881,333
882,306
883,360
884,250
885,186
886,253
887,258
888,260
889,311
890,281
891,139
892,214
893,202
894,456
895,270
896,200
897,240
898,281
899,274
900,480
901,270
902,232
903,276
904,272
905,160
906,150
907,239
908,286
909,308
910,204
911,200
912,339
913,200
914,301
915,219
916,295
917,342
918,480
919,360
920,235
921,657
922,204
923,227
924,226
925,240
926,368
927,270
928,235
929,196
930,240
931,217
932,199
933,263
934,262
935,388
936,400
937,200
938,278
939,281
940,176
941,317
942,320
943,270
944,280
945,200
946,255
947,157
948,240
949,177
950,170
951,225
952,213
953,350
954,225
955,270
956,360
957,194
958,250
959,282
960,270
961,200
962,300
963,281
964,200
965,360
966,122
967,270
968,200
969,400
970,198
971,270
972,262
973,270
974,270
975,170
976,640
977,269
978,240
979,325
980,293
981,480
982,500
983,450
984,330
985,362
986,192
987,191
988,268
989,270
990,453
991,289
992,204
993,213
994,400
995,405
996,140
997,360
998,214
999,281
1000,254
1001,319
1002,300
1003,352
1004,208
1005,235
1006,350
1007,315
1008,280
1009,231
1010,200
1011,225
1012,191
1013,231
1014,213
1015,230
1016,262
1017,328
1018,360
1019,400
1020,180
1021,360
1022,353
1023,426
1024,384
1025,170
1026,458
1027,200
1028,350
1029,570
1030,270
1031,210
1032,280
1033,234
1034,273
1035,420
1036,295
1037,276
1038,200
1039,352
1040,360
1041,200
1042,489
1043,268
1044,231
1045,250
1046,500
1047,270
1048,360
1049,299
1050,168
1051,360
1052,500
1053,314
1054,270
1055,278
1056,366
1057,250
1058,203
1059,292
1060,337
1061,517
1062,200
1063,265
1064,404
1065,270
1066,226
1067,268
1068,286
1069,200
1070,383
1071,270
1072,330
1073,158
1074,336
1075,500
1076,136
1077,422
1078,360
1079,338
1080,338
1081,223
1082,231
1083,180
1084,376
1085,480
1086,512
1087,270
1088,200
1089,200
1090,405
1091,170
1092,205
1093,268
1094,310
1095,168
1096,229
1097,336
1098,239
1099,208
1100,220
1101,268
1102,180
1103,480
1104,539
1105,311
1106,190
1107,480
1108,400
1109,180
1110,483
1111,304
1112,360
1113,270
1114,250
1115,360
1116,357
1117,360
1118,268
1119,360
1120,480
1121,255
1122,341
1123,282
1124,240
1125,225
1126,270
1127,200
1128,197
1129,270
1130,288
1131,264
1132,500
1133,236
1134,160
1135,160
1136,211
1137,270
1138,226
1139,271
1140,160
1141,169
1142,270
1143,280
1144,218
1145,200
1146,165
1147,299
1148,218
1149,269
1150,427
1151,117
1152,245
1153,270
1154,226
1155,240
1156,258
1157,360
1158,205
1159,217
1160,274
1161,306
1162,240
1163,304
1164,217
1165,208
1166,200
1167,375
1168,270
1169,225
1170,270
1171,260
1172,270
1173,198
1174,220
1175,279
1176,256
1177,215
1178,221
1179,210
1180,350
1181,384
1182,209
1183,396
1184,160
1185,250
1186,160
1187,368
1188,275
1189,230
1190,480
1191,268
1192,275
1193,335
1194,219
1195,230
1196,240
1197,640
1198,206
1199,259
1200,338
1201,180
1202,163
1203,471
1204,270
1205,254
1206,123
1207,296
1208,360
1209,259
1210,138
1211,214
1212,274
1213,749
1214,400
1215,146
1216,207
1217,205
1218,276
1219,320
1220,225
1221,280
1222,212
1223,258
1224,250
1225,270
1226,562
1227,400
1228,298
1229,350
1230,254
1231,369
1232,150
1233,442
1234,245
1235,162
1236,200
1237,1076
1238,288
1239,121
1240,150
1241,200
1242,270
1243,200
1244,270
1245,360
1246,270
1247,198
1248,228
1249,200
1250,300
1251,270
1252,140
1253,200
1254,480
1255,376
1256,240
1257,507
1258,240
1259,260
1260,384
1261,270
1262,382
1263,320
1264,270
1265,480
1266,349
1267,270
1268,240
1269,268
1270,272
1271,250
1272,360
1273,281
1274,231
1275,270
1276,245
1277,214
1278,229
1279,338
1280,240
1281,248
1282,218
1283,360
1284,360
1285,433
1286,251
1287,192
1288,283
1289,270
1290,150
1291,219
1292,258
1293,245
1294,400
1295,500
1296,200
1297,215
1298,263
1299,163
1300,260
1301,360
1302,360
1303,252
1304,675
1305,286
1306,896
1307,234
1308,360
1309,240
1310,270
1311,218
1312,260
1313,500
1314,266
1315,269
1316,728
1317,246
1318,302
1319,480
1320,230
1321,405
1322,213
1323,360
1324,250
1325,225
1326,128
1327,360
1328,272
1329,480
1330,169
1331,270
1332,480
1333,213
1334,263
1335,208
1336,351
1337,640
1338,266
1339,375
1340,555
1341,364
1342,280
1343,242
1344,272
1345,270
1346,338
1347,260
1348,480
1349,220
1350,180
1351,231
1352,270
1353,213
1354,281
1355,338
1356,144
1357,202
1358,270
1359,212
1360,192
1361,262
1362,293
1363,180
1364,180
1365,180
1366,212
1367,180
1368,264
1369,319
1370,270
1371,390
1372,281
1373,480
1374,195
1375,261
1376,202
1377,270
1378,240
1379,247
1380,640
1381,300
1382,173
1383,160
1384,240
1385,214
1386,262
1387,203
1388,280
1389,245
1390,244
1391,308
1392,480
1393,284
1394,288
1395,536
1396,384
1397,285
1398,168
1399,241
1400,360
1401,720
1402,358
1403,213
1404,215
1405,288
1406,250
1407,200
1408,273
1409,258
1410,480
1411,270
1412,275
1413,288
1414,252
1415,240
1416,377
1417,266
1418,360
1419,540
1420,467
1421,368
1422,280
1423,360
1424,425
1425,210
1426,236
1427,270
1428,281
1429,196
1430,300
1431,257
1432,180
1433,281
1434,368
1435,253
1436,348
1437,270
1438,364
1439,215
1440,229
1441,337
1442,480
1443,141
1444,165
1445,270
1446,400
1447,317
1448,720
1449,350
1450,304
1451,140
1452,300
1453,337
1454,240
1455,254
1456,251
1457,270
1458,270
1459,213
1460,128
1461,480
1462,280
1463,338
1464,230
1465,320
1466,281
1467,240
1468,289
1469,270
1470,316
1471,294
1472,206
1473,240
1474,208
1475,213
1476,225
1477,221
1478,210
1479,349
1480,322
1481,226
1482,408
1483,173
1484,450
1485,405
1486,320
1487,200
1488,270
1489,213
1490,360
1491,208
1492,270
1493,303
1494,546
1495,396
1496,427
1497,130
1498,322
1499,231
1500,259
1501,292
1502,183
1503,270
1504,300
1505,184
1506,133
1507,158
1508,322
1509,270
1510,233
1511,224
1512,400
1513,201
1514,200
1515,218
1516,498
1517,450
1518,383
1519,150
1520,1280
1521,196
1522,276
1523,546
1524,270
1525,640
1526,116
1527,114
1528,211
1529,249
1530,240
1531,278
1532,347
1533,236
1534,338
1535,160
1536,315
1537,252
1538,251
1539,229
1540,498
1541,300
1542,294
1543,299
1544,340
1545,278
1546,165
1547,270
1548,286
1549,352
1550,350
1551,200
1552,272
1553,165
1554,244
1555,224
1556,229
1557,182
1558,302
1559,270
1560,270
1561,312
1562,240
1563,368
1564,212
1565,194
1566,264
1567,240
1568,350
1569,338
1570,252
1571,247
1572,270
1573,141
1574,224
1575,349
1576,362
1577,217
1578,270
1579,275
1580,261
1581,300
1582,331
1583,169
1584,270
1585,241
1586,277
1587,200
1588,404
1589,259
1590,326
1591,81
1592,226
1593,360
1594,173
1595,411
1596,163
1597,207
1598,295
1599,228
1600,224
1601,370
1602,428
1603,130
1604,408
1605,700
1606,377
1607,360
1608,263
1609,372
1610,450
1611,400
1612,213
1613,165
1614,223
1615,270
1616,213
1617,462
1618,203
1619,270
1620,180
1621,289
1622,270
1623,358
1624,480
1625,226
1626,272
1627,380
1628,194
1629,344
1630,270
1631,252
1632,250
1633,109
1634,281
1635,81
1636,199
1637,338
1638,272
1639,203
1640,310
1641,453
1642,377
1643,220
1644,281
1645,372
1646,290
1647,482
1648,371
1649,190
1650,153
1651,336
1652,453
1653,229
1654,270
1655,323
1656,675
1657,360
1658,200
1659,178
1660,240
1661,720
1662,678
1663,338
1664,275
1665,259
1666,180
1667,375
1668,363
1669,270
1670,360
1671,239
1672,300
1673,305
1674,302
1675,281
1676,213
1677,320
1678,404
1679,265
1680,245
1681,405
1682,180
1683,210
1684,281
1685,358
1686,265
1687,169
1688,210
1689,250
1690,191
1691,400
1692,199
1693,210
1694,330
1695,203
1696,215
1697,194
1698,211
1699,220
1700,257
1701,240
1702,282
1703,219
1704,342
1705,264
1706,640
1707,380
1708,310
1709,234
1710,311
1711,231
1712,270
1713,235
1714,164
1715,338
1716,372
1717,358
1718,94
1719,280
1720,252
1721,258
1722,146
1723,198
1724,360
1725,224
1726,231
1727,360
1728,225
1729,237
1730,223
1731,220
1732,163
1733,200
1734,270
1735,281
1736,364
1737,289
1738,247
1739,540
1740,325
1741,281
1742,200
1743,426
1744,300
1745,400
1746,654
1747,187
1748,147
1749,270
1750,242
1751,270
1752,370
1753,498
1754,498
1755,350
1756,270
1757,262
1758,225
1759,187
1760,264
1761,215
1762,270
1763,200
1764,372
1765,147
1766,270
1767,270
1768,259
1769,266
1770,240
1771,350
1772,168
1773,256
1774,169
1775,447
1776,146
1777,299
1778,215
1779,318
1780,270
1781,337
1782,270
1783,270
1784,270
1785,165
1786,268
1787,409
1788,258
1789,301
1790,270
1791,382
1792,286
1793,254
1794,81
1795,284
1796,360
1797,319
1798,270
1799,297
1800,200
1801,177
1802,225
1803,278
1804,240
1805,279
1806,302
1807,244
1808,203
1809,480
1810,214
1811,200
1812,310
1813,300
1814,280
1815,229
1816,300
1817,480
1818,212
1819,180
1820,259
1821,208
1822,275
1823,270
1824,262
1825,90
1826,270
1827,213
1828,270
1829,180
1830,270
1831,260
1832,480
1833,362
1834,278
1835,200
1836,360
1837,354
1838,270
1839,270
1840,268
1841,269
1842,282
1843,225
1844,270
1845,196
1846,480
1847,500
1848,250
1849,170
1850,404
1851,270
1852,270
1853,540
1854,540
1855,157
1856,480
1857,432
1858,200
1859,240
1860,224
1861,140
1862,251
1863,338
1864,337
1865,270
1866,281
1867,270
1868,225
1869,350
1870,316
1871,248
1872,431
1873,240
1874,281
1875,400
1876,264
1877,123
1878,408
1879,130
1880,124
1881,270
1882,182
1883,275
1884,270
1885,197
1886,339
1887,356
1888,497
1889,338
1890,480
1891,270
1892,306
1893,192
1894,405
1895,346
1896,281
1897,453
1898,288
1899,327
1900,150
1901,278
1902,310
1903,307
1904,212
1905,170
1906,225
1907,224
1908,375
1909,270
1910,126
1911,252
1912,270
1913,196
1914,240
1915,242
1916,225
1917,273
1918,256
1919,360
1920,270
1921,578
1922,176
1923,196
1924,480
1925,180
1926,252
1927,275
1928,197
1929,520
1930,411
1931,225
1932,358
1933,270
1934,364
1935,404
1936,174
1937,268
1938,90
1939,168
1940,240
1941,327
1942,250
1943,283
1944,360
1945,264
1946,184
1947,192
1948,278
1949,288
1950,270
1951,270
1952,360
1953,151
1954,177
1955,248
1956,384
1957,346
1958,360
1959,291
1960,204
1961,360
1962,230
1963,280
1964,180
1965,242
1966,270
1967,360
1968,327
1969,404
1970,281
1971,370
1972,506
1973,271
1974,385
1975,288
1976,220
1977,319
1978,245
1979,169
1980,194
1981,200
1982,133
1983,209
1984,200
1985,246
1986,270
1987,268
1988,270
1989,240
1990,291
1991,255
1992,264
1993,262
1994,268
1995,343
1996,161
1997,236
1998,183
1999,256
2000,136
2001,265
2002,200
2003,160
2004,386
2005,230
2006,281
2007,250
2008,240
2009,289
2010,280
2011,180
2012,198
2013,272
2014,200
2015,240
2016,210
2017,236
2018,270
2019,295
2020,282
2021,148
2022,300
2023,902
2024,214
2025,280
2026,233
2027,270
2028,360
2029,160
2030,268
2031,480
2032,292
2033,181
2034,295
2035,300
2036,160
2037,250
2038,250
2039,254
2040,437
2041,234
2042,245
2043,270
2044,323
2045,150
2046,252
2047,250
2048,380
2049,350
2050,270
2051,81
2052,220
2053,342
2054,200
2055,284
2056,323
2057,472
2058,338
2059,145
2060,202
2061,240
2062,338
2063,250
2064,270
2065,480
2066,480
2067,225
2068,217
2069,259
2070,270
2071,283
2072,168
2073,180
2074,270
2075,257
2076,360
2077,720
2078,200
2079,200
2080,192
2081,213
2082,281
2083,206
2084,360
2085,312
2086,284
2087,360
2088,151
2089,270
2090,250
2091,375
2092,345
2093,239
2094,256
2095,236
2096,281
2097,269
2098,200
2099,685
2100,347
2101,336
2102,270
2103,250
2104,250
2105,332
2106,360
2107,480
2108,480
2109,284
2110,172
2111,437
2112,500
2113,300
2114,273
2115,498
2116,280
2117,281
2118,480
2119,207
2120,304
2121,259
2122,540
2123,265
2124,311
2125,728
2126,528
2127,209
2128,290
2129,610
2130,360
2131,320
2132,300
2133,203
2134,224
2135,114
2136,273
2137,338
2138,252
2139,222
2140,270
2141,280
2142,270
2143,300
2144,282
2145,263
2146,200
2147,480
2148,181
2149,420
2150,242
2151,338
2152,300
2153,270
2154,224
2155,309
2156,138
2157,230
2158,219
2159,211
2160,260
2161,480
2162,496
2163,235
2164,230
2165,271
2166,200
2167,180
2168,60
2169,240
2170,297
2171,282
2172,364
2173,192
2174,270
2175,250
2176,404
2177,322
2178,192
2179,200
2180,960
2181,360
2182,280
2183,223
2184,200
2185,270
2186,269
2187,169
2188,198
2189,200
2190,213
2191,352
2192,275
2193,191
2194,338
2195,270
2196,300
2197,280
2198,360
2199,360
2200,202
2201,221
2202,338
2203,250
2204,405
2205,211
2206,250
2207,244
2208,600
2209,229
2210,444
2211,480
2212,228
2213,290
2214,138
2215,389
2216,224
2217,250
2218,81
2219,205
2220,170
2221,292
2222,288
2223,257
2224,360
2225,404
2226,251
2227,250
2228,200
2229,200
2230,288
2231,242
2232,282
2233,368
2234,252
2235,270
2236,225
2237,270
2238,348
2239,208
2240,288
2241,281
2242,468
2243,270
2244,500
2245,250
2246,284
2247,214
2248,432
2249,281
2250,281
2251,500
2252,271
2253,242
2254,90
2255,196
2256,256
2257,800
2258,150
2259,270
2260,135
2261,277
2262,170
2263,375
2264,268
2265,160
2266,311
2267,355
2268,720
2269,269
2270,282
2271,322
2272,540
2273,250
2274,314
2275,244
2276,281
2277,298
2278,240
2279,270
2280,222
2281,224
2282,304
2283,304
2284,231
2285,161
2286,197
2287,368
2288,250
2289,300
2290,224
2291,224
2292,254
2293,206
2294,275
2295,270
2296,200
2297,270
2298,720
2299,274
2300,330
2301,469
2302,421
2303,214
2304,180
2305,540
2306,290
2307,281
2308,260
2309,281
2310,255
2311,422
2312,247
2313,535
2314,266
2315,225
2316,421
2317,213
2318,182
2319,214
2320,266
2321,240
2322,120
2323,308
2324,285
2325,362
2326,214
2327,250
2328,186
2329,229
2330,310
2331,213
2332,250
2333,277
2334,281
2335,275
2336,450
2337,300
2338,207
2339,281
2340,299
2341,255
2342,240
2343,282
2344,265
2345,299
2346,230
2347,384
2348,360
2349,299
2350,266
2351,312
2352,200
2353,231
2354,180
2355,281
2356,387
2357,269
2358,224
2359,185
2360,268
2361,304
2362,148
2363,300
2364,404
2365,228
2366,172
2367,261
2368,338
2369,258
2370,166
2371,208
2372,171
2373,200
2374,213
2375,230
2376,250
2377,336
2378,285
2379,116
2380,270
2381,224
2382,318
2383,261
2384,202
2385,202
2386,200
2387,640
2388,263
2389,355
2390,250
2391,355
2392,360
2393,360
2394,250
2395,250
2396,200
2397,270
2398,240
2399,299
2400,240
2401,201
2402,201
2403,150
2404,257
2405,337
2406,186
2407,350
2408,258
2409,270
2410,308
2411,140
2412,259
2413,213
2414,175
2415,335
2416,196
2417,240
2418,252
2419,161
2420,216
2421,260
2422,280
2423,253
2424,266
2425,214
2426,277
2427,240
2428,200
2429,245
2430,273
2431,300
2432,275
2433,351
2434,270
2435,259
2436,382
2437,289
2438,214
2439,354
2440,210
2441,329
2442,168
2443,376
2444,161
2445,281
2446,270
2447,281
2448,265
2449,206
2450,600
2451,281
2452,337
2453,109
2454,251
2455,405
2456,281
2457,225
2458,468
2459,220
2460,222
2461,267
2462,282
2463,406
2464,250
2465,373
2466,310
2467,380
2468,285
2469,270
2470,340
2471,166
2472,181
2473,270
2474,218
2475,510
2476,270
2477,281
2478,260
2479,344
2480,278
2481,270
2482,538
2483,270
2484,253
2485,240
2486,265
2487,299
2488,205
2489,202
2490,270
2491,270
2492,287
2493,375
2494,270
2495,197
2496,265
2497,378
2498,268
2499,249
2500,224
2501,165
2502,213
2503,360
2504,200
2505,280
2506,294
2507,213
2508,212
2509,300
2510,508
2511,230
2512,221
2513,546
2514,174
2515,245
2516,234
2517,200
2518,318
2519,267
2520,360
2521,281
2522,864
2523,270
2524,226
2525,203
2526,281
2527,175
2528,279
2529,719
2530,150
2531,296
2532,345
2533,300
2534,198
2535,299
2536,240
2537,450
2538,291
2539,262
2540,216
2541,270
2542,338
2543,476
2544,480
2545,231
2546,225
2547,340
2548,300
2549,215
2550,185
2551,270
2552,202
2553,304
2554,201
2555,360
2556,223
2557,281
2558,210
2559,204
2560,277
2561,840
2562,357
2563,405
2564,203
2565,224
2566,270
2567,270
2568,266
2569,240
2570,221
2571,239
2572,240
2573,247
2574,200
2575,238
2576,208
2577,360
2578,250
2579,239
2580,200
2581,180
2582,198
2583,350
2584,338
2585,208
2586,270
2587,366
2588,171
2589,298
2590,270
2591,393
2592,346
2593,250
2594,480
2595,213
2596,270
2597,249
2598,260
2599,304
2600,347
2601,197
2602,211
2603,200
2604,420
2605,255
2606,170
2607,427
2608,166
2609,349
2610,366
2611,360
2612,302
2613,378
2614,240
2615,250
2616,165
2617,240
2618,268
2619,211
2620,225
2621,281
2622,187
2623,191
2624,162
2625,250
2626,270
2627,240
2628,205
2629,1076
2630,200
2631,204
2632,180
2633,231
2634,302
2635,470
2636,217
2637,215
2638,270
2639,270
2640,339
2641,324
2642,150
2643,258
2644,173
2645,281
2646,207
2647,383
2648,348
2649,392
2650,274
2651,202
2652,280
2653,378
2654,350
2655,250
2656,265
2657,280
2658,379
2659,281
2660,190
2661,400
2662,450
2663,404
2664,258
2665,270
2666,141
2667,213
2668,350
2669,168
2670,404
2671,202
2672,191
2673,190
2674,480
2675,368
2676,160
2677,141
2678,175
2679,268
2680,259
2681,338
2682,276
2683,241
2684,191
2685,200
2686,240
2687,322
2688,272
2689,240
2690,224
2691,450
2692,259
2693,250
2694,366
2695,281
2696,245
2697,242
2698,180
2699,270
2700,270
2701,284
2702,331
2703,224
2704,224
2705,270
2706,281
2707,272
2708,270
2709,640
2710,682
2711,270
2712,154
2713,360
2714,303
2715,202
2716,270
2717,366
2718,227
2719,215
2720,113
2721,201
2722,270
2723,270
2724,321
2725,338
2726,472
2727,365
2728,360
2729,308
2730,250
2731,168
2732,270
2733,360
2734,183
2735,480
2736,347
2737,229
2738,270
2739,360
2740,170
2741,400
2742,270
2743,219
2744,376
2745,289
2746,374
2747,256
2748,200
2749,219
2750,280
2751,237
2752,720
2753,1308
2754,200
2755,374
2756,330
2757,231
2758,540
2759,146
2760,200
2761,250
2762,194
2763,264
2764,250
2765,250
2766,253
2767,282
2768,480
2769,304
2770,285
2771,244
2772,200
2773,373
2774,206
2775,220
2776,231
2777,200
2778,360
2779,177
2780,300
2781,310
2782,280
2783,281
2784,186
2785,255
2786,266
2787,480
2788,270
2789,345
2790,227
2791,270
2792,228
2793,264
2794,200
2795,269
2796,200
2797,170
2798,252
2799,225
2800,240
2801,285
2802,137
2803,241
2804,225
2805,450
2806,252
2807,200
2808,281
2809,215
2810,253
2811,292
2812,154
2813,200
2814,274
2815,225
2816,200
2817,264
2818,254
2819,171
2820,336
2821,279
2822,314
2823,320
2824,220
2825,298
2826,268
2827,500
2828,250
2829,225
2830,197
2831,280
2832,289
2833,280
2834,224
2835,213
2836,245
2837,256
2838,297
2839,266
2840,227
2841,310
2842,256
2843,268
2844,213
2845,450
2846,279
2847,200
2848,165
2849,270
2850,150
2851,325
2852,270
2853,200
2854,198
2855,498
2856,163
2857,394
2858,200
2859,200
2860,137
2861,236
2862,225
2863,147
2864,404
2865,300
2866,270
2867,252
2868,247
2869,250
2870,202
2871,214
2872,270
2873,269
2874,206
2875,150
2876,270
2877,212
2878,245
2879,200
2880,267
2881,197
2882,130
2883,240
2884,270
2885,300
2886,240
2887,388
2888,207
2889,281
2890,360
2891,210
2892,264
2893,308
2894,270
2895,253
2896,220
2897,269
2898,282
2899,210
2900,244
2901,330
2902,248
2903,223
2904,187
2905,81
2906,303
2907,360
2908,412
2909,600
2910,427
2911,375
2912,81
2913,360
2914,255
2915,281
2916,215
2917,224
2918,423
2919,300
2920,206
2921,168
2922,400
2923,207
2924,348
2925,202
2926,1296
2927,200
2928,281
2929,242
2930,332
2931,270
2932,270
2933,229
2934,169
2935,260
2936,256
2937,355
2938,270
2939,286
2940,408
2941,270
2942,180
2943,160
2944,270
2945,270
2946,301
2947,288
2948,378
2949,126
2950,391
2951,270
2952,217
2953,275
2954,240
2955,460
2956,200
2957,300
2958,197
2959,358
2960,250
2961,200
2962,245
2963,452
2964,404
2965,243
2966,728
2967,273
2968,170
2969,476
2970,268
2971,226
2972,200
2973,224
2974,258
2975,322
2976,694
2977,190
2978,200
2979,162
2980,182
2981,166
2982,240
2983,228
2984,295
2985,339
2986,360
2987,270
2988,323
2989,211
2990,282
2991,394
2992,286
2993,270
2994,195
2995,250
2996,332
2997,489
2998,347
2999,225
3000,240
3001,270
3002,385
3003,280
3004,315
3005,238
3006,208
3007,282
3008,299
3009,240
3010,250
3011,240
3012,440
3013,176
3014,200
3015,258
3016,425
3017,276
3018,270
3019,100
3020,191
3021,240
3022,204
3023,390
3024,208
3025,480
3026,281
3027,313
3028,270
3029,274
3030,406
3031,222
3032,304
3033,479
3034,166
3035,257
3036,408
3037,234
3038,81
3039,464
3040,270
3041,189
3042,163
3043,215
3044,300
3045,280
3046,240
3047,360
3048,138
3049,1116
3050,175
3051,215
3052,270
3053,304
3054,187
3055,270
3056,400
3057,196
3058,222
3059,201
3060,195
3061,240
3062,298
3063,150
3064,211
3065,209
3066,225
3067,408
3068,222
3069,270
3070,240
3071,253
3072,270
3073,324
3074,332
3075,240
3076,404
3077,195
3078,214
3079,250
3080,231
3081,240
3082,198
3083,275
3084,408
3085,198
3086,360
3087,186
3088,335
3089,280
3090,250
3091,260
3092,268
3093,140
3094,204
3095,302
3096,281
3097,236
3098,200
3099,234
3100,208
3101,487
3102,344
3103,450
3104,360
3105,269
3106,185
3107,253
3108,245
3109,270
3110,217
3111,352
3112,300
3113,285
3114,393
3115,221
3116,183
3117,289
3118,190
3119,230
3120,410
3121,225
3122,202
3123,281
3124,281
3125,274
3126,256
3127,200
3128,170
3129,176
3130,238
3131,257
3132,306
3133,169
3134,240
3135,187
3136,228
3137,270
3138,272
3139,285
3140,229
3141,159
3142,206
3143,360
3144,210
3145,314
3146,468
3147,340
3148,226
3149,204
3150,220
3151,300
3152,150
3153,100
3154,486
3155,298
3156,281
3157,483
3158,253
3159,240
3160,360
3161,235
3162,400
3163,200
3164,205
3165,225
3166,240
3167,343
3168,432
3169,240
3170,206
3171,234
3172,265
3173,182
3174,350
3175,282
3176,350
3177,283
3178,373
3179,304
3180,360
3181,278
3182,202
3183,259
3184,365
3185,224
3186,200
3187,225
3188,270
3189,480
3190,306
3191,200
3192,240
3193,161
3194,450
3195,200
3196,338
3197,253
3198,225
3199,224
3200,312
3201,268
3202,331
3203,221
3204,229
3205,210
3206,404
3207,271
3208,404
3209,374
3210,339
3211,480
3212,200
3213,320
3214,180
3215,245
3216,270
3217,208
3218,269
3219,225
3220,282
3221,211
3222,145
3223,270
3224,270
3225,270
3226,320
3227,360
3228,214
3229,270
3230,268
3231,282
3232,210
3233,198
3234,245
3235,201
3236,240
3237,237
3238,230
3239,382
3240,311
3241,160
3242,240
3243,444
3244,351
3245,342
3246,113
3247,211
3248,230
3249,199
3250,208
3251,220
3252,347
3253,354
3254,270
3255,149
3256,251
3257,327
3258,189
3259,329
3260,255
3261,257
3262,343
3263,480
3264,288
3265,281
3266,188
3267,480
3268,873
3269,270
3270,300
3271,277
3272,271
3273,516
3274,300
3275,480
3276,242
3277,270
3278,250
3279,225
3280,270
3281,218
3282,160
3283,378
3284,405
3285,200
3286,280
3287,270
3288,404
3289,314
3290,205
3291,358
3292,134
3293,270
3294,279
3295,200
3296,281
3297,600
3298,450
3299,185
3300,270
3301,324
3302,344
3303,270
3304,268
3305,250
3306,356
3307,360
3308,264
3309,268
3310,285
3311,145
3312,216
3313,300
3314,208
3315,348
3316,334
3317,167
3318,81
3319,406
3320,270
3321,270
3322,229
3323,287
3324,243
3325,263
3326,408
3327,258
3328,464
3329,220
3330,460
3331,270
3332,308
3333,250
3334,250
3335,250
3336,204
3337,280
3338,300
3339,240
3340,605
3341,240
3342,270
3343,173
3344,225
3345,174
3346,281
3347,166
3348,340
3349,225
3350,259
3351,226
3352,120
3353,299
3354,473
3355,180
3356,240
3357,288
3358,270
3359,335
3360,213
3361,247
3362,210
3363,400
3364,200
3365,270
3366,234
3367,229
3368,170
3369,287
3370,270
3371,254
3372,496
3373,496
3374,252
3375,281
3376,450
3377,240
3378,300
3379,408
3380,377
3381,255
3382,225
3383,213
3384,111
3385,200
3386,209
3387,387
3388,255
3389,225
3390,283
3391,163
3392,220
3393,261
3394,393
3395,81
3396,281
3397,150
3398,281
3399,265
3400,216
3401,175
3402,543
3403,206
3404,328
3405,420
3406,480
3407,180
3408,1080
3409,252
3410,204
3411,223
3412,201
3413,720
3414,260
3415,262
3416,500
3417,264
3418,254
3419,281
3420,300
3421,480
3422,423
3423,174
3424,352
3425,270
3426,404
3427,345
3428,252
3429,200
3430,190
3431,299
3432,200
3433,100
3434,275
3435,236
3436,198
3437,284
3438,250
3439,206
3440,335
3441,145
3442,270
3443,194
3444,240
3445,276
3446,217
3447,444
3448,1076
3449,1076
3450,390
3451,1067
3452,270
3453,280
3454,224
3455,240
3456,360
3457,160
3458,197
3459,300
3460,201
3461,281
3462,325
3463,720
3464,199
3465,300
3466,375
3467,202
3468,310
3469,251
3470,207
3471,206
3472,200
3473,308
3474,160
3475,345
3476,240
3477,250
3478,280
3479,270
3480,344
3481,360
3482,112
3483,100
3484,188
3485,200
3486,246
3487,150
3488,299
3489,220
3490,336
3491,292
3492,400
3493,226
3494,360
3495,180
3496,282
3497,300
3498,250
3499,288
3500,200
3501,165
3502,270
3503,200
3504,200
3505,270
3506,197
3507,220
3508,500
3509,267
3510,197
3511,285
3512,173
3513,225
3514,270
3515,160
3516,301
3517,265
3518,251
3519,314
3520,208
3521,240
3522,205
3523,160
3524,250
3525,240
3526,220
3527,338
3528,229
3529,512
3530,189
3531,278
3532,200
3533,282
3534,150
3535,278
3536,280
3537,219
3538,250
3539,360
3540,225
3541,289
3542,225
3543,299
3544,270
3545,274
3546,198
3547,222
3548,240
3549,210
3550,200
3551,215
3552,282
3553,213
3554,81
3555,270
3556,250
3557,229
3558,184
3559,366
3560,270
3561,271
3562,225
3563,404
3564,333
3565,228
3566,230
3567,248
3568,112
3569,360
3570,270
3571,213
3572,214
3573,601
3574,200
3575,275
3576,281
3577,295
3578,258
3579,200
3580,261
3581,180
3582,238
3583,289
3584,197
3585,244
3586,270
3587,270
3588,216
3589,228
3590,113
3591,360
3592,225
3593,280
3594,403
3595,350
3596,106
3597,480
3598,257
3599,268
3600,192
3601,382
3602,258
3603,653
3604,225
3605,360
3606,720
3607,366
3608,195
3609,211
3610,251
3611,240
3612,200
3613,200
3614,269
3615,240
3616,213
3617,261
3618,265
3619,205
3620,154
3621,266
3622,298
3623,190
3624,229
3625,321
3626,848
3627,131
3628,300
3629,404
3630,243
3631,169
3632,348
3633,273
3634,247
3635,300
3636,214
3637,300
3638,199
3639,150
3640,281
3641,229
3642,167
3643,314
3644,338
3645,185
3646,175
3647,232
3648,250
3649,170
3650,225
3651,420
3652,236
3653,205
3654,176
3655,377
3656,322
3657,323
3658,270
3659,360
3660,272
3661,304
3662,275
3663,240
3664,229
3665,269
3666,337
3667,228
3668,180
3669,270
3670,270
3671,450
3672,252
3673,720
3674,270
3675,338
3676,293
3677,226
3678,240
3679,444
3680,270
3681,720
3682,148
3683,320
3684,280
3685,210
3686,270
3687,161
3688,432
3689,219
3690,200
3691,288
3692,163
3693,250
3694,281
3695,207
3696,211
3697,201
3698,298
3699,270
3700,250
3701,190
3702,281
3703,292
3704,240
3705,216
3706,480
3707,281
3708,294
3709,478
3710,259
3711,303
3712,405
3713,219
3714,201
3715,209
3716,314
3717,384
3718,260
3719,360
3720,298
3721,240
3722,81
3723,300
3724,352
3725,564
3726,250
3727,245
3728,350
3729,269
3730,281
3731,220
3732,163
3733,234
3734,244
3735,276
3736,270
3737,150
3738,160
3739,382
3740,226
3741,120
3742,214
3743,210
3744,270
3745,282
3746,200
3747,188
3748,272
3749,404
3750,240
3751,331
3752,240
3753,251
3754,225
3755,149
3756,360
3757,281
3758,198
3759,250
3760,276
3761,157
3762,328
3763,282
3764,270
3765,496
3766,282
3767,205
3768,230
3769,360
3770,245
3771,210
3772,270
3773,270
3774,203
3775,404
3776,175
3777,240
3778,375
3779,464
3780,404
3781,250
3782,204
3783,360
3784,360
3785,270
3786,182
3787,255
3788,500
3789,272
3790,746
3791,225
3792,510
3793,81
3794,422
3795,360
3796,250
3797,270
3798,200
3799,221
3800,273
3801,300
3802,190
3803,252
3804,180
3805,256
3806,269
3807,240
3808,270
3809,314
3810,270
3811,166
3812,207
3813,274
3814,278
3815,253
3816,270
3817,228
3818,596
3819,360
3820,337
3821,122
3822,262
3823,292
3824,425
3825,225
3826,260
3827,456
3828,404
3829,378
3830,186
3831,404
3832,181
3833,240
3834,281
3835,210
3836,250
3837,200
3838,270
3839,241
3840,196
3841,339
3842,281
3843,230
3844,213
3845,168
3846,273
3847,338
3848,289
3849,310
3850,300
3851,270
3852,249
3853,200
3854,163
3855,278
3856,176
3857,281
3858,224
3859,372
3860,687
3861,270
3862,284
3863,240
3864,352
3865,270
3866,181
3867,216
3868,281
3869,900
3870,271
3871,229
3872,256
3873,300
3874,213
3875,177
3876,456
3877,81
3878,170
3879,354
3880,180
3881,254
3882,181
3883,350
3884,264
3885,455
3886,256
3887,213
3888,186
3889,207
3890,270
3891,210
3892,294
3893,264
3894,217
3895,240
3896,202
3897,214
3898,240
3899,167
3900,270
3901,377
3902,180
3903,352
3904,377
3905,214
3906,81
3907,388
3908,261
3909,210
3910,311
3911,200
3912,270
3913,281
3914,338
3915,113
3916,210
3917,198
3918,267
3919,338
3920,299
3921,253
3922,270
3923,218
3924,276
3925,208
3926,208
3927,277
3928,304
3929,270
3930,150
3931,362
3932,202
3933,270
3934,720
3935,335
3936,228
3937,264
3938,260
3939,320
3940,253
3941,270
3942,200
3943,269
3944,240
3945,240
3946,360
3947,248
3948,183
3949,269
3950,185
3951,200
3952,225
3953,266
3954,308
3955,480
3956,226
3957,544
3958,81
3959,289
3960,217
3961,154
3962,300
3963,213
3964,136
3965,260
3966,230
3967,185
3968,252
3969,275
3970,358
3971,300
3972,360
3973,270
3974,546
3975,289
3976,227
3977,108
3978,279
3979,254
3980,254
3981,200
3982,275
3983,200
3984,300
3985,314
3986,270
3987,422
3988,338
3989,225
3990,275
3991,270
3992,176
3993,311
3994,360
3995,223
3996,197
3997,305
3998,154
3999,225
4000,388
4001,183
4002,197
4003,250
4004,230
4005,747
4006,253
4007,624
4008,288
4009,360
4010,200
4011,189
4012,285
4013,300
4014,219
4015,326
4016,220
4017,338
4018,268
4019,227
4020,282
4021,397
4022,250
4023,257
4024,213
4025,180
4026,250
4027,288
4028,250
4029,128
4030,281
4031,234
4032,240
4033,318
4034,373
4035,476
4036,360
4037,375
4038,206
4039,250
4040,209
4041,174
4042,256
4043,282
4044,206
4045,150
4046,254
4047,207
4048,449
4049,197
4050,320
4051,273
4052,230
4053,273
4054,226
4055,203
4056,282
4057,213
4058,60
4059,199
4060,191
4061,319
4062,270
4063,240
4064,279
4065,140
4066,268
4067,196
4068,349
4069,225
4070,240
4071,213
4072,196
4073,216
4074,206
4075,262
4076,318
4077,406
4078,600
4079,640
4080,716
4081,241
4082,224
4083,406
4084,240
4085,325
4086,235
4087,512
4088,331
4089,254
4090,207
4091,235
4092,253
4093,186
4094,120
4095,140
4096,270
4097,197
4098,270
4099,253
4100,282
4101,270
4102,250
4103,480
4104,216
4105,218
4106,226
4107,346
4108,349
4109,300
4110,270
4111,250
4112,358
4113,269
4114,300
4115,169
4116,310
4117,281
4118,290
4119,255
4120,200
4121,135
4122,215
4123,248
4124,404
4125,213
4126,202
4127,300
4128,250
4129,360
4130,243
4131,207
4132,170
4133,290
4134,152
4135,311
4136,299
4137,240
4138,307
4139,255
4140,240
4141,224
4142,200
4143,720
4144,81
4145,239
4146,213
4147,720
4148,720
4149,250
4150,270
4151,200
4152,232
4153,170
4154,236
4155,322
4156,264
4157,213
4158,230
4159,281
4160,270
4161,259
4162,212
4163,200
4164,216
4165,350
4166,316
4167,299
4168,720
4169,270
4170,275
4171,203
4172,172
4173,214
4174,185
4175,281
4176,195
4177,272
4178,250
4179,160
4180,205
4181,243
4182,246
4183,226
4184,245
4185,225
4186,292
4187,200
4188,212
4189,276
4190,240
4191,332
4192,323
4193,300
4194,197
4195,170
4196,272
4197,384
4198,180
4199,81
4200,415
4201,200
4202,404
4203,276
4204,270
4205,281
4206,233
4207,450
4208,348
4209,404
4210,250
4211,187
4212,168
4213,111
4214,270
4215,128
4216,338
4217,306
4218,81
4219,213
4220,318
4221,360
4222,282
4223,354
4224,270
4225,221
4226,180
4227,188
4228,300
4229,230
4230,375
4231,330
4232,275
4233,179
4234,298
4235,300
4236,235
4237,179
4238,388
4239,230
4240,216
4241,269
4242,200
4243,200
4244,195
4245,169
4246,250
4247,240
4248,170
4249,278
4250,258
4251,333
4252,200
4253,197
4254,300
4255,306
4256,220
4257,176
4258,344
4259,160
4260,252
4261,240
4262,222
4263,454
4264,282
4265,219
4266,179
4267,292
4268,151
4269,272
4270,180
4271,266
4272,337
4273,280
4274,264
4275,81
4276,281
4277,360
4278,240
4279,154
4280,317
4281,208
4282,275
4283,282
4284,444
4285,207
4286,360
4287,189
4288,360
4289,81
4290,81
4291,81
4292,81
4293,81
4294,81
4295,81
4296,270
4297,276
4298,226
4299,300
4300,278
4301,195
4302,163
4303,240
4304,308
4305,179
4306,150
4307,224
4308,450
4309,360
4310,270
4311,217
4312,359
4313,280
4314,226
4315,223
4316,242
4317,275
4318,270
4319,180
4320,196
4321,196
4322,406
4323,137
4324,307
4325,330
4326,384
4327,360
4328,206
4329,248
4330,270
4331,375
4332,290
4333,81
4334,274
4335,140
4336,281
4337,238
4338,173
4339,288
4340,150
4341,240
4342,252
4343,140
4344,210
4345,271
4346,270
4347,270
4348,180
4349,240
4350,404
4351,158
4352,278
4353,240
4354,600
4355,200
4356,81
4357,271
4358,272
4359,270
4360,327
4361,281
4362,211
4363,270
4364,480
4365,310
4366,333
4367,264
4368,250
4369,270
4370,308
4371,248
4372,240
4373,394
4374,189
4375,180
4376,360
4377,203
4378,217
4379,207
4380,267
4381,318
4382,720
4383,81
4384,223
4385,344
4386,281
4387,170
4388,326
4389,269
4390,206
4391,352
4392,165
4393,181
4394,250
4395,272
4396,572
4397,225
4398,366
4399,249
4400,270
4401,213
4402,404
4403,180
4404,217
4405,240
4406,240
4407,200
4408,228
4409,216
4410,268
4411,282
4412,436
4413,225
4414,222
4415,281
4416,224
4417,239
4418,266
4419,281
4420,81
4421,175
4422,284
4423,250
4424,281
4425,175
4426,182
4427,180
4428,281
4429,535
4430,248
4431,277
4432,204
4433,281
4434,250
4435,200
4436,399
4437,166
4438,213
4439,280
4440,200
4441,540
4442,278
4443,200
4444,278
4445,281
4446,360
4447,270
4448,360
4449,200
4450,307
4451,400
4452,199
4453,344
4454,395
4455,81
4456,337
4457,206
4458,350
4459,335
4460,170
4461,326
4462,149
4463,200
4464,224
4465,333
4466,276
4467,234
4468,240
4469,276
4470,280
4471,225
4472,213
4473,173
4474,200
4475,384
4476,169
4477,225
4478,269
4479,274
4480,240
4481,150
4482,172
4483,281
4484,312
4485,200
4486,231
4487,360
4488,635
4489,171
4490,430
4491,366
4492,172
4493,206
4494,169
4495,360
4496,187
4497,200
4498,288
4499,140
4500,281
4501,405
4502,405
4503,262
4504,209
4505,175
4506,404
4507,240
4508,278
4509,236
4510,298
4511,238
4512,300
4513,225
4514,286
4515,198
4516,335
4517,296
4518,360
4519,137
4520,214
4521,270
4522,360
4523,270
4524,405
4525,270
4526,270
4527,225
4528,268
4529,239
4530,248
4531,157
4532,359
4533,109
4534,211
4535,188
4536,400
4537,234
4538,404
4539,21
4540,112
4541,208
4542,81
4543,375
4544,270
4545,299
4546,253
4547,200
4548,312
4549,240
4550,198
4551,228
4552,168
4553,200
4554,199
4555,254
4556,336
4557,281
4558,323
4559,405
4560,176
4561,231
4562,211
4563,281
4564,211
4565,81
4566,224
4567,160
4568,384
4569,253
4570,270
4571,375
4572,200
4573,81
4574,208
4575,254
4576,400
4577,186
4578,240
4579,81
4580,197
4581,240
4582,208
4583,269
4584,640
4585,290
4586,270
4587,225
4588,240
4589,200
4590,241
4591,225
4592,141
4593,250
4594,270
4595,240
4596,237
4597,454
4598,172
4599,81
4600,248
4601,210
4602,336
4603,338
4604,257
4605,225
4606,330
4607,360
4608,160
4609,209
4610,197
4611,190
4612,188
4613,330
4614,212
4615,270
4616,444
4617,470
4618,374
4619,321
4620,339
4621,206
4622,270
4623,270
4624,245
4625,253
4626,225
4627,540
4628,200
4629,200
4630,230
4631,278
4632,285
4633,271
4634,250
4635,236
4636,199
4637,268
4638,218
4639,240
4640,226
4641,281
4642,250
4643,222
4644,212
4645,394
4646,150
4647,450
4648,169
4649,216
4650,284
4651,160
4652,207
4653,417
4654,202
4655,200
4656,163
4657,361
4658,245
4659,360
4660,194
4661,81
4662,174
4663,162
4664,379
4665,321
4666,226
4667,180
4668,495
4669,202
4670,252
4671,280
4672,200
4673,202
4674,263
4675,404
4676,112
4677,219
4678,161
4679,213
4680,198
4681,225
4682,281
4683,298
4684,314
4685,356
4686,200
4687,250
4688,400
4689,306
4690,245
4691,300
4692,160
4693,281
4694,241
4695,260
4696,300
4697,327
4698,192
4699,225
4700,240
4701,421
4702,81
4703,270
4704,270
4705,240
4706,360
4707,360
4708,206
4709,365
4710,239
4711,295
4712,281
4713,199
4714,327
4715,290
4716,229
4717,369
4718,336
4719,200
4720,200
4721,390
4722,163
4723,169
4724,250
4725,240
4726,306
4727,225
4728,270
4729,250
4730,276
4731,200
4732,144
4733,270
4734,180
4735,258
4736,432
4737,270
4738,203
4739,281
4740,150
4741,576
4742,231
4743,289
4744,275
4745,281
4746,360
4747,206
4748,265
4749,81
4750,270
4751,201
4752,452
4753,220
4754,160
4755,270
4756,288
4757,337
4758,200
4759,230
4760,225
4761,375
4762,282
4763,230
4764,240
4765,300
4766,180
4767,263
4768,81
4769,281
4770,225
4771,216
4772,270
4773,388
4774,384
4775,224
4776,267
4777,144
4778,165
4779,282
4780,360
4781,271
4782,186
4783,200
4784,184
4785,300
4786,180
4787,205
4788,400
4789,287
4790,224
4791,280
4792,338
4793,174
4794,203
4795,203
4796,180
4797,214
4798,242
4799,432
4800,360
4801,81
4802,281
4803,260
4804,281
4805,205
4806,210
4807,200
4808,221
4809,200
4810,224
4811,400
4812,288
4813,304
4814,250
4815,170
4816,252
4817,336
4818,211
4819,240
4820,197
4821,270
4822,250
4823,398
4824,275
4825,272
4826,172
4827,170
4828,270
4829,300
4830,225
4831,219
4832,81
4833,404
4834,172
4835,281
4836,129
4837,270
4838,176
4839,197
4840,194
4841,281
4842,270
4843,210
4844,261
4845,280
4846,81
4847,260
4848,260
4849,298
4850,210
4851,323
4852,313
4853,394
4854,334
4855,201
4856,270
4857,281
4858,81
4859,191
4860,240
4861,269
4862,250
4863,175
4864,267
4865,280
4866,387
4867,135
4868,248
4869,357
4870,150
4871,264
4872,284
4873,200
4874,400
4875,461
4876,376
4877,190
4878,275
4879,354
4880,176
4881,209
4882,135
4883,205
4884,400
4885,120
4886,278
4887,253
4888,228
4889,227
4890,280
4891,202
4892,81
4893,290
4894,400
4895,281
4896,281
4897,400
4898,187
4899,270
4900,360
4901,209
4902,210
4903,240
4904,208
4905,259
4906,197
4907,213
4908,252
4909,155
4910,240
4911,299
4912,201
4913,348
4914,217
4915,404
4916,169
4917,224
4918,200
4919,480
4920,164
4921,214
4922,188
4923,249
4924,250
4925,282
4926,252
4927,720
4928,152
4929,260
4930,257
4931,186
4932,448
4933,350
4934,461
4935,330
4936,281
4937,180
4938,265
4939,222
4940,280
4941,287
4942,230
4943,221
4944,81
4945,150
4946,168
4947,404
4948,338
4949,288
4950,224
4951,240
4952,360
4953,170
4954,343
4955,240
4956,312
4957,196
4958,197
4959,206
4960,225
4961,150
4962,179
4963,388
4964,241
4965,323
4966,208
4967,264
4968,81
4969,149
4970,197
4971,360
4972,282
4973,183
4974,352
4975,285
4976,315
4977,227
4978,382
4979,270
4980,275
4981,446
4982,393
4983,81
4984,190
4985,288
4986,257
4987,240
4988,217
4989,281
4990,330
4991,160
4992,240
4993,260
4994,211
4995,220
4996,230
4997,137
4998,539
4999,167
5000,223
5001,200
5002,500
5003,216
5004,274
5005,285
5006,176
5007,281
5008,345
5009,312
5010,210
5011,282
5012,180
5013,188
5014,177
5015,226
5016,208
5017,280
5018,280
5019,225
5020,216
5021,81
5022,197
5023,173
5024,226
5025,281
5026,360
5027,233
5028,250
5029,226
5030,128
5031,266
5032,281
5033,174
5034,200
5035,198
5036,305
5037,146
5038,210
5039,198
5040,233
5041,218
5042,211
5043,275
5044,81
5045,81
5046,289
5047,334
5048,226
5049,247
5050,235
5051,252
5052,309
5053,81
5054,197
5055,960
5056,180
5057,310
5058,107
5059,169
5060,499
5061,225
5062,290
5063,375
5064,220
5065,241
5066,250
5067,250
5068,256
5069,232
5070,270
5071,277
5072,270
5073,81
5074,206
5075,343
5076,307
5077,280
5078,180
5079,212
5080,338
5081,262
5082,211
5083,188
5084,360
5085,375
5086,200
5087,250
5088,227
5089,172
5090,219
5091,200
5092,281
5093,238
5094,319
5095,128
5096,282
5097,366
5098,200
5099,287
5100,270
5101,202
5102,216
5103,277
5104,279
5105,178
5106,360
5107,193
5108,301
5109,293
5110,245
5111,252
5112,167
5113,225
5114,300
5115,200
5116,265
5117,144
5118,356
5119,225
5120,115
5121,196
5122,275
5123,201
5124,250
5125,265
5126,300
5127,253
5128,180
5129,303
5130,275
5131,141
5132,200
5133,313
5134,145
5135,360
5136,227
5137,360
5138,405
5139,250
5140,180
5141,341
5142,240
5143,432
5144,216
5145,256
5146,213
5147,169
5148,254
5149,332
5150,200
5151,268
5152,295
5153,225
5154,303
5155,174
5156,254
5157,320
5158,269
5159,202
5160,286
5161,203
5162,300
5163,136
5164,272
5165,228
5166,268
5167,179
5168,300
5169,320
5170,202
5171,251
5172,227
5173,163
5174,228
5175,169
5176,299
5177,250
5178,250
5179,180
5180,446
5181,264
5182,228
5183,213
5184,306
5185,375
5186,323
5187,316
5188,235
5189,271
5190,242
5191,200
5192,262
5193,272
5194,180
5195,253
5196,236
5197,255
5198,171
5199,81
5200,204
5201,200
5202,180
5203,208
5204,335
5205,404
5206,242
5207,180
5208,400
5209,335
5210,170
5211,303
5212,264
5213,183
5214,272
5215,163
5216,339
5217,240
5218,250
5219,208
5220,313
5221,337
5222,131
5223,158
5224,325
5225,183
5226,256
5227,260
5228,226
5229,275
5230,425
5231,281
5232,270
5233,453
5234,199
5235,320
5236,397
5237,180
5238,381
5239,228
5240,359
5241,278
5242,152
5243,246
5244,240
5245,273
5246,240
5247,269
5248,300
5249,270
5250,190
5251,303
5252,81
5253,307
5254,267
5255,201
5256,221
5257,337
5258,288
5259,278
5260,372
5261,304
5262,255
5263,420
5264,250
5265,90
5266,281
5267,281
5268,360
5269,202
5270,300
5271,270
5272,304
5273,292
5274,160
5275,288
5276,282
5277,281
5278,226
5279,227
5280,213
5281,262
5282,404
5283,263
5284,205
5285,158
5286,199
5287,316
5288,238
5289,225
5290,529
5291,200
5292,200
5293,234
5294,345
5295,480
5296,720
5297,220
5298,450
5299,295
5300,439
5301,196
5302,303
5303,336
5304,281
5305,200
5306,167
5307,267
5308,374
5309,330
5310,250
5311,81
5312,283
5313,336
5314,480
5315,250
5316,194
5317,185
5318,225
5319,250
5320,200
5321,225
5322,360
5323,404
5324,192
5325,168
5326,480
5327,245
5328,203
5329,540
5330,264
5331,245
5332,203
5333,233
5334,211
5335,225
5336,299
5337,225
5338,215
5339,278
5340,205
5341,360
5342,289
5343,360
5344,81
5345,161
5346,270
5347,240
5348,240
5349,384
5350,151
5351,300
5352,281
5353,289
5354,360
5355,188
5356,208
5357,268
5358,281
5359,366
5360,210
5361,194
5362,215
5363,187
5364,187
5365,300
5366,240
5367,81
5368,200
5369,614
5370,237
5371,339
5372,235
5373,284
5374,375
5375,375
5376,221
5377,240
5378,175
5379,200
5380,250
5381,225
5382,169
5383,319
5384,281
5385,350
5386,337
5387,270
5388,300
5389,167
5390,167
5391,258
5392,240
5393,360
5394,270
5395,200
5396,269
5397,187
5398,250
5399,304
5400,196
5401,366
5402,188
5403,300
5404,225
5405,348
5406,264
5407,335
5408,151
5409,334
5410,186
5411,81
5412,253
5413,285
5414,352
5415,165
5416,340
5417,298
5418,226
5419,240
5420,207
5421,270
5422,170
5423,480
5424,282
5425,394
5426,340
5427,285
5428,81
5429,239
5430,81
5431,243
5432,225
5433,143
5434,431
5435,81
5436,81
5437,272
5438,200
5439,180
5440,237
5441,328
5442,256
5443,279
5444,320
5445,343
5446,180
5447,225
5448,244
5449,200
5450,170
5451,197
5452,282
5453,240
5454,240
5455,284
5456,270
5457,217
5458,239
5459,278
5460,172
5461,282
5462,404
5463,160
5464,227
5465,163
5466,150
5467,269
5468,181
5469,210
5470,375
5471,197
5472,282
5473,275
5474,323
5475,188
5476,460
5477,280
5478,347
5479,240
5480,184
5481,172
5482,169
5483,270
5484,258
5485,186
5486,240
5487,246
5488,451
5489,390
5490,390
5491,349
5492,366
5493,147
5494,174
5495,360
5496,81
5497,262
5498,252
5499,281
5500,250
5501,200
5502,256
5503,215
5504,269
5505,337
5506,293
5507,256
5508,217
5509,164
5510,113
5511,324
5512,390
5513,284
5514,281
5515,200
5516,326
5517,326
5518,235
5519,212
5520,338
5521,432
5522,150
5523,255
5524,199
5525,250
5526,312
5527,208
5528,202
5529,203
5530,200
5531,480
5532,196
5533,169
5534,200
5535,248
5536,181
5537,335
5538,202
5539,202
5540,195
5541,163
5542,223
5543,255
5544,514
5545,304
5546,181
5547,297
5548,263
5549,225
5550,404
5551,201
5552,254
5553,284
5554,240
5555,275
5556,220
5557,270
5558,226
5559,268
5560,263
5561,130
5562,270
5563,400
5564,187
5565,240
5566,288
5567,267
5568,148
5569,230
5570,252
5571,252
5572,296
5573,225
5574,281
5575,252
5576,224
5577,487
5578,282
5579,225
5580,240
5581,262
5582,240
5583,202
5584,207
5585,359
5586,180
5587,208
5588,282
5589,213
5590,158
5591,250
5592,256
5593,240
5594,281
5595,253
5596,298
5597,202
5598,320
5599,210
5600,222
5601,222
5602,180
5603,276
5604,400
5605,226
5606,200
5607,246
5608,282
5609,400
5610,250
5611,253
5612,203
5613,338
5614,379
5615,225
5616,225
5617,326
5618,299
5619,384
5620,352
5621,282
5622,321
5623,275
5624,202
5625,220
5626,336
5627,225
5628,290
5629,241
5630,226
5631,307
5632,173
5633,288
5634,218
5635,214
5636,288
5637,245
5638,258
5639,248
5640,205
5641,248
5642,260
5643,260
5644,81
5645,375
5646,335
5647,225
5648,250
5649,268
5650,200
5651,180
5652,379
5653,277
5654,359
5655,176
5656,300
5657,225
5658,188
5659,295
5660,352
5661,246
5662,160
5663,234
5664,198
5665,219
5666,300
5667,176
5668,434
5669,160
5670,275
5671,250
5672,163
5673,203
5674,213
5675,218
5676,150
5677,240
5678,281
5679,250
5680,81
5681,309
5682,258
5683,260
5684,384
5685,205
5686,250
5687,360
5688,250
5689,530
5690,180
5691,335
5692,225
5693,228
5694,300
5695,231
5696,213
5697,20
5698,300
5699,81
5700,200
5701,81
5702,142
5703,240
5704,218
5705,180
5706,408
5707,215
5708,180
5709,81
5710,360
5711,391
5712,180
5713,266
5714,281
5715,175
5716,225
5717,399
5718,363
5719,360
5720,211
5721,200
5722,270
5723,198
5724,243
5725,306
5726,360
5727,225
5728,142
5729,192
5730,337
5731,300
5732,310
5733,192
5734,160
5735,225
5736,226
5737,196
5738,280
5739,320
5740,200
5741,200
5742,213
5743,206
