,max_face_count
0,1
1,1
2,0
3,1
4,1
5,1
6,1
7,0
8,1
9,0
10,0
11,1
12,0
13,1
14,1
15,0
16,1
17,2
18,1
19,1
20,0
21,0
22,0
23,1
24,0
25,0
26,0
27,4
28,1
29,1
30,1
31,1
32,0
33,0
34,0
35,1
36,0
37,0
38,0
39,1
40,1
41,1
42,0
43,1
44,1
45,0
46,1
47,1
48,1
49,0
50,0
51,1
52,0
53,0
54,0
55,1
56,1
57,0
58,1
59,1
60,1
61,1
62,1
63,0
64,3
65,0
66,1
67,1
68,0
69,0
70,1
71,1
72,2
73,1
74,1
75,1
76,0
77,0
78,1
79,1
80,1
81,1
82,1
83,1
84,0
85,0
86,0
87,1
88,0
89,1
90,1
91,1
92,1
93,1
94,0
95,0
96,0
97,0
98,1
99,1
100,0
101,0
102,0
103,1
104,0
105,0
106,1
107,0
108,1
109,1
110,1
111,1
112,1
113,0
114,1
115,1
116,1
117,1
118,1
119,0
120,1
121,1
122,1
123,1
124,0
125,1
126,1
127,0
128,1
129,2
130,0
131,1
132,0
133,1
134,1
135,0
136,0
137,0
138,0
139,1
140,1
141,1
142,1
143,1
144,1
145,0
146,0
147,1
148,0
149,1
150,0
151,1
152,1
153,1
154,0
155,1
156,1
157,0
158,0
159,1
160,0
161,1
162,0
163,1
164,0
165,1
166,0
167,2
168,0
169,0
170,1
171,1
172,1
173,1
174,1
175,0
176,1
177,1
178,1
179,1
180,0
181,0
182,1
183,1
184,1
185,1
186,0
187,0
188,0
189,0
190,0
191,1
192,1
193,1
194,0
195,1
196,1
197,1
198,0
199,1
200,1
201,1
202,1
203,1
204,0
205,0
206,1
207,1
208,1
209,1
210,1
211,1
212,1
213,1
214,0
215,0
216,1
217,0
218,1
219,1
220,0
221,1
222,0
223,1
224,1
225,0
226,1
227,1
228,0
229,0
230,0
231,1
232,1
233,1
234,1
235,0
236,0
237,1
238,0
239,1
240,1
241,1
242,1
243,1
244,1
245,1
246,1
247,0
248,1
249,1
250,1
251,-1
252,1
253,1
254,1
255,1
256,1
257,0
258,0
259,1
260,1
261,1
262,1
263,1
264,1
265,1
266,1
267,0
268,0
269,1
270,0
271,0
272,1
273,0
274,1
275,0
276,1
277,1
278,0
279,0
280,0
281,1
282,1
283,0
284,1
285,1
286,0
287,0
288,1
289,1
290,2
291,1
292,2
293,1
294,1
295,0
296,1
297,1
298,1
299,1
300,1
301,0
302,1
303,0
304,1
305,0
306,1
307,1
308,1
309,1
310,1
311,1
312,0
313,0
314,1
315,0
316,1
317,1
318,0
319,1
320,1
321,0
322,1
323,0
324,1
325,0
326,1
327,0
328,1
329,0
330,1
331,0
332,1
333,0
334,1
335,1
336,1
337,1
338,1
339,0
340,1
341,1
342,0
343,1
344,1
345,1
346,1
347,0
348,1
349,1
350,0
351,1
352,0
353,1
354,1
355,1
356,0
357,0
358,2
359,0
360,1
361,1
362,0
363,2
364,0
365,0
366,1
367,0
368,1
369,1
370,1
371,1
372,0
373,1
374,0
375,1
376,0
377,1
378,1
379,1
380,0
381,1
382,2
383,1
384,2
385,1
386,0
387,1
388,1
389,1
390,1
391,0
392,0
393,1
394,1
395,0
396,1
397,0
398,1
399,0
400,1
401,1
402,1
403,1
404,1
405,1
406,1
407,1
408,1
409,1
410,1
411,1
412,1
413,0
414,0
415,1
416,1
417,1
418,0
419,1
420,1
421,0
422,1
423,1
424,1
425,2
426,1
427,1
428,1
429,1
430,0
431,1
432,0
433,1
434,1
435,1
436,1
437,1
438,1
439,1
440,1
441,1
442,1
443,0
444,1
445,1
446,1
447,1
448,1
449,0
450,1
451,1
452,1
453,1
454,1
455,0
456,1
457,2
458,1
459,1
460,0
461,1
462,0
463,1
464,1
465,1
466,0
467,1
468,1
469,1
470,0
471,1
472,1
473,0
474,1
475,0
476,1
477,1
478,1
479,1
480,0
481,1
482,0
483,0
484,1
485,1
486,1
487,1
488,1
489,1
490,0
491,2
492,1
493,0
494,0
495,1
496,0
497,1
498,0
499,1
500,1
501,1
502,0
503,1
504,0
505,1
506,0
507,0
508,1
509,0
510,0
511,0
512,0
513,1
514,1
515,1
516,1
517,1
518,1
519,1
520,1
521,1
522,1
523,1
524,0
525,0
526,0
527,1
528,0
529,1
530,1
531,1
532,1
533,0
534,1
535,1
536,0
537,0
538,0
539,0
540,1
541,0
542,0
543,1
544,1
545,0
546,0
547,1
548,0
549,1
550,1
551,1
552,1
553,1
554,1
555,0
556,0
557,0
558,1
559,1
560,1
561,0
562,1
563,1
564,0
565,1
566,1
567,1
568,1
569,1
570,0
571,0
572,0
573,1
574,1
575,0
576,1
577,0
578,0
579,1
580,0
581,1
582,0
583,0
584,0
585,0
586,1
587,1
588,1
589,1
590,1
591,0
592,1
593,1
594,0
595,1
596,1
597,1
598,0
599,1
600,1
601,1
602,0
603,1
604,0
605,1
606,1
607,1
608,0
609,1
610,0
611,1
612,1
613,1
614,0
615,1
616,1
617,1
618,0
619,1
620,0
621,0
622,1
623,1
624,0
625,1
626,0
627,0
628,2
629,1
630,0
631,1
632,1
633,2
634,1
635,0
636,1
637,1
638,1
639,1
640,1
641,0
642,1
643,0
644,0
645,0
646,0
647,0
648,1
649,0
650,1
651,1
652,1
653,1
654,0
655,0
656,0
657,1
658,0
659,0
660,1
661,0
662,1
663,1
664,1
665,2
666,1
667,0
668,1
669,1
670,1
671,1
672,0
673,1
674,1
675,1
676,1
677,-1
678,1
679,1
680,0
681,1
682,0
683,1
684,1
685,1
686,0
687,1
688,1
689,1
690,1
691,1
692,1
693,1
694,1
695,0
696,1
697,0
698,0
699,1
700,0
701,0
702,1
703,0
704,0
705,1
706,1
707,1
708,0
709,0
710,1
711,1
712,1
713,0
714,1
715,1
716,0
717,1
718,1
719,0
720,0
721,1
722,1
723,1
724,1
725,1
726,1
727,1
728,1
729,1
730,1
731,1
732,1
733,1
734,0
735,1
736,1
737,0
738,1
739,1
740,0
741,1
742,0
743,1
744,1
745,0
746,0
747,1
748,0
749,1
750,0
751,1
752,0
753,0
754,0
755,1
756,1
757,1
758,1
759,0
760,1
761,1
762,1
763,0
764,0
765,1
766,0
767,-1
768,1
769,0
770,1
771,0
772,1
773,0
774,1
775,1
776,1
777,0
778,0
779,0
780,1
781,1
782,1
783,0
784,0
785,0
786,1
787,1
788,1
789,1
790,0
791,1
792,0
793,1
794,0
795,1
796,1
797,1
798,1
799,0
800,0
801,0
802,0
803,1
804,1
805,1
806,1
807,1
808,2
809,0
810,1
811,0
812,1
813,1
814,1
815,0
816,1
817,0
818,1
819,1
820,1
821,1
822,0
823,1
824,0
825,1
826,1
827,1
828,1
829,0
830,1
831,0
832,1
833,0
834,1
835,5
836,1
837,0
838,0
839,1
840,0
841,0
842,0
843,0
844,0
845,1
846,0
847,1
848,0
849,0
850,1
851,1
852,1
853,0
854,1
855,1
856,1
857,1
858,1
859,0
860,1
861,1
862,1
863,1
864,1
865,0
866,0
867,1
868,1
869,0
870,0
871,0
872,1
873,2
874,1
875,0
876,0
877,1
878,0
879,1
880,1
881,1
882,1
883,1
884,0
885,1
886,1
887,0
888,1
889,3
890,1
891,0
892,1
893,0
894,0
895,0
896,0
897,1
898,0
899,0
900,1
901,1
902,1
903,0
904,1
905,1
906,0
907,1
908,0
909,0
910,0
911,0
912,1
913,0
914,1
915,1
916,1
917,0
918,1
919,1
920,0
921,1
922,1
923,1
924,0
925,1
926,0
927,1
928,0
929,1
930,1
931,1
932,1
933,1
934,1
935,1
936,1
937,0
938,2
939,0
940,1
941,1
942,0
943,1
944,1
945,1
946,1
947,1
948,1
949,1
950,0
951,2
952,0
953,1
954,0
955,0
956,1
957,1
958,1
959,1
960,0
961,1
962,1
963,1
964,1
965,0
966,0
967,0
968,1
969,1
970,1
971,1
972,1
973,0
974,1
975,1
976,1
977,1
978,0
979,1
980,1
981,1
982,1
983,1
984,1
985,1
986,2
987,1
988,0
989,1
990,2
991,0
992,1
993,1
994,0
995,1
996,0
997,0
998,1
999,1
1000,1
1001,1
1002,0
1003,1
1004,0
1005,1
1006,0
1007,1
1008,1
1009,0
1010,1
1011,1
1012,0
1013,0
1014,1
1015,0
1016,0
1017,1
1018,1
1019,1
1020,1
1021,1
1022,1
1023,0
1024,1
1025,1
1026,1
1027,1
1028,2
1029,0
1030,1
1031,1
1032,1
1033,0
1034,1
1035,1
1036,1
1037,1
1038,1
1039,0
1040,1
1041,0
1042,0
1043,3
1044,0
1045,1
1046,1
1047,0
1048,1
1049,1
1050,1
1051,0
1052,1
1053,2
1054,1
1055,1
1056,1
1057,1
1058,0
1059,2
1060,1
1061,5
1062,1
1063,1
1064,1
1065,1
1066,1
1067,1
1068,0
1069,1
1070,1
1071,0
1072,0
1073,0
1074,0
1075,1
1076,0
1077,0
1078,1
1079,1
1080,0
1081,1
1082,0
1083,1
1084,1
1085,0
1086,0
1087,0
1088,1
1089,1
1090,2
1091,1
1092,0
1093,2
1094,1
1095,0
1096,0
1097,1
1098,1
1099,1
1100,1
1101,0
1102,1
1103,0
1104,0
1105,2
1106,1
1107,0
1108,1
1109,1
1110,0
1111,1
1112,0
1113,1
1114,0
1115,1
1116,1
1117,1
1118,1
1119,0
1120,0
1121,1
1122,0
1123,0
1124,1
1125,1
1126,1
1127,1
1128,1
1129,0
1130,0
1131,0
1132,1
1133,0
1134,1
1135,0
1136,1
1137,1
1138,1
1139,1
1140,0
1141,0
1142,0
1143,0
1144,0
1145,1
1146,1
1147,1
1148,0
1149,1
1150,1
1151,0
1152,1
1153,1
1154,1
1155,1
1156,1
1157,1
1158,1
1159,0
1160,1
1161,0
1162,1
1163,0
1164,1
1165,0
1166,0
1167,0
1168,0
1169,1
1170,0
1171,1
1172,0
1173,0
1174,0
1175,1
1176,1
1177,0
1178,1
1179,0
1180,0
1181,1
1182,0
1183,1
1184,0
1185,0
1186,0
1187,0
1188,0
1189,0
1190,1
1191,1
1192,1
1193,1
1194,1
1195,0
1196,2
1197,1
1198,1
1199,0
1200,0
1201,1
1202,1
1203,1
1204,0
1205,1
1206,0
1207,0
1208,1
1209,1
1210,1
1211,1
1212,0
1213,1
1214,1
1215,1
1216,1
1217,1
1218,1
1219,0
1220,3
1221,1
1222,1
1223,1
1224,1
1225,0
1226,1
1227,0
1228,1
1229,0
1230,1
1231,2
1232,0
1233,1
1234,0
1235,0
1236,0
1237,1
1238,2
1239,0
1240,0
1241,1
1242,0
1243,1
1244,1
1245,0
1246,0
1247,1
1248,0
1249,0
1250,1
1251,1
1252,0
1253,1
1254,0
1255,1
1256,0
1257,1
1258,0
1259,1
1260,0
1261,1
1262,0
1263,0
1264,1
1265,0
1266,1
1267,0
1268,0
1269,1
1270,1
1271,0
1272,1
1273,1
1274,1
1275,0
1276,1
1277,0
1278,1
1279,1
1280,0
1281,1
1282,0
1283,1
1284,0
1285,2
1286,1
1287,1
1288,1
1289,1
1290,1
1291,2
1292,0
1293,0
1294,1
1295,1
1296,0
1297,1
1298,1
1299,0
1300,1
1301,1
1302,1
1303,2
1304,2
1305,1
1306,1
1307,1
1308,0
1309,1
1310,1
1311,1
1312,1
1313,0
1314,1
1315,1
1316,0
1317,0
1318,1
1319,0
1320,1
1321,0
1322,1
1323,1
1324,0
1325,0
1326,1
1327,1
1328,1
1329,1
1330,0
1331,1
1332,1
1333,1
1334,1
1335,0
1336,0
1337,1
1338,1
1339,0
1340,1
1341,1
1342,0
1343,1
1344,0
1345,1
1346,1
1347,1
1348,1
1349,1
1350,0
1351,1
1352,0
1353,0
1354,0
1355,3
1356,0
1357,1
1358,0
1359,1
1360,0
1361,0
1362,1
1363,0
1364,0
1365,1
1366,1
1367,0
1368,3
1369,1
1370,0
1371,2
1372,1
1373,1
1374,1
1375,0
1376,0
1377,0
1378,1
1379,1
1380,0
1381,1
1382,1
1383,1
1384,0
1385,0
1386,0
1387,1
1388,1
1389,1
1390,1
1391,1
1392,0
1393,0
1394,1
1395,1
1396,0
1397,1
1398,0
1399,0
1400,1
1401,0
1402,1
1403,0
1404,1
1405,1
1406,1
1407,1
1408,1
1409,1
1410,1
1411,1
1412,0
1413,0
1414,0
1415,0
1416,1
1417,1
1418,0
1419,1
1420,1
1421,1
1422,2
1423,1
1424,1
1425,0
1426,0
1427,0
1428,1
1429,0
1430,1
1431,0
1432,0
1433,1
1434,0
1435,0
1436,1
1437,1
1438,2
1439,1
1440,1
1441,1
1442,2
1443,0
1444,0
1445,1
1446,1
1447,1
1448,1
1449,1
1450,1
1451,1
1452,0
1453,0
1454,1
1455,1
1456,1
1457,1
1458,1
1459,0
1460,0
1461,0
1462,0
1463,1
1464,1
1465,0
1466,1
1467,0
1468,1
1469,0
1470,1
1471,1
1472,1
1473,1
1474,0
1475,1
1476,1
1477,1
1478,1
1479,1
1480,1
1481,1
1482,0
1483,1
1484,1
1485,1
1486,1
1487,0
1488,2
1489,0
1490,1
1491,0
1492,0
1493,1
1494,0
1495,0
1496,2
1497,0
1498,1
1499,1
1500,1
1501,0
1502,1
1503,0
1504,0
1505,1
1506,1
1507,1
1508,0
1509,1
1510,1
1511,1
1512,1
1513,0
1514,1
1515,1
1516,0
1517,0
1518,1
1519,0
1520,0
1521,1
1522,1
1523,1
1524,1
1525,1
1526,1
1527,0
1528,0
1529,0
1530,1
1531,1
1532,0
1533,1
1534,1
1535,1
1536,1
1537,1
1538,1
1539,1
1540,1
1541,0
1542,1
1543,1
1544,1
1545,0
1546,0
1547,1
1548,0
1549,0
1550,0
1551,0
1552,1
1553,1
1554,0
1555,0
1556,1
1557,0
1558,1
1559,1
1560,0
1561,1
1562,1
1563,0
1564,1
1565,0
1566,0
1567,1
1568,1
1569,1
1570,0
1571,1
1572,0
1573,1
1574,1
1575,1
1576,1
1577,1
1578,1
1579,1
1580,1
1581,1
1582,0
1583,1
1584,0
1585,1
1586,1
1587,1
1588,1
1589,1
1590,1
1591,-1
1592,0
1593,2
1594,1
1595,1
1596,1
1597,0
1598,1
1599,1
1600,1
1601,0
1602,1
1603,0
1604,1
1605,1
1606,0
1607,0
1608,1
1609,0
1610,1
1611,1
1612,0
1613,0
1614,0
1615,1
1616,0
1617,1
1618,1
1619,0
1620,1
1621,1
1622,0
1623,1
1624,0
1625,0
1626,1
1627,1
1628,1
1629,0
1630,1
1631,1
1632,1
1633,1
1634,1
1635,-1
1636,1
1637,0
1638,1
1639,1
1640,1
1641,2
1642,1
1643,1
1644,0
1645,1
1646,1
1647,1
1648,0
1649,0
1650,0
1651,1
1652,2
1653,0
1654,0
1655,1
1656,0
1657,1
1658,0
1659,1
1660,0
1661,2
1662,1
1663,1
1664,0
1665,0
1666,1
1667,0
1668,0
1669,1
1670,1
1671,0
1672,1
1673,0
1674,1
1675,1
1676,0
1677,1
1678,1
1679,1
1680,0
1681,1
1682,0
1683,1
1684,1
1685,1
1686,1
1687,1
1688,0
1689,1
1690,1
1691,1
1692,0
1693,1
1694,0
1695,0
1696,0
1697,1
1698,0
1699,0
1700,0
1701,1
1702,0
1703,1
1704,1
1705,1
1706,1
1707,1
1708,1
1709,1
1710,1
1711,1
1712,3
1713,1
1714,1
1715,1
1716,1
1717,0
1718,0
1719,0
1720,0
1721,0
1722,1
1723,1
1724,1
1725,0
1726,1
1727,0
1728,0
1729,2
1730,1
1731,1
1732,0
1733,0
1734,1
1735,1
1736,0
1737,0
1738,0
1739,1
1740,2
1741,0
1742,1
1743,0
1744,2
1745,1
1746,0
1747,1
1748,0
1749,1
1750,1
1751,1
1752,0
1753,1
1754,1
1755,1
1756,0
1757,1
1758,1
1759,1
1760,1
1761,1
1762,1
1763,0
1764,0
1765,1
1766,1
1767,1
1768,1
1769,0
1770,0
1771,0
1772,1
1773,0
1774,1
1775,1
1776,1
1777,1
1778,0
1779,2
1780,0
1781,1
1782,1
1783,1
1784,1
1785,0
1786,0
1787,1
1788,0
1789,0
1790,0
1791,0
1792,1
1793,1
1794,-1
1795,1
1796,1
1797,1
1798,1
1799,1
1800,1
1801,1
1802,0
1803,1
1804,0
1805,0
1806,1
1807,1
1808,0
1809,1
1810,1
1811,0
1812,0
1813,0
1814,0
1815,0
1816,1
1817,1
1818,1
1819,1
1820,1
1821,1
1822,1
1823,1
1824,1
1825,0
1826,1
1827,0
1828,1
1829,1
1830,0
1831,1
1832,1
1833,1
1834,1
1835,1
1836,1
1837,0
1838,0
1839,0
1840,1
1841,0
1842,1
1843,1
1844,0
1845,1
1846,0
1847,1
1848,0
1849,1
1850,2
1851,2
1852,1
1853,1
1854,1
1855,0
1856,0
1857,1
1858,2
1859,1
1860,0
1861,0
1862,0
1863,1
1864,1
1865,1
1866,1
1867,2
1868,0
1869,0
1870,0
1871,1
1872,1
1873,0
1874,1
1875,1
1876,0
1877,0
1878,1
1879,0
1880,0
1881,1
1882,1
1883,1
1884,1
1885,1
1886,0
1887,3
1888,1
1889,1
1890,0
1891,1
1892,1
1893,1
1894,1
1895,0
1896,0
1897,2
1898,1
1899,1
1900,1
1901,1
1902,0
1903,0
1904,0
1905,1
1906,1
1907,1
1908,0
1909,3
1910,1
1911,0
1912,1
1913,0
1914,0
1915,1
1916,0
1917,1
1918,1
1919,0
1920,1
1921,1
1922,1
1923,1
1924,0
1925,0
1926,1
1927,1
1928,1
1929,1
1930,1
1931,0
1932,1
1933,0
1934,1
1935,0
1936,1
1937,1
1938,0
1939,0
1940,0
1941,1
1942,0
1943,1
1944,0
1945,1
1946,0
1947,0
1948,1
1949,1
1950,0
1951,0
1952,1
1953,0
1954,1
1955,0
1956,0
1957,1
1958,0
1959,1
1960,0
1961,1
1962,1
1963,0
1964,0
1965,1
1966,0
1967,1
1968,1
1969,1
1970,1
1971,0
1972,1
1973,1
1974,4
1975,3
1976,1
1977,0
1978,0
1979,0
1980,1
1981,1
1982,1
1983,1
1984,1
1985,1
1986,1
1987,1
1988,1
1989,1
1990,1
1991,1
1992,1
1993,1
1994,1
1995,1
1996,1
1997,0
1998,1
1999,1
2000,1
2001,0
2002,1
2003,1
2004,2
2005,1
2006,1
2007,0
2008,0
2009,1
2010,0
2011,0
2012,0
2013,1
2014,1
2015,1
2016,0
2017,0
2018,1
2019,1
2020,1
2021,0
2022,1
2023,0
2024,1
2025,1
2026,0
2027,2
2028,1
2029,0
2030,1
2031,1
2032,2
2033,1
2034,1
2035,1
2036,0
2037,1
2038,1
2039,2
2040,3
2041,0
2042,1
2043,2
2044,1
2045,0
2046,1
2047,0
2048,1
2049,0
2050,1
2051,-1
2052,1
2053,0
2054,1
2055,1
2056,0
2057,2
2058,0
2059,0
2060,1
2061,1
2062,1
2063,0
2064,0
2065,-1
2066,1
2067,1
2068,1
2069,1
2070,3
2071,1
2072,1
2073,1
2074,1
2075,1
2076,1
2077,5
2078,0
2079,1
2080,1
2081,1
2082,1
2083,1
2084,1
2085,1
2086,1
2087,0
2088,1
2089,0
2090,1
2091,1
2092,0
2093,0
2094,1
2095,1
2096,1
2097,1
2098,1
2099,1
2100,1
2101,0
2102,1
2103,1
2104,0
2105,0
2106,0
2107,1
2108,1
2109,1
2110,1
2111,0
2112,1
2113,1
2114,0
2115,0
2116,1
2117,0
2118,0
2119,1
2120,1
2121,1
2122,0
2123,1
2124,3
2125,1
2126,0
2127,0
2128,1
2129,1
2130,0
2131,0
2132,0
2133,0
2134,0
2135,0
2136,1
2137,1
2138,0
2139,0
2140,0
2141,1
2142,1
2143,0
2144,1
2145,1
2146,1
2147,0
2148,0
2149,1
2150,1
2151,1
2152,1
2153,0
2154,1
2155,0
2156,1
2157,1
2158,0
2159,0
2160,1
2161,1
2162,0
2163,3
2164,1
2165,0
2166,0
2167,0
2168,-1
2169,1
2170,1
2171,1
2172,0
2173,1
2174,0
2175,0
2176,1
2177,1
2178,1
2179,0
2180,1
2181,1
2182,1
2183,1
2184,0
2185,1
2186,1
2187,0
2188,1
2189,1
2190,0
2191,1
2192,1
2193,1
2194,0
2195,0
2196,1
2197,1
2198,1
2199,1
2200,0
2201,1
2202,0
2203,1
2204,1
2205,1
2206,1
2207,1
2208,1
2209,1
2210,1
2211,0
2212,1
2213,1
2214,0
2215,1
2216,0
2217,0
2218,-1
2219,1
2220,0
2221,1
2222,1
2223,1
2224,0
2225,0
2226,0
2227,0
2228,0
2229,1
2230,1
2231,0
2232,1
2233,2
2234,1
2235,0
2236,0
2237,1
2238,2
2239,0
2240,0
2241,1
2242,1
2243,1
2244,0
2245,1
2246,1
2247,1
2248,2
2249,0
2250,1
2251,1
2252,1
2253,1
2254,0
2255,0
2256,1
2257,1
2258,1
2259,1
2260,0
2261,1
2262,0
2263,1
2264,1
2265,0
2266,3
2267,1
2268,1
2269,1
2270,1
2271,1
2272,2
2273,0
2274,2
2275,0
2276,1
2277,2
2278,0
2279,1
2280,1
2281,0
2282,1
2283,1
2284,0
2285,1
2286,1
2287,1
2288,1
2289,1
2290,1
2291,0
2292,1
2293,1
2294,1
2295,1
2296,0
2297,1
2298,1
2299,1
2300,0
2301,1
2302,0
2303,1
2304,1
2305,0
2306,0
2307,0
2308,1
2309,1
2310,1
2311,0
2312,0
2313,1
2314,0
2315,1
2316,1
2317,1
2318,0
2319,1
2320,0
2321,1
2322,0
2323,0
2324,1
2325,0
2326,1
2327,1
2328,1
2329,1
2330,1
2331,1
2332,0
2333,1
2334,1
2335,0
2336,1
2337,1
2338,1
2339,0
2340,1
2341,1
2342,1
2343,1
2344,1
2345,1
2346,2
2347,1
2348,0
2349,1
2350,0
2351,1
2352,1
2353,0
2354,1
2355,1
2356,1
2357,1
2358,0
2359,1
2360,1
2361,2
2362,0
2363,1
2364,0
2365,1
2366,1
2367,1
2368,1
2369,0
2370,1
2371,0
2372,1
2373,1
2374,1
2375,1
2376,0
2377,1
2378,1
2379,1
2380,1
2381,0
2382,1
2383,1
2384,1
2385,0
2386,1
2387,1
2388,1
2389,1
2390,1
2391,1
2392,0
2393,0
2394,0
2395,3
2396,0
2397,1
2398,1
2399,1
2400,1
2401,1
2402,0
2403,0
2404,1
2405,1
2406,1
2407,1
2408,1
2409,1
2410,1
2411,0
2412,0
2413,0
2414,1
2415,2
2416,1
2417,1
2418,1
2419,1
2420,0
2421,0
2422,0
2423,0
2424,0
2425,1
2426,0
2427,1
2428,1
2429,0
2430,1
2431,1
2432,0
2433,1
2434,1
2435,1
2436,1
2437,1
2438,1
2439,0
2440,0
2441,1
2442,0
2443,1
2444,1
2445,2
2446,1
2447,0
2448,0
2449,1
2450,1
2451,1
2452,1
2453,1
2454,1
2455,1
2456,2
2457,0
2458,1
2459,1
2460,1
2461,0
2462,1
2463,1
2464,3
2465,1
2466,0
2467,1
2468,1
2469,1
2470,0
2471,0
2472,1
2473,1
2474,0
2475,0
2476,1
2477,1
2478,0
2479,0
2480,1
2481,1
2482,1
2483,2
2484,1
2485,1
2486,1
2487,0
2488,0
2489,1
2490,0
2491,1
2492,1
2493,0
2494,1
2495,1
2496,0
2497,1
2498,1
2499,1
2500,1
2501,0
2502,0
2503,1
2504,1
2505,0
2506,1
2507,1
2508,1
2509,1
2510,1
2511,1
2512,1
2513,1
2514,1
2515,1
2516,1
2517,1
2518,2
2519,1
2520,1
2521,1
2522,1
2523,0
2524,1
2525,1
2526,0
2527,0
2528,1
2529,1
2530,0
2531,1
2532,1
2533,1
2534,1
2535,0
2536,1
2537,0
2538,1
2539,1
2540,1
2541,0
2542,0
2543,1
2544,1
2545,0
2546,1
2547,0
2548,1
2549,1
2550,0
2551,0
2552,0
2553,1
2554,1
2555,0
2556,1
2557,1
2558,1
2559,1
2560,1
2561,0
2562,0
2563,1
2564,1
2565,0
2566,3
2567,0
2568,1
2569,1
2570,1
2571,1
2572,1
2573,1
2574,1
2575,3
2576,0
2577,1
2578,1
2579,1
2580,0
2581,1
2582,1
2583,1
2584,0
2585,0
2586,1
2587,1
2588,0
2589,1
2590,1
2591,0
2592,0
2593,1
2594,1
2595,1
2596,0
2597,1
2598,0
2599,1
2600,1
2601,0
2602,1
2603,0
2604,0
2605,1
2606,0
2607,-1
2608,1
2609,1
2610,1
2611,0
2612,1
2613,0
2614,1
2615,0
2616,0
2617,0
2618,1
2619,0
2620,1
2621,1
2622,0
2623,1
2624,0
2625,1
2626,1
2627,1
2628,0
2629,1
2630,1
2631,1
2632,1
2633,0
2634,1
2635,0
2636,0
2637,0
2638,1
2639,0
2640,1
2641,1
2642,1
2643,0
2644,1
2645,0
2646,1
2647,0
2648,1
2649,1
2650,1
2651,1
2652,1
2653,0
2654,1
2655,1
2656,1
2657,1
2658,2
2659,0
2660,1
2661,1
2662,0
2663,0
2664,0
2665,0
2666,1
2667,1
2668,1
2669,1
2670,1
2671,1
2672,1
2673,0
2674,1
2675,1
2676,0
2677,0
2678,0
2679,1
2680,1
2681,1
2682,0
2683,0
2684,0
2685,1
2686,1
2687,0
2688,1
2689,0
2690,1
2691,1
2692,1
2693,1
2694,0
2695,1
2696,1
2697,1
2698,0
2699,0
2700,1
2701,1
2702,0
2703,1
2704,0
2705,1
2706,0
2707,0
2708,1
2709,0
2710,1
2711,2
2712,1
2713,1
2714,1
2715,0
2716,1
2717,1
2718,0
2719,0
2720,1
2721,0
2722,1
2723,0
2724,0
2725,1
2726,0
2727,1
2728,1
2729,1
2730,0
2731,1
2732,1
2733,1
2734,0
2735,0
2736,2
2737,1
2738,1
2739,2
2740,1
2741,1
2742,1
2743,1
2744,1
2745,1
2746,0
2747,1
2748,1
2749,1
2750,1
2751,1
2752,3
2753,1
2754,0
2755,0
2756,1
2757,1
2758,0
2759,2
2760,1
2761,1
2762,0
2763,1
2764,1
2765,0
2766,0
2767,1
2768,1
2769,1
2770,1
2771,1
2772,1
2773,0
2774,1
2775,1
2776,0
2777,0
2778,0
2779,1
2780,1
2781,1
2782,1
2783,1
2784,0
2785,1
2786,1
2787,1
2788,0
2789,1
2790,1
2791,1
2792,1
2793,1
2794,1
2795,0
2796,1
2797,0
2798,1
2799,0
2800,0
2801,0
2802,1
2803,1
2804,0
2805,0
2806,0
2807,1
2808,1
2809,1
2810,0
2811,1
2812,1
2813,1
2814,0
2815,0
2816,1
2817,1
2818,1
2819,0
2820,0
2821,1
2822,1
2823,0
2824,0
2825,1
2826,1
2827,1
2828,0
2829,1
2830,1
2831,1
2832,1
2833,1
2834,0
2835,0
2836,0
2837,1
2838,0
2839,2
2840,1
2841,0
2842,1
2843,0
2844,1
2845,0
2846,0
2847,1
2848,0
2849,0
2850,1
2851,1
2852,1
2853,0
2854,1
2855,1
2856,1
2857,1
2858,1
2859,0
2860,0
2861,0
2862,1
2863,1
2864,1
2865,1
2866,1
2867,1
2868,0
2869,1
2870,0
2871,0
2872,0
2873,1
2874,1
2875,0
2876,2
2877,1
2878,0
2879,1
2880,0
2881,1
2882,1
2883,1
2884,0
2885,1
2886,1
2887,0
2888,1
2889,1
2890,0
2891,1
2892,1
2893,1
2894,0
2895,1
2896,0
2897,0
2898,1
2899,0
2900,1
2901,1
2902,1
2903,0
2904,1
2905,-1
2906,1
2907,1
2908,1
2909,1
2910,1
2911,1
2912,-1
2913,1
2914,1
2915,0
2916,1
2917,0
2918,2
2919,0
2920,0
2921,0
2922,1
2923,1
2924,1
2925,0
2926,1
2927,0
2928,1
2929,1
2930,1
2931,1
2932,1
2933,1
2934,1
2935,0
2936,0
2937,0
2938,1
2939,0
2940,1
2941,1
2942,0
2943,0
2944,1
2945,3
2946,1
2947,0
2948,0
2949,0
2950,2
2951,1
2952,0
2953,0
2954,1
2955,0
2956,1
2957,0
2958,1
2959,1
2960,1
2961,0
2962,0
2963,3
2964,1
2965,1
2966,1
2967,1
2968,1
2969,1
2970,1
2971,1
2972,1
2973,0
2974,1
2975,0
2976,1
2977,1
2978,1
2979,0
2980,1
2981,1
2982,0
2983,1
2984,1
2985,1
2986,1
2987,0
2988,1
2989,1
2990,1
2991,1
2992,0
2993,0
2994,1
2995,1
2996,0
2997,1
2998,0
2999,0
3000,-1
3001,1
3002,1
3003,1
3004,0
3005,1
3006,1
3007,0
3008,0
3009,1
3010,1
3011,1
3012,2
3013,0
3014,0
3015,1
3016,0
3017,1
3018,0
3019,0
3020,0
3021,1
3022,0
3023,1
3024,1
3025,0
3026,1
3027,0
3028,1
3029,1
3030,1
3031,1
3032,1
3033,1
3034,1
3035,1
3036,1
3037,1
3038,-1
3039,0
3040,1
3041,1
3042,1
3043,1
3044,1
3045,1
3046,0
3047,1
3048,0
3049,1
3050,1
3051,1
3052,1
3053,1
3054,1
3055,1
3056,0
3057,2
3058,0
3059,1
3060,1
3061,0
3062,1
3063,1
3064,1
3065,1
3066,0
3067,0
3068,1
3069,1
3070,1
3071,0
3072,0
3073,1
3074,1
3075,0
3076,1
3077,1
3078,0
3079,1
3080,1
3081,0
3082,1
3083,0
3084,2
3085,1
3086,0
3087,1
3088,0
3089,1
3090,0
3091,1
3092,1
3093,0
3094,1
3095,0
3096,0
3097,1
3098,1
3099,1
3100,1
3101,2
3102,1
3103,0
3104,1
3105,1
3106,0
3107,1
3108,1
3109,-1
3110,0
3111,1
3112,1
3113,1
3114,1
3115,1
3116,1
3117,1
3118,1
3119,1
3120,0
3121,1
3122,1
3123,1
3124,0
3125,0
3126,0
3127,1
3128,0
3129,2
3130,1
3131,1
3132,1
3133,0
3134,1
3135,1
3136,1
3137,0
3138,1
3139,1
3140,1
3141,0
3142,1
3143,0
3144,1
3145,2
3146,1
3147,1
3148,0
3149,1
3150,1
3151,0
3152,0
3153,0
3154,1
3155,1
3156,1
3157,1
3158,1
3159,1
3160,0
3161,1
3162,1
3163,1
3164,1
3165,1
3166,1
3167,0
3168,1
3169,1
3170,1
3171,1
3172,1
3173,0
3174,0
3175,1
3176,1
3177,1
3178,1
3179,1
3180,1
3181,1
3182,0
3183,1
3184,0
3185,0
3186,0
3187,0
3188,0
3189,0
3190,0
3191,0
3192,1
3193,1
3194,1
3195,1
3196,0
3197,1
3198,0
3199,0
3200,1
3201,0
3202,2
3203,1
3204,0
3205,1
3206,1
3207,0
3208,1
3209,1
3210,0
3211,1
3212,1
3213,1
3214,2
3215,1
3216,1
3217,1
3218,0
3219,0
3220,1
3221,1
3222,1
3223,1
3224,1
3225,0
3226,1
3227,1
3228,1
3229,1
3230,1
3231,0
3232,0
3233,2
3234,1
3235,1
3236,0
3237,0
3238,1
3239,0
3240,1
3241,0
3242,0
3243,1
3244,0
3245,1
3246,1
3247,1
3248,0
3249,0
3250,1
3251,0
3252,1
3253,1
3254,1
3255,0
3256,1
3257,1
3258,0
3259,1
3260,1
3261,1
3262,1
3263,1
3264,1
3265,1
3266,1
3267,1
3268,1
3269,0
3270,1
3271,0
3272,1
3273,1
3274,0
3275,0
3276,1
3277,0
3278,0
3279,1
3280,1
3281,0
3282,2
3283,1
3284,0
3285,2
3286,1
3287,1
3288,0
3289,1
3290,1
3291,1
3292,1
3293,0
3294,1
3295,1
3296,0
3297,5
3298,2
3299,1
3300,1
3301,0
3302,0
3303,1
3304,1
3305,1
3306,0
3307,1
3308,0
3309,1
3310,1
3311,0
3312,0
3313,1
3314,1
3315,1
3316,1
3317,0
3318,-1
3319,1
3320,1
3321,1
3322,1
3323,1
3324,1
3325,1
3326,-1
3327,1
3328,1
3329,0
3330,1
3331,1
3332,1
3333,1
3334,0
3335,1
3336,1
3337,1
3338,1
3339,0
3340,1
3341,0
3342,1
3343,0
3344,1
3345,1
3346,1
3347,0
3348,1
3349,1
3350,0
3351,0
3352,1
3353,0
3354,1
3355,1
3356,1
3357,1
3358,0
3359,1
3360,1
3361,0
3362,0
3363,1
3364,1
3365,1
3366,1
3367,1
3368,0
3369,0
3370,1
3371,1
3372,0
3373,0
3374,1
3375,1
3376,1
3377,1
3378,1
3379,1
3380,1
3381,1
3382,0
3383,0
3384,1
3385,1
3386,1
3387,1
3388,1
3389,1
3390,0
3391,1
3392,1
3393,0
3394,0
3395,-1
3396,0
3397,0
3398,1
3399,0
3400,1
3401,1
3402,1
3403,1
3404,1
3405,1
3406,0
3407,1
3408,1
3409,1
3410,0
3411,1
3412,0
3413,1
3414,1
3415,1
3416,0
3417,0
3418,1
3419,1
3420,1
3421,0
3422,1
3423,1
3424,0
3425,2
3426,0
3427,1
3428,0
3429,1
3430,0
3431,1
3432,1
3433,0
3434,2
3435,1
3436,0
3437,1
3438,1
3439,1
3440,0
3441,0
3442,1
3443,1
3444,0
3445,1
3446,1
3447,1
3448,1
3449,1
3450,1
3451,3
3452,0
3453,0
3454,1
3455,1
3456,1
3457,1
3458,1
3459,1
3460,1
3461,1
3462,1
3463,1
3464,1
3465,0
3466,0
3467,1
3468,1
3469,0
3470,1
3471,1
3472,1
3473,1
3474,0
3475,1
3476,0
3477,0
3478,1
3479,1
3480,1
3481,1
3482,0
3483,0
3484,1
3485,1
3486,1
3487,0
3488,0
3489,1
3490,1
3491,0
3492,1
3493,1
3494,1
3495,0
3496,1
3497,1
3498,1
3499,1
3500,1
3501,1
3502,1
3503,0
3504,1
3505,1
3506,1
3507,1
3508,1
3509,1
3510,1
3511,1
3512,1
3513,0
3514,0
3515,0
3516,1
3517,1
3518,0
3519,2
3520,1
3521,1
3522,0
3523,0
3524,0
3525,0
3526,1
3527,0
3528,0
3529,1
3530,0
3531,1
3532,1
3533,1
3534,1
3535,1
3536,0
3537,0
3538,1
3539,0
3540,1
3541,1
3542,1
3543,1
3544,1
3545,0
3546,1
3547,0
3548,1
3549,1
3550,1
3551,1
3552,1
3553,1
3554,-1
3555,0
3556,1
3557,1
3558,1
3559,0
3560,0
3561,1
3562,0
3563,3
3564,0
3565,1
3566,1
3567,1
3568,0
3569,1
3570,0
3571,1
3572,1
3573,1
3574,1
3575,1
3576,1
3577,1
3578,0
3579,1
3580,1
3581,1
3582,1
3583,1
3584,0
3585,1
3586,0
3587,0
3588,1
3589,1
3590,0
3591,0
3592,1
3593,1
3594,1
3595,1
3596,0
3597,1
3598,0
3599,0
3600,1
3601,1
3602,1
3603,2
3604,1
3605,0
3606,1
3607,1
3608,1
3609,1
3610,0
3611,1
3612,0
3613,0
3614,1
3615,0
3616,1
3617,1
3618,1
3619,1
3620,0
3621,0
3622,0
3623,1
3624,1
3625,0
3626,0
3627,1
3628,0
3629,0
3630,1
3631,0
3632,0
3633,1
3634,0
3635,1
3636,0
3637,1
3638,0
3639,1
3640,0
3641,1
3642,1
3643,0
3644,2
3645,0
3646,1
3647,0
3648,0
3649,0
3650,1
3651,0
3652,1
3653,1
3654,0
3655,1
3656,1
3657,1
3658,0
3659,1
3660,1
3661,1
3662,0
3663,1
3664,0
3665,1
3666,1
3667,1
3668,1
3669,1
3670,0
3671,1
3672,0
3673,0
3674,0
3675,0
3676,1
3677,0
3678,1
3679,0
3680,0
3681,1
3682,1
3683,1
3684,1
3685,0
3686,0
3687,1
3688,0
3689,0
3690,0
3691,1
3692,1
3693,1
3694,0
3695,1
3696,1
3697,0
3698,1
3699,1
3700,2
3701,1
3702,0
3703,1
3704,0
3705,1
3706,0
3707,1
3708,1
3709,0
3710,2
3711,1
3712,1
3713,1
3714,0
3715,0
3716,2
3717,1
3718,1
3719,1
3720,1
3721,0
3722,-1
3723,1
3724,1
3725,1
3726,0
3727,1
3728,1
3729,2
3730,1
3731,1
3732,1
3733,1
3734,1
3735,1
3736,0
3737,1
3738,0
3739,1
3740,1
3741,1
3742,1
3743,1
3744,0
3745,1
3746,0
3747,1
3748,1
3749,0
3750,0
3751,1
3752,1
3753,0
3754,0
3755,1
3756,0
3757,0
3758,0
3759,1
3760,1
3761,1
3762,1
3763,1
3764,1
3765,0
3766,1
3767,1
3768,0
3769,1
3770,1
3771,0
3772,0
3773,0
3774,1
3775,1
3776,1
3777,2
3778,0
3779,0
3780,0
3781,1
3782,1
3783,1
3784,0
3785,0
3786,1
3787,1
3788,1
3789,1
3790,1
3791,0
3792,1
3793,-1
3794,1
3795,0
3796,1
3797,0
3798,1
3799,0
3800,1
3801,1
3802,0
3803,1
3804,0
3805,1
3806,0
3807,1
3808,1
3809,1
3810,0
3811,1
3812,1
3813,1
3814,1
3815,1
3816,0
3817,1
3818,1
3819,1
3820,1
3821,0
3822,1
3823,1
3824,0
3825,0
3826,1
3827,1
3828,0
3829,0
3830,0
3831,3
3832,1
3833,1
3834,1
3835,1
3836,0
3837,1
3838,1
3839,1
3840,1
3841,1
3842,1
3843,0
3844,1
3845,1
3846,0
3847,1
3848,1
3849,1
3850,2
3851,1
3852,0
3853,1
3854,1
3855,1
3856,0
3857,1
3858,0
3859,1
3860,2
3861,0
3862,0
3863,0
3864,1
3865,0
3866,1
3867,1
3868,0
3869,0
3870,1
3871,1
3872,1
3873,1
3874,0
3875,0
3876,1
3877,-1
3878,0
3879,1
3880,0
3881,0
3882,1
3883,1
3884,0
3885,1
3886,1
3887,0
3888,1
3889,0
3890,1
3891,1
3892,1
3893,1
3894,1
3895,1
3896,0
3897,1
3898,0
3899,1
3900,3
3901,1
3902,1
3903,1
3904,1
3905,0
3906,-1
3907,1
3908,1
3909,0
3910,1
3911,1
3912,1
3913,0
3914,1
3915,0
3916,0
3917,1
3918,1
3919,1
3920,0
3921,1
3922,0
3923,0
3924,1
3925,1
3926,0
3927,1
3928,0
3929,1
3930,0
3931,1
3932,1
3933,0
3934,1
3935,1
3936,0
3937,1
3938,1
3939,1
3940,1
3941,0
3942,0
3943,1
3944,0
3945,0
3946,1
3947,0
3948,0
3949,1
3950,1
3951,1
3952,1
3953,0
3954,0
3955,1
3956,1
3957,1
3958,-1
3959,1
3960,0
3961,1
3962,0
3963,0
3964,1
3965,1
3966,1
3967,1
3968,1
3969,1
3970,1
3971,1
3972,0
3973,0
3974,1
3975,0
3976,1
3977,0
3978,2
3979,1
3980,1
3981,0
3982,0
3983,0
3984,1
3985,1
3986,0
3987,2
3988,1
3989,1
3990,1
3991,0
3992,0
3993,3
3994,1
3995,1
3996,1
3997,1
3998,1
3999,0
4000,1
4001,1
4002,1
4003,2
4004,1
4005,0
4006,1
4007,1
4008,1
4009,1
4010,1
4011,1
4012,1
4013,1
4014,1
4015,1
4016,1
4017,1
4018,0
4019,0
4020,0
4021,0
4022,0
4023,1
4024,1
4025,0
4026,1
4027,2
4028,0
4029,1
4030,0
4031,1
4032,1
4033,1
4034,1
4035,1
4036,1
4037,0
4038,1
4039,1
4040,1
4041,1
4042,1
4043,1
4044,1
4045,0
4046,0
4047,1
4048,1
4049,0
4050,1
4051,1
4052,1
4053,1
4054,1
4055,0
4056,1
4057,1
4058,-1
4059,1
4060,0
4061,1
4062,0
4063,0
4064,2
4065,1
4066,0
4067,1
4068,1
4069,1
4070,0
4071,0
4072,1
4073,0
4074,0
4075,1
4076,1
4077,1
4078,1
4079,-1
4080,1
4081,1
4082,0
4083,1
4084,0
4085,1
4086,4
4087,1
4088,2
4089,1
4090,1
4091,1
4092,1
4093,0
4094,0
4095,0
4096,0
4097,1
4098,0
4099,1
4100,1
4101,0
4102,1
4103,1
4104,0
4105,1
4106,1
4107,1
4108,1
4109,1
4110,0
4111,1
4112,2
4113,1
4114,0
4115,0
4116,0
4117,1
4118,1
4119,0
4120,0
4121,0
4122,1
4123,1
4124,1
4125,0
4126,0
4127,0
4128,1
4129,1
4130,1
4131,1
4132,0
4133,1
4134,1
4135,3
4136,1
4137,1
4138,0
4139,1
4140,1
4141,0
4142,1
4143,1
4144,-1
4145,1
4146,1
4147,2
4148,2
4149,1
4150,0
4151,0
4152,1
4153,1
4154,1
4155,1
4156,1
4157,1
4158,1
4159,1
4160,2
4161,0
4162,0
4163,0
4164,0
4165,0
4166,0
4167,1
4168,5
4169,0
4170,1
4171,1
4172,0
4173,0
4174,1
4175,1
4176,0
4177,0
4178,0
4179,0
4180,1
4181,0
4182,1
4183,1
4184,1
4185,1
4186,2
4187,0
4188,1
4189,1
4190,1
4191,1
4192,1
4193,0
4194,1
4195,0
4196,1
4197,1
4198,0
4199,-1
4200,1
4201,1
4202,1
4203,1
4204,3
4205,0
4206,1
4207,4
4208,1
4209,1
4210,1
4211,0
4212,0
4213,0
4214,1
4215,1
4216,0
4217,0
4218,-1
4219,1
4220,1
4221,0
4222,1
4223,1
4224,0
4225,1
4226,1
4227,1
4228,1
4229,0
4230,1
4231,2
4232,1
4233,1
4234,1
4235,1
4236,1
4237,1
4238,1
4239,0
4240,1
4241,0
4242,0
4243,1
4244,1
4245,1
4246,1
4247,0
4248,0
4249,1
4250,1
4251,0
4252,1
4253,1
4254,0
4255,1
4256,1
4257,2
4258,0
4259,0
4260,0
4261,0
4262,0
4263,1
4264,1
4265,1
4266,1
4267,0
4268,0
4269,1
4270,0
4271,1
4272,1
4273,1
4274,1
4275,-1
4276,1
4277,1
4278,1
4279,0
4280,1
4281,0
4282,1
4283,1
4284,1
4285,1
4286,0
4287,1
4288,0
4289,-1
4290,-1
4291,-1
4292,-1
4293,-1
4294,-1
4295,-1
4296,1
4297,1
4298,1
4299,1
4300,1
4301,1
4302,1
4303,1
4304,0
4305,0
4306,1
4307,1
4308,-1
4309,1
4310,1
4311,1
4312,0
4313,0
4314,0
4315,1
4316,2
4317,1
4318,1
4319,1
4320,0
4321,0
4322,0
4323,0
4324,1
4325,1
4326,0
4327,1
4328,0
4329,1
4330,1
4331,1
4332,1
4333,-1
4334,0
4335,0
4336,1
4337,0
4338,1
4339,3
4340,1
4341,1
4342,1
4343,0
4344,0
4345,1
4346,0
4347,0
4348,1
4349,1
4350,1
4351,1
4352,0
4353,1
4354,1
4355,0
4356,-1
4357,0
4358,0
4359,1
4360,1
4361,1
4362,0
4363,1
4364,0
4365,0
4366,1
4367,0
4368,1
4369,0
4370,1
4371,1
4372,1
4373,4
4374,1
4375,1
4376,1
4377,1
4378,0
4379,1
4380,1
4381,0
4382,1
4383,-1
4384,0
4385,1
4386,1
4387,0
4388,1
4389,1
4390,1
4391,1
4392,0
4393,1
4394,0
4395,1
4396,5
4397,2
4398,0
4399,3
4400,1
4401,1
4402,1
4403,1
4404,1
4405,0
4406,1
4407,1
4408,1
4409,1
4410,0
4411,0
4412,0
4413,1
4414,1
4415,0
4416,1
4417,0
4418,1
4419,1
4420,-1
4421,1
4422,0
4423,1
4424,0
4425,1
4426,1
4427,1
4428,0
4429,1
4430,0
4431,1
4432,1
4433,1
4434,1
4435,1
4436,0
4437,1
4438,0
4439,1
4440,0
4441,1
4442,0
4443,2
4444,0
4445,1
4446,0
4447,0
4448,0
4449,1
4450,1
4451,0
4452,0
4453,0
4454,1
4455,-1
4456,1
4457,0
4458,1
4459,1
4460,0
4461,1
4462,0
4463,1
4464,1
4465,1
4466,1
4467,1
4468,1
4469,1
4470,1
4471,0
4472,0
4473,1
4474,0
4475,1
4476,0
4477,1
4478,1
4479,1
4480,0
4481,1
4482,0
4483,1
4484,1
4485,0
4486,1
4487,3
4488,1
4489,1
4490,1
4491,1
4492,0
4493,2
4494,1
4495,1
4496,1
4497,0
4498,0
4499,0
4500,0
4501,1
4502,1
4503,1
4504,0
4505,1
4506,1
4507,0
4508,1
4509,1
4510,0
4511,0
4512,1
4513,1
4514,1
4515,1
4516,1
4517,2
4518,2
4519,0
4520,1
4521,1
4522,0
4523,1
4524,1
4525,1
4526,0
4527,0
4528,1
4529,1
4530,1
4531,1
4532,0
4533,1
4534,1
4535,1
4536,1
4537,0
4538,0
4539,0
4540,0
4541,0
4542,-1
4543,1
4544,0
4545,0
4546,0
4547,1
4548,1
4549,1
4550,1
4551,1
4552,1
4553,1
4554,1
4555,0
4556,0
4557,0
4558,1
4559,1
4560,0
4561,0
4562,1
4563,0
4564,0
4565,-1
4566,1
4567,1
4568,1
4569,0
4570,0
4571,1
4572,0
4573,-1
4574,0
4575,1
4576,0
4577,0
4578,1
4579,-1
4580,0
4581,0
4582,0
4583,0
4584,2
4585,0
4586,0
4587,0
4588,1
4589,1
4590,1
4591,0
4592,1
4593,0
4594,0
4595,1
4596,1
4597,1
4598,0
4599,-1
4600,1
4601,0
4602,1
4603,1
4604,1
4605,1
4606,0
4607,0
4608,0
4609,0
4610,1
4611,1
4612,0
4613,1
4614,0
4615,0
4616,1
4617,1
4618,1
4619,0
4620,1
4621,1
4622,0
4623,0
4624,1
4625,1
4626,1
4627,2
4628,1
4629,1
4630,1
4631,1
4632,1
4633,0
4634,1
4635,0
4636,1
4637,1
4638,1
4639,1
4640,1
4641,0
4642,1
4643,1
4644,1
4645,0
4646,1
4647,0
4648,1
4649,0
4650,0
4651,1
4652,1
4653,1
4654,1
4655,1
4656,0
4657,0
4658,2
4659,1
4660,1
4661,-1
4662,1
4663,1
4664,2
4665,0
4666,0
4667,0
4668,1
4669,0
4670,1
4671,2
4672,0
4673,1
4674,1
4675,0
4676,0
4677,0
4678,1
4679,1
4680,0
4681,1
4682,0
4683,1
4684,1
4685,1
4686,1
4687,1
4688,0
4689,0
4690,1
4691,1
4692,1
4693,0
4694,1
4695,1
4696,0
4697,1
4698,0
4699,1
4700,1
4701,0
4702,-1
4703,0
4704,2
4705,1
4706,0
4707,0
4708,0
4709,0
4710,1
4711,0
4712,1
4713,0
4714,1
4715,1
4716,0
4717,1
4718,0
4719,0
4720,0
4721,1
4722,1
4723,1
4724,1
4725,0
4726,1
4727,0
4728,0
4729,0
4730,1
4731,0
4732,1
4733,0
4734,1
4735,0
4736,1
4737,0
4738,1
4739,1
4740,1
4741,0
4742,0
4743,0
4744,3
4745,0
4746,2
4747,0
4748,0
4749,-1
4750,0
4751,1
4752,1
4753,1
4754,0
4755,0
4756,3
4757,1
4758,0
4759,0
4760,0
4761,0
4762,1
4763,1
4764,0
4765,1
4766,0
4767,1
4768,-1
4769,0
4770,1
4771,0
4772,0
4773,1
4774,1
4775,0
4776,0
4777,1
4778,1
4779,1
4780,1
4781,1
4782,1
4783,1
4784,1
4785,1
4786,0
4787,1
4788,1
4789,1
4790,0
4791,1
4792,1
4793,0
4794,1
4795,0
4796,1
4797,1
4798,1
4799,1
4800,1
4801,-1
4802,0
4803,1
4804,1
4805,0
4806,1
4807,0
4808,0
4809,0
4810,1
4811,1
4812,1
4813,1
4814,0
4815,0
4816,0
4817,1
4818,1
4819,0
4820,1
4821,0
4822,1
4823,0
4824,0
4825,0
4826,1
4827,1
4828,0
4829,0
4830,0
4831,1
4832,-1
4833,2
4834,1
4835,1
4836,0
4837,0
4838,0
4839,1
4840,0
4841,0
4842,0
4843,1
4844,1
4845,2
4846,-1
4847,0
4848,0
4849,3
4850,1
4851,1
4852,0
4853,1
4854,0
4855,1
4856,2
4857,0
4858,-1
4859,1
4860,1
4861,0
4862,0
4863,1
4864,1
4865,1
4866,1
4867,1
4868,1
4869,0
4870,0
4871,1
4872,1
4873,1
4874,1
4875,1
4876,1
4877,1
4878,1
4879,0
4880,0
4881,0
4882,0
4883,1
4884,1
4885,1
4886,1
4887,1
4888,1
4889,1
4890,1
4891,1
4892,-1
4893,0
4894,0
4895,1
4896,1
4897,0
4898,1
4899,1
4900,0
4901,1
4902,0
4903,1
4904,0
4905,0
4906,0
4907,1
4908,1
4909,1
4910,0
4911,0
4912,0
4913,0
4914,0
4915,0
4916,1
4917,1
4918,0
4919,2
4920,1
4921,0
4922,1
4923,0
4924,1
4925,0
4926,0
4927,2
4928,0
4929,0
4930,1
4931,1
4932,1
4933,1
4934,0
4935,1
4936,0
4937,1
4938,1
4939,1
4940,0
4941,1
4942,1
4943,1
4944,-1
4945,1
4946,0
4947,1
4948,1
4949,0
4950,1
4951,1
4952,0
4953,1
4954,0
4955,0
4956,1
4957,1
4958,1
4959,0
4960,1
4961,0
4962,1
4963,1
4964,1
4965,1
4966,1
4967,0
4968,-1
4969,1
4970,1
4971,1
4972,1
4973,1
4974,0
4975,1
4976,1
4977,1
4978,1
4979,1
4980,0
4981,1
4982,1
4983,-1
4984,1
4985,1
4986,1
4987,0
4988,1
4989,1
4990,0
4991,1
4992,1
4993,1
4994,0
4995,0
4996,1
4997,1
4998,1
4999,1
5000,0
5001,1
5002,1
5003,0
5004,1
5005,1
5006,1
5007,1
5008,1
5009,1
5010,0
5011,1
5012,0
5013,1
5014,1
5015,1
5016,0
5017,1
5018,2
5019,1
5020,0
5021,-1
5022,1
5023,0
5024,1
5025,1
5026,1
5027,1
5028,1
5029,0
5030,1
5031,1
5032,0
5033,1
5034,1
5035,0
5036,0
5037,1
5038,0
5039,1
5040,1
5041,1
5042,1
5043,1
5044,-1
5045,-1
5046,1
5047,1
5048,1
5049,0
5050,1
5051,1
5052,1
5053,-1
5054,1
5055,2
5056,0
5057,0
5058,0
5059,1
5060,0
5061,0
5062,0
5063,1
5064,1
5065,1
5066,0
5067,1
5068,1
5069,1
5070,1
5071,3
5072,0
5073,-1
5074,1
5075,1
5076,1
5077,1
5078,0
5079,0
5080,1
5081,0
5082,0
5083,0
5084,1
5085,0
5086,0
5087,1
5088,1
5089,0
5090,1
5091,1
5092,1
5093,0
5094,0
5095,1
5096,0
5097,0
5098,1
5099,1
5100,1
5101,1
5102,1
5103,1
5104,0
5105,0
5106,1
5107,1
5108,0
5109,0
5110,1
5111,1
5112,1
5113,1
5114,0
5115,1
5116,0
5117,0
5118,1
5119,1
5120,0
5121,0
5122,1
5123,1
5124,1
5125,0
5126,1
5127,1
5128,1
5129,1
5130,0
5131,0
5132,0
5133,1
5134,0
5135,0
5136,1
5137,0
5138,1
5139,1
5140,1
5141,0
5142,1
5143,1
5144,1
5145,1
5146,1
5147,0
5148,1
5149,1
5150,1
5151,0
5152,1
5153,1
5154,0
5155,0
5156,1
5157,0
5158,0
5159,1
5160,0
5161,0
5162,0
5163,0
5164,1
5165,0
5166,0
5167,1
5168,0
5169,0
5170,0
5171,1
5172,0
5173,1
5174,1
5175,1
5176,1
5177,0
5178,1
5179,0
5180,1
5181,1
5182,1
5183,1
5184,0
5185,0
5186,0
5187,1
5188,1
5189,1
5190,1
5191,0
5192,0
5193,1
5194,1
5195,1
5196,0
5197,1
5198,1
5199,-1
5200,1
5201,1
5202,1
5203,1
5204,0
5205,1
5206,1
5207,0
5208,1
5209,1
5210,0
5211,0
5212,1
5213,0
5214,1
5215,0
5216,1
5217,1
5218,1
5219,1
5220,3
5221,0
5222,0
5223,1
5224,0
5225,0
5226,1
5227,0
5228,1
5229,0
5230,0
5231,0
5232,0
5233,2
5234,1
5235,0
5236,1
5237,0
5238,0
5239,1
5240,0
5241,1
5242,0
5243,0
5244,0
5245,0
5246,1
5247,1
5248,0
5249,1
5250,0
5251,1
5252,-1
5253,0
5254,0
5255,0
5256,1
5257,1
5258,1
5259,1
5260,1
5261,0
5262,1
5263,1
5264,0
5265,-1
5266,0
5267,0
5268,1
5269,0
5270,1
5271,2
5272,1
5273,1
5274,1
5275,1
5276,1
5277,1
5278,1
5279,1
5280,1
5281,1
5282,1
5283,0
5284,1
5285,0
5286,0
5287,1
5288,1
5289,1
5290,1
5291,1
5292,0
5293,0
5294,1
5295,1
5296,0
5297,1
5298,1
5299,0
5300,1
5301,0
5302,1
5303,1
5304,0
5305,1
5306,1
5307,1
5308,1
5309,1
5310,1
5311,-1
5312,1
5313,1
5314,2
5315,1
5316,0
5317,0
5318,1
5319,0
5320,1
5321,1
5322,0
5323,1
5324,1
5325,1
5326,1
5327,0
5328,1
5329,1
5330,1
5331,1
5332,0
5333,1
5334,1
5335,1
5336,1
5337,1
5338,0
5339,0
5340,1
5341,1
5342,0
5343,1
5344,-1
5345,1
5346,1
5347,1
5348,1
5349,1
5350,0
5351,1
5352,0
5353,0
5354,0
5355,1
5356,0
5357,0
5358,1
5359,0
5360,1
5361,1
5362,1
5363,1
5364,0
5365,1
5366,0
5367,-1
5368,1
5369,1
5370,0
5371,1
5372,2
5373,0
5374,0
5375,1
5376,1
5377,1
5378,0
5379,1
5380,0
5381,1
5382,1
5383,1
5384,1
5385,1
5386,0
5387,1
5388,0
5389,1
5390,0
5391,1
5392,1
5393,1
5394,0
5395,1
5396,0
5397,0
5398,1
5399,2
5400,0
5401,1
5402,1
5403,1
5404,2
5405,1
5406,1
5407,1
5408,1
5409,1
5410,0
5411,-1
5412,2
5413,1
5414,0
5415,0
5416,1
5417,1
5418,1
5419,0
5420,1
5421,0
5422,1
5423,1
5424,1
5425,1
5426,1
5427,1
5428,-1
5429,0
5430,-1
5431,1
5432,0
5433,0
5434,1
5435,-1
5436,-1
5437,1
5438,0
5439,0
5440,1
5441,0
5442,1
5443,0
5444,0
5445,0
5446,1
5447,0
5448,0
5449,1
5450,1
5451,1
5452,1
5453,1
5454,1
5455,0
5456,1
5457,1
5458,0
5459,0
5460,1
5461,1
5462,1
5463,0
5464,0
5465,0
5466,2
5467,0
5468,0
5469,0
5470,0
5471,1
5472,1
5473,1
5474,1
5475,1
5476,1
5477,1
5478,1
5479,1
5480,0
5481,0
5482,0
5483,1
5484,1
5485,1
5486,1
5487,0
5488,1
5489,1
5490,1
5491,1
5492,1
5493,1
5494,0
5495,1
5496,-1
5497,1
5498,0
5499,1
5500,0
5501,1
5502,1
5503,0
5504,1
5505,1
5506,0
5507,1
5508,0
5509,0
5510,1
5511,0
5512,1
5513,0
5514,1
5515,1
5516,0
5517,1
5518,0
5519,1
5520,1
5521,1
5522,1
5523,0
5524,0
5525,0
5526,1
5527,1
5528,1
5529,0
5530,1
5531,2
5532,1
5533,1
5534,0
5535,0
5536,1
5537,1
5538,0
5539,0
5540,0
5541,1
5542,1
5543,1
5544,0
5545,1
5546,1
5547,0
5548,0
5549,0
5550,3
5551,1
5552,1
5553,1
5554,1
5555,1
5556,1
5557,0
5558,1
5559,0
5560,0
5561,1
5562,1
5563,1
5564,1
5565,1
5566,1
5567,1
5568,1
5569,0
5570,1
5571,1
5572,0
5573,1
5574,1
5575,1
5576,1
5577,1
5578,1
5579,1
5580,0
5581,0
5582,1
5583,0
5584,1
5585,1
5586,1
5587,0
5588,0
5589,0
5590,0
5591,1
5592,1
5593,2
5594,0
5595,1
5596,0
5597,0
5598,0
5599,0
5600,1
5601,2
5602,0
5603,0
5604,1
5605,1
5606,1
5607,0
5608,2
5609,1
5610,0
5611,1
5612,0
5613,0
5614,0
5615,0
5616,0
5617,0
5618,1
5619,1
5620,1
5621,0
5622,1
5623,1
5624,0
5625,1
5626,1
5627,1
5628,0
5629,0
5630,1
5631,1
5632,0
5633,0
5634,0
5635,0
5636,1
5637,0
5638,0
5639,1
5640,0
5641,1
5642,0
5643,0
5644,-1
5645,0
5646,1
5647,0
5648,2
5649,1
5650,1
5651,0
5652,1
5653,0
5654,1
5655,0
5656,1
5657,1
5658,0
5659,1
5660,1
5661,1
5662,1
5663,0
5664,0
5665,1
5666,1
5667,0
5668,1
5669,1
5670,0
5671,0
5672,1
5673,0
5674,0
5675,0
5676,1
5677,0
5678,0
5679,1
5680,-1
5681,0
5682,1
5683,1
5684,1
5685,1
5686,1
5687,1
5688,1
5689,1
5690,1
5691,1
5692,1
5693,1
5694,1
5695,1
5696,1
5697,0
5698,1
5699,-1
5700,0
5701,-1
5702,1
5703,0
5704,0
5705,0
5706,1
5707,1
5708,1
5709,-1
5710,1
5711,1
5712,0
5713,0
5714,1
5715,1
5716,0
5717,0
5718,0
5719,1
5720,0
5721,1
5722,1
5723,1
5724,1
5725,0
5726,1
5727,0
5728,0
5729,1
5730,2
5731,4
5732,1
5733,1
5734,1
5735,1
5736,1
5737,1
5738,1
5739,0
5740,1
5741,0
5742,1
5743,2
