,number_of_pixels
0,0.59987
1,3.072
2,1.025
3,0.484
4,0.375
5,0.50625
6,3.5712
7,1.71
8,1.69
9,2.115
10,0.69
11,0.9268
12,1.008
13,2.916
14,1.59
15,1.875
16,3.11344
17,0.768
18,0.92
19,0.69825
20,1.405
21,1.4592
22,2.565
23,1.16
24,0.7106
25,1.5732
26,0.9
27,6.144
28,1.296
29,2.2016
30,2.49084
31,0.47
32,0.96
33,4.096
34,0.2662
35,0.5248
36,1.1184
37,0.3675
38,9.216
39,1.116
40,0.79884
41,0.912
42,1.41
43,0.99102
44,1.662
45,0.534
46,1.0875
47,3.071
48,0.614
49,1.54128
50,2.304
51,1.0224
52,1.60854
53,1.55832
54,1.296
55,1.38444
56,1.3944
57,0.576
58,3.97488
59,1.41
60,1.248
61,1.0101
62,1.3056
63,0.942
64,3.6
65,1.296
66,1.4
67,1.728
68,0.78
69,0.8576
70,0.44655
71,1.225
72,11.664
73,1.3008
74,1.9159
75,1.2672
76,1.26492
77,2.304
78,1.03148
79,2.5088
80,2.304
81,5.0688
82,1.296
83,1.54644
84,0.7992
85,1.06
86,0.2728
87,2.412
88,0.2816
89,1.599
90,1.728
91,1.1914
92,1.728
93,1.6728
94,4.032
95,1.86
96,1.728
97,1.405
98,1.23664
99,2.304
100,2.304
101,0.3425
102,1.87
103,0.56882
104,1.296
105,0.3696
106,0.896
107,2.022
108,0.507
109,1.21512
110,2.304
111,2.16132
112,2.9952
113,1.2768
114,1.68
115,0.82
116,0.79875
117,1.2576
118,1.296
119,1.14554
120,0.3718
121,1.9
122,2.304
123,1.0656
124,0.768
125,3.00288
126,2.0
127,0.4176
128,1.12
129,4.824
130,1.296
131,1.405
132,0.484
133,0.968
134,1.4
135,0.684
136,1.2528
137,0.9792
138,0.21168
139,2.13
140,1.46
141,1.405
142,0.8784
143,0.396
144,0.9695
145,0.60025
146,1.7568
147,1.296
148,2.90072
149,1.296
150,0.4508
151,2.844
152,20.736
153,1.596
154,1.5236
155,1.06
156,0.83
157,2.43656
158,0.2706
159,2.844
160,0.576
161,0.3168
162,0.56169
163,1.2
164,0.6588
165,1.2384
166,1.405
167,0.896
168,1.956
169,0.551
170,0.67308
171,1.15776
172,0.475
173,0.80784
174,0.5792
175,1.5552
176,0.39767
177,3.008
178,1.296
179,2.464
180,0.6048
181,2.44281
182,2.5
183,2.43136
184,1.1396
185,1.7856
186,1.11
187,2.2144
188,0.534
189,0.714
190,1.8432
191,1.0432
192,2.7792
193,2.844
194,1.7376
195,1.92
196,1.296
197,1.3008
198,1.536
199,2.06216
200,0.57096
201,1.68
202,0.7272
203,0.768
204,2.33064
205,0.576
206,0.5456
207,1.0797
208,1.405
209,1.866
210,2.2912
211,0.4796
212,1.41616
213,2.844
214,0.256
215,1.296
216,2.5
217,0.524
218,1.3
219,1.3944
220,0.83
221,1.064
222,0.868
223,1.44
224,3.6
225,1.045
226,0.49
227,0.84
228,0.79316
229,0.57
230,0.98106
231,1.05
232,0.484
233,1.2384
234,1.38444
235,0.664
236,0.4424
237,1.728
238,0.768
239,1.405
240,1.2912
241,0.99552
242,1.296
243,1.296
244,0.678
245,0.614
246,1.2864
247,0.2728
248,1.47456
249,1.1375
250,0.55
251,1.296
252,0.712
253,0.738
254,1.3944
255,2.187
256,10.03128
257,1.38444
258,1.3944
259,2.1248
260,0.96475
261,1.405
262,0.43384
263,2.7
264,2.59896
265,1.296
266,0.708
267,0.768
268,0.712
269,0.67344
270,1.5236
271,2.048
272,0.576
273,0.92
274,2.04752
275,2.946
276,2.8334
277,1.15926
278,1.89
279,0.3652
280,0.34545
281,2.028
282,1.296
283,0.48682
284,3.072
285,2.7
286,0.484
287,2.648
288,1.296
289,0.67308
290,1.808
291,1.728
292,2.9088
293,1.083
294,1.33962
295,0.9
296,0.43264
297,1.3
298,7.5008
299,1.0
300,0.96832
301,1.075
302,1.405
303,1.305
304,2.2
305,1.224
306,1.33962
307,0.97137
308,1.78284
309,2.656
310,0.363
311,8.61674
312,1.16736
313,1.4625
314,1.6112
315,1.28982
316,1.18
317,0.576
318,1.3944
319,2.7
320,4.6614
321,2.304
322,3.1424
323,2.028
324,1.1075
325,0.9
326,0.768
327,2.9388
328,0.9
329,1.2432
330,0.5126
331,1.8304
332,2.304
333,1.2288
334,1.495
335,1.69476
336,1.20018
337,2.304
338,0.93
339,1.7664
340,5.184
341,1.0605
342,1.305
343,2.934
344,0.9
345,1.296
346,0.363
347,0.712
348,1.09648
349,1.631
350,1.143
351,0.96
352,1.7568
353,0.6215
354,1.296
355,1.5408
356,1.7664
357,0.20382
358,1.41746
359,0.4368
360,2.028
361,1.518
362,0.74
363,2.97024
364,1.2768
365,1.296
366,1.68
367,2.48004
368,0.35
369,0.7272
370,2.1376
371,1.6608
372,1.296
373,1.296
374,0.79125
375,2.304
376,0.76875
377,2.1216
378,1.3
379,0.91936
380,2.304
381,4.096
382,2.57094
383,1.2672
384,1.37448
385,0.564
386,0.2442
387,0.54
388,0.712
389,1.296
390,1.248
391,2.47016
392,2.16855
393,1.168
394,3.36
395,1.296
396,0.47916
397,0.3248
398,0.8
399,1.665
400,1.296
401,1.007
402,1.248
403,0.9408
404,1.728
405,0.812
406,0.68
407,1.4309
408,0.77175
409,0.697
410,1.2192
411,0.712
412,1.296
413,0.972
414,0.784
415,0.80192
416,2.025
417,4.42672
418,0.48265
419,2.5
420,4.42672
421,1.33464
422,1.10888
423,1.10995
424,0.948
425,0.94794
426,4.42672
427,6.87232
428,2.296
429,0.904
430,1.296
431,1.3944
432,1.296
433,1.944
434,1.14975
435,0.75
436,1.3008
437,0.343
438,1.31472
439,2.5
440,1.95408
441,0.99552
442,0.3938
443,0.3564
444,1.25
445,2.62656
446,0.9
447,1.296
448,0.9984
449,0.484
450,3.33
451,1.296
452,0.6215
453,1.405
454,0.97
455,1.39
456,1.3104
457,2.028
458,1.728
459,0.52074
460,1.045
461,2.9824
462,3.97488
463,0.9248
464,1.3776
465,2.64872
466,0.576
467,3.6864
468,1.68
469,0.266
470,2.48004
471,1.21512
472,2.178
473,1.42848
474,1.296
475,1.85
476,2.304
477,1.41
478,0.3036
479,0.589
480,0.66
481,1.1952
482,1.296
483,1.70159
484,1.748
485,0.4165
486,0.3696
487,1.17132
488,1.296
489,0.9695
490,0.80032
491,1.2288
492,0.67914
493,1.25
494,0.297
495,0.69825
496,1.728
497,2.48832
498,1.2
499,1.728
500,0.4796
501,2.304
502,1.485
503,1.055
504,1.728
505,5.62
506,0.8184
507,1.521
508,0.65207
509,1.565
510,2.028
511,1.296
512,1.296
513,2.43024
514,0.9152
515,1.1125
516,3.072
517,1.296
518,1.3944
519,1.296
520,0.958
521,0.3608
522,5.2334
523,1.2816
524,1.38
525,3.52377
526,0.4554
527,2.028
528,1.0395
529,0.34472
530,0.9
531,1.152
532,2.304
533,2.016
534,1.7328
535,1.296
536,1.0875
537,1.1076
538,1.5996
539,2.751
540,1.2576
541,1.875
542,1.20384
543,0.9696
544,0.904
545,2.40672
546,1.335
547,0.5
548,0.51072
549,1.42
550,0.6048
551,2.025
552,0.96
553,2.304
554,0.7168
555,0.67335
556,0.612
557,0.3525
558,2.5
559,2.304
560,1.7118
561,0.96
562,1.296
563,1.3344
564,0.96
565,1.0797
566,2.028
567,1.296
568,0.675
569,1.7408
570,1.5236
571,0.4
572,1.6128
573,1.655
574,0.59616
575,1.168
576,1.324
577,2.05176
578,0.3872
579,1.8096
580,2.304
581,1.5236
582,0.484
583,1.53115
584,0.564
585,0.93808
586,0.59536
587,0.711
588,1.2432
589,0.484
590,2.97024
591,0.3925
592,2.304
593,3.04
594,1.3248
595,1.055
596,0.5742
597,1.405
598,2.304
599,1.2816
600,2.0835
601,5.9619
602,0.4368
603,0.768
604,1.02588
605,1.035
606,1.485
607,1.15
608,0.675
609,0.9248
610,1.90236
611,1.2432
612,2.028
613,0.9
614,1.296
615,1.296
616,1.2
617,0.34
618,0.85344
619,0.512
620,1.377
621,0.45872
622,2.79
623,1.296
624,1.1921
625,1.296
626,0.2816
627,0.57575
628,1.206
629,2.192
630,1.235
631,0.1936
632,2.028
633,2.304
634,1.80276
635,0.7992
636,2.2912
637,1.296
638,0.6357
639,1.23
640,0.404
641,3.888
642,2.35644
643,0.374
644,4.096
645,1.13977
646,1.296
647,0.75504
648,1.2912
649,1.6896
650,1.287
651,0.718
652,1.728
653,1.92
654,0.97443
655,0.507
656,1.0875
657,0.47916
658,1.296
659,1.2912
660,0.45384
661,3.45644
662,1.06
663,1.8
664,1.395
665,2.2336
666,1.41
667,0.77539
668,0.672
669,8.8448
670,0.9
671,1.296
672,1.0368
673,0.9205
674,1.4004
675,1.405
676,0.5145
677,1.248
678,0.6138
679,1.6
680,1.345
681,0.9
682,1.35
683,3.072
684,0.6272
685,1.296
686,1.48
687,1.66212
688,0.852
689,1.65
690,1.16874
691,1.26592
692,0.614
693,1.75582
694,1.11
695,1.464
696,1.3632
697,0.68796
698,1.0704
699,1.34312
700,1.055
701,0.4
702,1.296
703,3.456
704,1.728
705,1.14432
706,0.637
707,2.0
708,1.11
709,0.658
710,1.4018
711,1.296
712,3.08025
713,0.3938
714,1.1025
715,0.65207
716,0.6685
717,1.3008
718,1.35
719,1.40625
720,0.53
721,1.296
722,1.5847
723,7.0048
724,2.9088
725,1.728
726,0.6762
727,1.3317
728,1.055
729,0.788
730,1.5714
731,1.4
732,1.2336
733,0.954
734,1.04
735,1.2384
736,1.41
737,3.4176
738,0.837
739,0.502
740,1.57344
741,0.735
742,1.728
743,1.0
744,0.6762
745,1.296
746,0.36505
747,1.14
748,1.296
749,0.71444
750,0.5728
751,1.89
752,0.97443
753,0.343
754,5.184
755,11.664
756,1.405
757,1.536
758,2.1696
759,0.676
760,1.0
761,1.8675
762,1.0
763,0.896
764,1.30476
765,1.285
766,0.224
767,0.13041
768,1.0
769,1.28104
770,2.3904
771,1.30476
772,0.534
773,1.728
774,9.216
775,1.3384
776,2.03136
777,0.534
778,1.25
779,2.70336
780,1.728
781,0.30975
782,0.9152
783,1.905
784,1.405
785,1.54867
786,2.3168
787,1.25
788,1.728
789,1.09116
790,1.38444
791,2.304
792,1.728
793,1.296
794,1.728
795,0.60025
796,0.6272
797,1.2038
798,1.3104
799,1.865
800,1.85754
801,1.35
802,0.3525
803,6.71772
804,0.513
805,1.86
806,1.296
807,2.758
808,1.2768
809,1.971
810,0.872
811,1.064
812,0.598
813,0.92
814,0.7
815,1.055
816,0.256
817,1.7568
818,1.024
819,0.624
820,1.7328
821,1.2
822,0.377
823,0.7308
824,0.3234
825,1.6416
826,1.728
827,1.296
828,0.50625
829,2.028
830,1.905
831,0.53766
832,1.296
833,2.304
834,1.296
835,3.5392
836,0.8992
837,0.768
838,1.41
839,0.55752
840,1.405
841,3.0675
842,1.296
843,1.12
844,1.4
845,0.3675
846,1.95216
847,1.18
848,0.904
849,0.3888
850,1.485
851,1.54008
852,0.49
853,1.05078
854,0.5954
855,0.948
856,0.96
857,0.8928
858,2.304
859,1.296
860,2.028
861,1.728
862,0.86
863,0.84
864,1.2864
865,0.52138
866,1.296
867,1.4
868,1.1798
869,1.296
870,2.028
871,0.484
872,1.03
873,1.405
874,0.5632
875,0.1188
876,1.275
877,1.77276
878,0.59
879,20.736
880,0.9
881,1.665
882,1.52388
883,2.304
884,1.25
885,0.45384
886,1.518
887,1.29
888,1.248
889,1.866
890,1.40219
891,0.278
892,0.65912
893,0.7272
894,2.9184
895,1.296
896,0.44
897,0.6888
898,1.405
899,0.822
900,3.072
901,1.296
902,0.95816
903,1.01016
904,1.36
905,0.256
906,0.3675
907,1.01575
908,0.98384
909,1.70324
910,0.74256
911,0.708
912,1.6272
913,0.55
914,1.37858
915,1.14975
916,1.0797
917,1.00548
918,2.304
919,2.304
920,0.6909
921,6.99048
922,0.51
923,0.5902
924,0.678
925,0.768
926,1.70752
927,1.296
928,1.269
929,0.4704
930,1.0224
931,1.085
932,0.8955
933,0.9205
934,1.30738
935,2.6772
936,3.2
937,0.77
938,1.39
939,1.405
940,0.54912
941,1.85445
942,1.024
943,1.296
944,1.1452
945,0.694
946,0.87465
947,0.5338
948,1.0608
949,0.57879
950,0.68
951,0.9
952,1.065
953,1.68
954,1.215
955,1.296
956,2.304
957,0.89434
958,1.51
959,1.40436
960,1.296
961,0.96
962,0.9
963,0.6744
964,0.4
965,1.728
966,0.2684
967,1.296
968,0.35
969,1.92
970,0.396
971,1.296
972,1.2576
973,1.296
974,1.296
975,0.4165
976,4.096
977,1.345
978,0.768
979,1.755
980,1.5236
981,2.304
982,2.5
983,3.6
984,2.5575
985,1.7376
986,0.9216
987,0.48705
988,1.2864
989,1.296
990,1.812
991,1.47968
992,0.9792
993,0.67308
994,1.6
995,2.0169
996,0.343
997,1.6848
998,0.65912
999,1.405
1000,1.2192
1001,1.60457
1002,1.2
1003,1.4432
1004,1.04
1005,0.846
1006,0.8575
1007,1.764
1008,1.3888
1009,0.924
1010,1.0
1011,1.125
1012,0.48705
1013,0.924
1014,0.67308
1015,1.242
1016,1.2576
1017,2.5912
1018,2.304
1019,1.92
1020,0.576
1021,1.728
1022,1.6944
1023,2.7264
1024,1.96608
1025,0.68
1026,2.1984
1027,0.6
1028,2.24
1029,2.5992
1030,1.296
1031,0.588
1032,1.3944
1033,0.74646
1034,1.3104
1035,2.352
1036,1.3275
1037,0.62928
1038,0.978
1039,1.65792
1040,2.304
1041,0.712
1042,2.934
1043,1.2864
1044,0.924
1045,1.08
1046,2.5
1047,1.296
1048,1.296
1049,1.196
1050,0.4116
1051,1.728
1052,2.5
1053,1.29368
1054,1.296
1055,1.39
1056,2.379
1057,0.8775
1058,0.7308
1059,1.54468
1060,1.685
1061,4.00675
1062,0.534
1063,1.325
1064,2.9088
1065,1.296
1066,0.904
1067,1.2864
1068,1.42428
1069,0.96
1070,2.6044
1071,1.296
1072,1.221
1073,0.4424
1074,1.50528
1075,2.5
1076,0.4352
1077,2.24082
1078,1.728
1079,2.028
1080,2.028
1081,0.54635
1082,0.924
1083,0.432
1084,1.88
1085,2.304
1086,1.47456
1087,1.296
1088,0.532
1089,0.488
1090,2.916
1091,0.51
1092,0.3403
1093,1.2864
1094,1.0788
1095,0.504
1096,1.14042
1097,2.016
1098,1.19022
1099,0.728
1100,0.484
1101,1.2864
1102,0.4824
1103,3.072
1104,3.4496
1105,1.47725
1106,0.6365
1107,2.304
1108,1.92
1109,0.4824
1110,4.83
1111,1.6416
1112,0.9504
1113,1.296
1114,1.11
1115,1.728
1116,2.2848
1117,1.728
1118,1.33464
1119,2.304
1120,2.304
1121,0.87465
1122,1.705
1123,1.41
1124,0.864
1125,0.675
1126,1.296
1127,0.672
1128,0.65207
1129,1.296
1130,1.44
1131,0.84216
1132,3.0
1133,0.944
1134,0.256
1135,0.4288
1136,0.4853
1137,1.296
1138,0.904
1139,1.3008
1140,0.256
1141,0.507
1142,1.296
1143,1.4
1144,0.6976
1145,0.672
1146,0.825
1147,1.5847
1148,0.872
1149,1.2912
1150,1.82329
1151,0.31356
1152,1.06575
1153,1.296
1154,0.904
1155,0.768
1156,0.6321
1157,1.728
1158,1.0209
1159,0.53165
1160,1.37
1161,1.66464
1162,1.152
1163,2.23744
1164,0.868
1165,1.04
1166,0.532
1167,1.875
1168,1.296
1169,1.125
1170,1.296
1171,1.248
1172,1.296
1173,0.5346
1174,0.484
1175,1.3392
1176,0.896
1177,0.8987
1178,0.86853
1179,1.05
1180,1.225
1181,1.92
1182,0.53295
1183,1.9008
1184,0.3904
1185,1.25
1186,0.256
1187,1.7664
1188,1.1
1189,0.736
1190,2.304
1191,1.2864
1192,1.1275
1193,1.2395
1194,1.095
1195,0.6509
1196,0.768
1197,4.096
1198,0.824
1199,0.94535
1200,1.521
1201,0.576
1202,0.652
1203,2.34558
1204,0.972
1205,1.17856
1206,0.2706
1207,1.4208
1208,1.728
1209,1.2432
1210,0.3381
1211,1.0272
1212,1.3152
1213,7.78211
1214,2.0
1215,0.21316
1216,1.035
1217,0.7995
1218,1.3524
1219,1.536
1220,0.9
1221,1.4112
1222,0.6784
1223,1.2384
1224,1.0875
1225,1.296
1226,2.81
1227,1.6
1228,1.14432
1229,1.1585
1230,0.91186
1231,2.952
1232,0.3
1233,2.20116
1234,0.60025
1235,0.3888
1236,0.87
1237,20.6592
1238,2.016
1239,0.23111
1240,0.3675
1241,1.0
1242,1.296
1243,1.08
1244,1.296
1245,1.728
1246,1.296
1247,0.693
1248,0.69084
1249,0.974
1250,1.2
1251,1.296
1252,0.308
1253,0.64
1254,3.072
1255,1.88
1256,0.768
1257,4.563
1258,1.344
1259,1.248
1260,1.8432
1261,1.296
1262,2.58996
1263,1.28
1264,1.296
1265,1.296
1266,1.6752
1267,1.296
1268,0.768
1269,1.2864
1270,1.36
1271,0.625
1272,2.304
1273,1.405
1274,0.67914
1275,1.296
1276,0.60025
1277,0.6848
1278,0.458
1279,2.028
1280,0.768
1281,1.1904
1282,0.51012
1283,2.304
1284,0.7272
1285,3.464
1286,1.11946
1287,0.3936
1288,0.71316
1289,1.296
1290,0.375
1291,1.095
1292,1.29
1293,0.60025
1294,2.204
1295,2.5
1296,0.708
1297,1.0707
1298,1.1046
1299,0.4075
1300,1.248
1301,1.728
1302,2.304
1303,1.12896
1304,6.075
1305,0.9152
1306,10.0352
1307,0.79794
1308,2.304
1309,0.768
1310,1.296
1311,1.0464
1312,1.248
1313,2.7
1314,0.6384
1315,1.076
1316,5.29984
1317,1.1808
1318,1.74556
1319,2.448
1320,0.5635
1321,2.916
1322,0.44517
1323,1.728
1324,1.0875
1325,0.9
1326,0.256
1327,2.304
1328,1.36
1329,2.304
1330,0.507
1331,1.296
1332,3.072
1333,0.67308
1334,0.99677
1335,0.9984
1336,2.9484
1337,2.2976
1338,1.2768
1339,1.40625
1340,5.55
1341,2.3296
1342,1.3916
1343,1.089
1344,1.36
1345,1.296
1346,2.028
1347,1.248
1348,2.304
1349,0.484
1350,0.576
1351,0.8085
1352,1.296
1353,1.065
1354,1.405
1355,2.1632
1356,0.5472
1357,0.9595
1358,1.296
1359,0.51728
1360,0.51456
1361,1.2576
1362,0.6446
1363,0.576
1364,0.576
1365,0.576
1366,0.66992
1367,0.396
1368,1.32
1369,1.22815
1370,1.296
1371,3.5802
1372,1.405
1373,3.456
1374,0.5655
1375,1.2528
1376,0.7272
1377,1.296
1378,1.152
1379,1.1856
1380,2.2976
1381,0.9
1382,0.4325
1383,0.4736
1384,0.768
1385,0.6848
1386,1.6375
1387,0.7308
1388,1.4
1389,0.82565
1390,1.098
1391,1.25664
1392,1.8048
1393,1.42
1394,1.47456
1395,3.8592
1396,0.82944
1397,1.368
1398,0.51072
1399,1.205
1400,1.728
1401,9.216
1402,1.79
1403,1.065
1404,0.688
1405,1.44
1406,1.145
1407,0.49
1408,1.3104
1409,0.73788
1410,3.456
1411,1.296
1412,1.375
1413,1.47456
1414,1.134
1415,0.96
1416,2.50328
1417,1.2768
1418,1.7424
1419,3.888
1420,2.2416
1421,2.67904
1422,1.4
1423,2.304
1424,1.77225
1425,1.05
1426,0.3776
1427,1.296
1428,1.405
1429,0.9408
1430,0.9
1431,0.9252
1432,0.576
1433,1.405
1434,1.7664
1435,1.1385
1436,2.175
1437,1.296
1438,1.7472
1439,1.075
1440,0.64807
1441,1.56031
1442,3.168
1443,0.3102
1444,0.495
1445,0.729
1446,1.6
1447,1.5216
1448,3.9456
1449,1.68
1450,0.59888
1451,0.343
1452,0.9
1453,2.022
1454,1.152
1455,1.27
1456,0.75802
1457,1.296
1458,1.296
1459,0.90738
1460,0.2816
1461,2.304
1462,1.3944
1463,2.028
1464,0.5635
1465,1.536
1466,1.405
1467,0.768
1468,1.3872
1469,1.296
1470,1.5168
1471,1.54644
1472,1.03
1473,0.768
1474,1.04
1475,0.67308
1476,0.675
1477,0.87074
1478,0.4242
1479,2.2336
1480,1.5456
1481,1.0848
1482,2.97024
1483,0.56225
1484,3.6
1485,2.916
1486,1.536
1487,0.914
1488,1.728
1489,0.90738
1490,1.728
1491,0.4576
1492,1.296
1493,1.6362
1494,3.97488
1495,2.78784
1496,2.7328
1497,0.3185
1498,1.33952
1499,0.693
1500,1.2432
1501,2.12576
1502,0.44835
1503,1.296
1504,0.96
1505,0.44896
1506,0.266
1507,0.3318
1508,1.127
1509,1.296
1510,0.8155
1511,0.896
1512,1.92
1513,0.72159
1514,1.0
1515,1.0464
1516,2.48004
1517,2.7
1518,2.4512
1519,0.225
1520,9.216
1521,0.9408
1522,1.38
1523,3.97488
1524,1.296
1525,3.7248
1526,0.2552
1527,0.2508
1528,1.05078
1529,1.24002
1530,1.2
1531,1.38444
1532,1.388
1533,1.18
1534,2.028
1535,0.48
1536,1.512
1537,1.12896
1538,0.97137
1539,0.44655
1540,2.48004
1541,1.2
1542,1.4112
1543,1.5847
1544,2.72
1545,1.38444
1546,0.40425
1547,1.3014
1548,0.72644
1549,1.6896
1550,1.064
1551,0.96
1552,0.96832
1553,0.40425
1554,0.65392
1555,0.52864
1556,0.44655
1557,0.4368
1558,1.4496
1559,1.296
1560,1.296
1561,1.248
1562,1.2
1563,2.41408
1564,0.51728
1565,0.66542
1566,1.1352
1567,0.864
1568,2.94
1569,2.028
1570,0.6804
1571,1.1856
1572,1.296
1573,0.3525
1574,0.96992
1575,2.1638
1576,1.7376
1577,0.76384
1578,1.296
1579,1.1
1580,1.2528
1581,1.2
1582,0.82419
1583,0.43771
1584,1.296
1585,1.1568
1586,1.385
1587,0.96
1588,2.32704
1589,1.2432
1590,0.89976
1591,0.13041
1592,0.904
1593,1.728
1594,0.8304
1595,2.74137
1596,0.57702
1597,1.03293
1598,1.475
1599,0.912
1600,0.672
1601,1.8204
1602,3.1672
1603,0.3185
1604,2.97024
1605,4.9
1606,0.8294
1607,1.728
1608,0.81793
1609,1.85256
1610,2.025
1611,1.92
1612,0.639
1613,0.363
1614,0.88308
1615,1.296
1616,0.8307
1617,2.06976
1618,1.015
1619,1.296
1620,0.4824
1621,0.9248
1622,1.296
1623,3.0788
1624,1.8432
1625,0.904
1626,1.36
1627,1.9
1628,0.56066
1629,1.6512
1630,1.296
1631,1.2096
1632,0.99
1633,0.218
1634,1.405
1635,0.13041
1636,0.99102
1637,1.68324
1638,0.99552
1639,0.5075
1640,1.55
1641,1.812
1642,2.50328
1643,0.484
1644,1.405
1645,1.86
1646,1.4848
1647,1.928
1648,1.855
1649,0.3363
1650,0.30294
1651,2.016
1652,1.812
1653,0.48548
1654,1.296
1655,1.14019
1656,4.32
1657,1.728
1658,0.7
1659,0.58384
1660,0.768
1661,9.216
1662,2.58996
1663,1.69
1664,1.1
1665,1.28982
1666,0.576
1667,1.875
1668,1.7424
1669,1.296
1670,1.728
1671,0.39674
1672,1.5
1673,1.69275
1674,1.15364
1675,1.405
1676,0.6816
1677,1.024
1678,2.9088
1679,1.325
1680,0.60025
1681,2.916
1682,0.432
1683,1.0458
1684,1.405
1685,1.7184
1686,1.325
1687,0.507
1688,0.756
1689,1.375
1690,0.48705
1691,1.6
1692,0.53133
1693,0.7455
1694,1.452
1695,0.81809
1696,1.075
1697,0.89434
1698,0.79125
1699,0.5896
1700,0.8738
1701,0.588
1702,1.41
1703,1.095
1704,1.368
1705,0.70224
1706,4.096
1707,1.7176
1708,1.2369
1709,0.79794
1710,1.3684
1711,1.155
1712,1.296
1713,1.128
1714,0.574
1715,2.028
1716,2.046
1717,1.7184
1718,0.2068
1719,1.3944
1720,1.134
1721,1.161
1722,0.52268
1723,0.396
1724,1.728
1725,0.50176
1726,0.693
1727,1.728
1728,0.64125
1729,0.7584
1730,0.446
1731,0.528
1732,0.39935
1733,0.8
1734,1.296
1735,1.405
1736,1.1284
1737,1.05196
1738,1.1115
1739,5.184
1740,1.95
1741,1.405
1742,0.96
1743,1.3632
1744,1.2
1745,1.92
1746,6.77544
1747,0.4675
1748,0.3675
1749,1.296
1750,1.05996
1751,1.296
1752,1.369
1753,1.52388
1754,1.52388
1755,1.575
1756,1.296
1757,1.21568
1758,0.55125
1759,0.4675
1760,1.2672
1761,0.688
1762,1.296
1763,0.4
1764,1.86
1765,0.36015
1766,1.296
1767,1.296
1768,0.7252
1769,1.1305
1770,0.768
1771,0.9765
1772,0.5376
1773,1.152
1774,0.507
1775,4.50576
1776,0.3796
1777,1.5847
1778,0.49235
1779,1.52004
1780,1.296
1781,1.5839
1782,1.296
1783,1.296
1784,0.9936
1785,0.40425
1786,1.2864
1787,1.9632
1788,1.2384
1789,0.8428
1790,1.296
1791,2.58996
1792,1.4729
1793,1.14808
1794,0.13041
1795,1.41432
1796,1.728
1797,1.58862
1798,1.296
1799,1.4256
1800,0.49
1801,0.531
1802,0.9
1803,1.39
1804,0.768
1805,1.14948
1806,1.0872
1807,1.06384
1808,0.7308
1809,2.304
1810,1.07
1811,0.548
1812,0.9486
1813,1.5
1814,1.3944
1815,0.5038
1816,1.5
1817,3.072
1818,0.8798
1819,0.432
1820,1.295
1821,1.04
1822,0.67375
1823,1.296
1824,0.655
1825,0.1188
1826,1.296
1827,0.90738
1828,1.296
1829,0.54
1830,1.296
1831,1.248
1832,2.304
1833,2.33128
1834,1.39
1835,0.8
1836,1.728
1837,1.6992
1838,1.296
1839,1.296
1840,1.33464
1841,1.2912
1842,1.41
1843,0.9
1844,1.296
1845,0.4704
1846,4.608
1847,2.5
1848,0.8325
1849,0.68
1850,2.9088
1851,1.296
1852,1.296
1853,2.592
1854,5.184
1855,0.2512
1856,2.304
1857,2.43216
1858,0.4
1859,0.768
1860,0.896
1861,0.343
1862,0.79818
1863,2.028
1864,1.685
1865,1.296
1866,1.405
1867,1.296
1868,0.9
1869,1.75
1870,1.58
1871,0.95976
1872,2.7584
1873,1.0704
1874,1.405
1875,1.6
1876,1.2408
1877,0.2706
1878,2.97024
1879,0.286
1880,0.2728
1881,1.296
1882,0.728
1883,1.1
1884,1.296
1885,0.65207
1886,2.034
1887,2.26772
1888,4.16486
1889,2.028
1890,4.0944
1891,1.296
1892,2.2032
1893,0.6912
1894,2.916
1895,1.19716
1896,1.405
1897,1.812
1898,0.82944
1899,2.289
1900,0.3675
1901,1.39
1902,0.7254
1903,2.2104
1904,0.5194
1905,0.68
1906,0.9
1907,0.896
1908,1.875
1909,1.296
1910,0.15624
1911,1.2096
1912,1.296
1913,0.686
1914,0.768
1915,1.0043
1916,0.9
1917,1.3104
1918,0.6272
1919,1.728
1920,1.296
1921,4.14426
1922,0.30976
1923,0.6272
1924,3.072
1925,0.576
1926,1.07352
1927,1.375
1928,0.6895
1929,2.808
1930,1.9728
1931,0.9
1932,1.7184
1933,1.296
1934,1.82
1935,2.9088
1936,0.522
1937,0.71824
1938,0.081
1939,0.4116
1940,0.768
1941,0.80115
1942,1.4925
1943,1.415
1944,1.728
1945,1.2672
1946,0.4508
1947,0.672
1948,1.38444
1949,1.47168
1950,1.296
1951,1.296
1952,2.304
1953,0.5285
1954,0.531
1955,1.488
1956,1.96608
1957,2.2144
1958,1.944
1959,0.9312
1960,0.9792
1961,2.304
1962,1.15
1963,0.6832
1964,0.576
1965,1.1616
1966,1.296
1967,1.7136
1968,0.80115
1969,2.9088
1970,1.405
1971,1.8426
1972,2.56036
1973,1.355
1974,2.31
1975,1.01376
1976,1.0494
1977,1.914
1978,0.60025
1979,0.507
1980,0.47336
1981,0.8
1982,0.266
1983,0.7315
1984,0.49
1985,0.6027
1986,1.296
1987,1.2864
1988,1.296
1989,0.768
1990,1.3095
1991,0.7548
1992,1.10088
1993,0.78076
1994,1.2864
1995,1.47147
1996,0.39767
1997,0.708
1998,0.5856
1999,1.2288
2000,0.34
2001,0.99375
2002,0.71
2003,0.256
2004,1.7756
2005,0.92
2006,1.405
2007,1.25
2008,0.864
2009,0.9248
2010,1.4
2011,0.576
2012,0.74052
2013,0.73712
2014,0.49
2015,0.768
2016,0.6195
2017,0.9912
2018,1.296
2019,1.475
2020,1.41
2021,0.4292
2022,1.2
2023,7.37836
2024,0.73188
2025,1.4
2026,0.932
2027,1.296
2028,2.304
2029,0.392
2030,0.71824
2031,3.072
2032,0.876
2033,0.44345
2034,1.5281
2035,1.068
2036,0.392
2037,0.875
2038,1.11
2039,0.9144
2040,2.7968
2041,0.819
2042,0.60025
2043,1.296
2044,1.8734
2045,0.3675
2046,1.12896
2047,1.25
2048,1.919
2049,2.4535
2050,1.35
2051,0.13041
2052,0.396
2053,1.70316
2054,1.0
2055,0.69296
2056,1.5827
2057,2.2656
2058,2.028
2059,0.35525
2060,0.9696
2061,1.2
2062,1.00048
2063,0.625
2064,1.296
2065,2.304
2066,1.5312
2067,0.9
2068,0.76384
2069,1.295
2070,1.296
2071,1.415
2072,0.504
2073,0.576
2074,1.296
2075,1.285
2076,1.728
2077,9.216
2078,0.8
2079,0.72
2080,0.6528
2081,1.065
2082,1.405
2083,0.7416
2084,2.304
2085,1.4976
2086,1.42
2087,1.728
2088,0.41525
2089,1.296
2090,1.11
2091,1.875
2092,2.07
2093,1.11135
2094,0.8192
2095,0.9912
2096,1.405
2097,1.345
2098,0.52
2099,6.576
2100,1.1798
2101,1.512
2102,1.296
2103,1.5
2104,1.11
2105,1.10224
2106,2.304
2107,2.304
2108,3.0624
2109,1.42
2110,0.3784
2111,2.7968
2112,2.5
2113,2.16
2114,0.99099
2115,1.92726
2116,1.512
2117,1.405
2118,2.304
2119,0.76383
2120,1.6416
2121,1.27687
2122,3.888
2123,1.325
2124,1.866
2125,5.29984
2126,5.0688
2127,0.7524
2128,0.667
2129,7.32
2130,1.728
2131,1.28
2132,1.5
2133,0.609
2134,0.97664
2135,0.228
2136,1.3104
2137,1.521
2138,0.6804
2139,0.7992
2140,1.296
2141,1.3944
2142,1.647
2143,1.242
2144,1.41
2145,1.2624
2146,0.35
2147,2.304
2148,0.5792
2149,1.764
2150,1.1616
2151,2.028
2152,0.9
2153,0.972
2154,0.896
2155,1.93125
2156,0.3381
2157,1.15
2158,0.876
2159,0.79125
2160,1.248
2161,2.304
2162,2.47008
2163,0.8225
2164,1.265
2165,1.355
2166,1.0
2167,0.576
2168,0.078
2169,0.768
2170,1.6038
2171,1.41
2172,1.7472
2173,0.49344
2174,0.9828
2175,1.4675
2176,2.9088
2177,1.12056
2178,0.49344
2179,0.96
2180,5.184
2181,1.7028
2182,0.784
2183,0.892
2184,0.712
2185,1.296
2186,1.2912
2187,0.507
2188,0.9504
2189,0.712
2190,0.90738
2191,1.45728
2192,1.375
2193,0.48705
2194,2.028
2195,1.296
2196,1.2
2197,1.4448
2198,2.304
2199,1.728
2200,0.7272
2201,0.89505
2202,1.521
2203,1.25
2204,2.916
2205,1.055
2206,1.11
2207,1.098
2208,6.48
2209,1.20912
2210,1.97136
2211,2.304
2212,0.5472
2213,1.45
2214,0.345
2215,2.68799
2216,1.2096
2217,0.5
2218,0.13041
2219,1.025
2220,0.272
2221,0.7884
2222,0.9216
2223,1.2336
2224,1.728
2225,2.9088
2226,0.83834
2227,1.11
2228,0.96
2229,0.98
2230,1.44
2231,0.77924
2232,1.41
2233,2.392
2234,0.81648
2235,1.35
2236,0.675
2237,1.296
2238,2.175
2239,0.52
2240,1.10592
2241,1.405
2242,2.2464
2243,1.296
2244,2.5
2245,1.25
2246,0.6958
2247,0.535
2248,3.31776
2249,1.405
2250,1.405
2251,2.5
2252,1.3008
2253,1.12288
2254,0.144
2255,0.686
2256,0.6272
2257,3.464
2258,0.3
2259,1.296
2260,0.324
2261,1.385
2262,0.374
2263,1.875
2264,1.2864
2265,0.448
2266,1.866
2267,2.5205
2268,4.32
2269,1.2912
2270,1.41
2271,1.5456
2272,3.888
2273,1.105
2274,1.29368
2275,1.22
2276,1.405
2277,0.8344
2278,0.7656
2279,1.35
2280,0.666
2281,0.77056
2282,1.6416
2283,2.1888
2284,1.155
2285,0.39767
2286,0.6895
2287,1.7664
2288,0.84
2289,0.9
2290,1.2096
2291,0.896
2292,1.2192
2293,0.75602
2294,1.1
2295,1.296
2296,0.534
2297,1.296
2298,9.216
2299,1.37
2300,1.65
2301,4.07092
2302,1.0525
2303,0.91164
2304,0.441
2305,1.9332
2306,1.4471
2307,1.405
2308,1.2116
2309,1.405
2310,1.1475
2311,3.165
2312,1.08927
2313,3.4775
2314,1.27148
2315,1.08
2316,2.526
2317,1.065
2318,0.5915
2319,1.07
2320,1.7024
2321,0.768
2322,0.2664
2323,0.94864
2324,1.45065
2325,1.7376
2326,0.535
2327,0.625
2328,0.744
2329,1.20912
2330,1.705
2331,1.065
2332,1.11
2333,0.9695
2334,1.405
2335,0.9075
2336,1.62
2337,1.2
2338,1.035
2339,1.405
2340,0.9568
2341,1.275
2342,1.0224
2343,1.41
2344,1.272
2345,0.9568
2346,0.7245
2347,1.8432
2348,2.304
2349,0.9568
2350,0.77672
2351,2.2464
2352,0.96
2353,1.155
2354,0.576
2355,1.405
2356,2.7864
2357,1.345
2358,0.80192
2359,0.65675
2360,0.71824
2361,1.6416
2362,0.4292
2363,0.9
2364,2.90072
2365,1.14
2366,0.29412
2367,0.88479
2368,2.028
2369,1.2384
2370,0.664
2371,1.03584
2372,0.513
2373,0.96
2374,0.67308
2375,1.265
2376,1.52
2377,1.5456
2378,1.083
2379,0.232
2380,1.296
2381,0.896
2382,2.43588
2383,1.20843
2384,0.4545
2385,0.7272
2386,0.49
2387,2.2528
2388,0.9205
2389,2.272
2390,0.625
2391,2.272
2392,1.8576
2393,2.304
2394,1.11
2395,1.11
2396,0.96
2397,1.296
2398,0.768
2399,1.5847
2400,0.7488
2401,0.402
2402,0.603
2403,0.54
2404,1.21818
2405,2.022
2406,0.4557
2407,1.68
2408,1.2384
2409,1.296
2410,0.94864
2411,0.35
2412,1.295
2413,0.6816
2414,0.714
2415,1.3735
2416,0.4704
2417,0.768
2418,1.26
2419,0.39767
2420,0.82944
2421,1.2064
2422,1.3944
2423,1.25994
2424,1.27148
2425,0.8132
2426,0.65649
2427,1.08
2428,1.0
2429,0.60025
2430,1.3104
2431,1.2
2432,1.1
2433,1.63917
2434,1.296
2435,0.7252
2436,2.42952
2437,1.445
2438,0.535
2439,1.6284
2440,0.756
2441,1.74699
2442,0.45024
2443,1.7672
2444,0.39767
2445,1.405
2446,1.296
2447,1.0397
2448,1.325
2449,0.824
2450,4.8
2451,1.405
2452,2.022
2453,0.218
2454,1.12197
2455,1.64025
2456,1.405
2457,0.675
2458,3.89376
2459,0.5368
2460,0.4884
2461,1.2816
2462,1.41
2463,3.045
2464,1.475
2465,1.85754
2466,1.085
2467,1.9
2468,0.69825
2469,1.296
2470,1.7
2471,0.4067
2472,0.58101
2473,1.296
2474,1.308
2475,2.601
2476,1.296
2477,1.405
2478,1.3
2479,1.72
2480,1.38444
2481,1.296
2482,2.59316
2483,1.296
2484,1.518
2485,0.768
2486,1.272
2487,1.495
2488,1.0209
2489,1.00596
2490,1.296
2491,1.296
2492,1.43213
2493,1.875
2494,1.296
2495,0.591
2496,1.325
2497,3.39066
2498,1.33464
2499,1.24002
2500,0.71232
2501,0.495
2502,1.065
2503,1.6452
2504,1.0
2505,1.442
2506,0.9555
2507,0.52185
2508,0.8798
2509,1.44
2510,2.63144
2511,0.368
2512,0.54145
2513,3.97488
2514,0.43326
2515,0.60025
2516,1.17
2517,0.534
2518,1.0176
2519,1.2816
2520,1.728
2521,1.405
2522,6.28992
2523,1.296
2524,0.904
2525,1.015
2526,1.05375
2527,0.42875
2528,1.395
2529,9.2032
2530,0.3
2531,1.17808
2532,1.6077
2533,1.5
2534,0.396
2535,1.4352
2536,0.864
2537,1.1385
2538,0.9312
2539,0.5764
2540,0.81648
2541,1.296
2542,2.028
2543,3.0226
2544,2.304
2545,0.924
2546,0.92475
2547,0.918
2548,1.599
2549,0.688
2550,0.45325
2551,1.296
2552,0.58782
2553,1.6416
2554,0.9648
2555,2.304
2556,0.892
2557,1.405
2558,1.05
2559,0.6528
2560,1.42378
2561,6.762
2562,1.785
2563,1.9035
2564,0.7308
2565,0.87584
2566,1.296
2567,1.296
2568,1.2768
2569,0.6336
2570,0.89505
2571,0.7648
2572,1.152
2573,0.8398
2574,0.554
2575,0.86632
2576,0.9984
2577,1.62
2578,1.25
2579,0.8126
2580,0.4
2581,0.576
2582,0.396
2583,1.68
2584,2.028
2585,1.04
2586,1.296
2587,1.7568
2588,0.46854
2589,1.14432
2590,1.296
2591,2.751
2592,1.73
2593,1.25
2594,2.304
2595,0.52185
2596,1.296
2597,0.62001
2598,1.2168
2599,1.6416
2600,1.1798
2601,0.6895
2602,1.05078
2603,0.6
2604,1.68
2605,1.275
2606,0.4165
2607,4.37248
2608,0.5478
2609,1.745
2610,1.7568
2611,2.304
2612,1.51
2613,1.89
2614,0.768
2615,1.25
2616,0.40425
2617,1.152
2618,1.2864
2619,1.0128
2620,0.9
2621,1.405
2622,0.45815
2623,0.4966
2624,0.486
2625,0.8325
2626,1.296
2627,0.768
2628,0.5125
2629,20.6592
2630,0.96
2631,0.9792
2632,0.441
2633,0.924
2634,1.0872
2635,2.209
2636,1.085
2637,0.688
2638,1.296
2639,1.296
2640,1.51872
2641,1.5552
2642,0.3
2643,1.2384
2644,0.53111
2645,1.405
2646,0.56925
2647,1.19496
2648,2.2272
2649,1.96
2650,1.0001
2651,0.7272
2652,1.3944
2653,1.89
2654,1.225
2655,1.2
2656,1.272
2657,0.6804
2658,1.92532
2659,1.405
2660,0.6441
2661,1.6
2662,2.7
2663,2.9088
2664,1.1868
2665,1.296
2666,0.3525
2667,1.065
2668,1.68
2669,0.5376
2670,1.62812
2671,0.9696
2672,0.48705
2673,0.855
2674,1.8432
2675,1.7664
2676,0.448
2677,0.3102
2678,0.42875
2679,1.34
2680,0.97902
2681,2.028
2682,1.28064
2683,1.205
2684,0.9168
2685,1.0
2686,0.768
2687,1.0304
2688,1.36
2689,0.768
2690,0.672
2691,3.6
2692,1.2432
2693,1.08
2694,2.379
2695,1.405
2696,0.49
2697,1.1132
2698,0.9
2699,1.296
2700,1.296
2701,1.3632
2702,1.22801
2703,0.896
2704,0.896
2705,1.296
2706,1.405
2707,1.35728
2708,1.296
2709,2.1568
2710,6.138
2711,1.296
2712,0.3234
2713,1.7712
2714,1.515
2715,0.404
2716,1.296
2717,1.7568
2718,0.71505
2719,0.82775
2720,0.226
2721,0.603
2722,1.296
2723,0.972
2724,1.5408
2725,2.028
2726,3.03968
2727,1.825
2728,1.296
2729,1.54
2730,1.11
2731,0.504
2732,1.296
2733,1.296
2734,0.44835
2735,1.272
2736,1.1104
2737,0.44655
2738,1.296
2739,2.304
2740,0.51
2741,2.844
2742,1.296
2743,1.095
2744,1.73712
2745,0.9248
2746,1.87
2747,1.2288
2748,0.4
2749,0.53655
2750,1.3944
2751,1.185
2752,9.216
2753,14.1264
2754,1.0
2755,1.86252
2756,1.584
2757,0.6237
2758,3.888
2759,0.3796
2760,0.35
2761,1.1075
2762,0.92538
2763,1.056
2764,1.0025
2765,1.5
2766,1.1385
2767,1.41
2768,3.072
2769,1.748
2770,1.083
2771,0.67344
2772,0.932
2773,1.1936
2774,1.03
2775,1.21
2776,0.924
2777,1.0
2778,1.728
2779,0.30975
2780,0.9
2781,1.0788
2782,1.4
2783,1.405
2784,0.53196
2785,1.224
2786,1.26084
2787,2.304
2788,1.296
2789,1.3317
2790,1.135
2791,1.296
2792,0.55632
2793,1.2672
2794,0.4
2795,1.2912
2796,1.0
2797,0.4165
2798,1.13148
2799,0.675
2800,0.7728
2801,0.7638
2802,0.33565
2803,1.00497
2804,0.50625
2805,3.6
2806,1.134
2807,0.35
2808,1.405
2809,0.688
2810,1.1385
2811,1.5184
2812,0.45276
2813,0.5
2814,1.644
2815,1.215
2816,0.8
2817,1.71072
2818,1.143
2819,0.52155
2820,2.016
2821,1.395
2822,1.33764
2823,1.024
2824,0.88
2825,2.086
2826,0.87904
2827,1.695
2828,1.2675
2829,1.125
2830,0.9456
2831,1.12
2832,0.9248
2833,1.12
2834,1.20512
2835,0.90738
2836,1.4112
2837,1.59744
2838,0.891
2839,1.2768
2840,0.8399
2841,1.488
2842,1.088
2843,1.2864
2844,0.52185
2845,1.71
2846,1.38942
2847,0.534
2848,0.495
2849,1.296
2850,0.75
2851,1.40725
2852,1.296
2853,0.96
2854,0.693
2855,2.48004
2856,0.57702
2857,2.758
2858,0.8
2859,0.49
2860,0.274
2861,0.67732
2862,0.9
2863,0.294
2864,2.9088
2865,1.5
2866,1.296
2867,1.20204
2868,1.42272
2869,0.6125
2870,1.00798
2871,1.07
2872,1.296
2873,1.345
2874,0.9888
2875,0.3675
2876,1.296
2877,0.8798
2878,0.60025
2879,1.0
2880,1.335
2881,0.65207
2882,0.312
2883,1.0248
2884,1.296
2885,1.077
2886,0.768
2887,1.8624
2888,1.035
2889,1.405
2890,2.304
2891,1.134
2892,1.2672
2893,2.24224
2894,1.296
2895,0.9361
2896,0.715
2897,1.2912
2898,1.41
2899,0.4851
2900,1.22
2901,1.815
2902,0.9424
2903,0.892
2904,0.4862
2905,0.13041
2906,1.212
2907,1.728
2908,2.99936
2909,4.8
2910,1.82329
2911,1.875
2912,0.13041
2913,1.728
2914,1.1475
2915,1.405
2916,1.0707
2917,0.896
2918,2.538
2919,1.209
2920,0.78692
2921,0.504
2922,2.4
2923,1.035
2924,1.6704
2925,0.7272
2926,9.3312
2927,0.836
2928,1.405
2929,1.0406
2930,2.24764
2931,1.296
2932,0.9936
2933,0.916
2934,0.507
2935,1.248
2936,1.28
2937,0.96205
2938,1.296
2939,1.43
2940,2.97024
2941,1.296
2942,0.432
2943,0.392
2944,1.296
2945,1.296
2946,2.1973
2947,1.09728
2948,1.7388
2949,0.3087
2950,2.5024
2951,1.3446
2952,0.53165
2953,1.32
2954,1.152
2955,3.772
2956,0.534
2957,1.5
2958,0.6895
2959,1.7184
2960,1.25
2961,0.4
2962,0.60025
2963,3.616
2964,2.9088
2965,0.972
2966,5.29984
2967,1.3104
2968,0.68
2969,2.26576
2970,1.28104
2971,0.904
2972,0.534
2973,0.52864
2974,0.73788
2975,1.23326
2976,6.69016
2977,0.6365
2978,0.534
2979,0.46656
2980,0.546
2981,0.498
2982,0.768
2983,0.49704
2984,1.0797
2985,1.6272
2986,1.728
2987,1.296
2988,1.4535
2989,1.055
2990,1.41
2991,2.758
2992,1.45288
2993,1.296
2994,0.6747
2995,1.25
2996,1.50064
2997,4.2543
2998,1.735
2999,0.9
3000,0.768
3001,1.296
3002,1.4476
3003,1.0444
3004,1.323
3005,1.19
3006,0.9984
3007,1.09416
3008,1.495
3009,0.768
3010,0.84
3011,0.564
3012,1.936
3013,0.5632
3014,1.08
3015,1.2384
3016,2.125
3017,1.3524
3018,1.296
3019,0.2
3020,0.9168
3021,1.152
3022,0.44472
3023,1.404
3024,0.42848
3025,2.304
3026,1.405
3027,1.5024
3028,1.296
3029,1.096
3030,2.19646
3031,0.53946
3032,1.1552
3033,2.2992
3034,0.5478
3035,0.72474
3036,3.02736
3037,1.17
3038,0.13041
3039,2.784
3040,0.972
3041,0.5481
3042,0.6357
3043,0.688
3044,0.75
3045,1.4
3046,1.0248
3047,1.728
3048,0.3312
3049,22.14144
3050,0.35
3051,0.688
3052,1.296
3053,2.1888
3054,0.45815
3055,0.918
3056,1.2
3057,0.7056
3058,0.87912
3059,0.804
3060,0.39
3061,0.768
3062,2.086
3063,0.3
3064,1.055
3065,1.0032
3066,0.9
3067,3.9168
3068,0.888
3069,1.296
3070,0.576
3071,1.012
3072,1.296
3073,1.5552
3074,1.10224
3075,0.768
3076,2.9088
3077,0.936
3078,0.6848
3079,1.25
3080,0.67914
3081,0.768
3082,0.396
3083,1.375
3084,2.97024
3085,0.9504
3086,2.304
3087,0.465
3088,2.01
3089,1.4
3090,0.625
3091,0.988
3092,1.33732
3093,0.3416
3094,0.9792
3095,1.21706
3096,1.405
3097,0.708
3098,0.49
3099,1.16766
3100,1.04
3101,3.18498
3102,1.48952
3103,1.71
3104,1.728
3105,1.345
3106,0.4551
3107,1.1385
3108,0.60025
3109,1.296
3110,0.868
3111,1.6896
3112,1.35
3113,0.69825
3114,2.751
3115,0.54145
3116,0.57645
3117,0.9248
3118,0.76
3119,1.15
3120,2.5215
3121,0.9
3122,0.7272
3123,0.77556
3124,1.405
3125,1.3152
3126,0.8704
3127,0.96
3128,0.4165
3129,0.5632
3130,0.75446
3131,0.72474
3132,2.2032
3133,0.507
3134,0.768
3135,0.4675
3136,1.2312
3137,1.296
3138,1.36
3139,0.69825
3140,0.916
3141,0.39432
3142,0.824
3143,1.728
3144,1.05
3145,1.7584
3146,2.29788
3147,2.72
3148,0.67574
3149,0.9792
3150,0.5368
3151,1.5
3152,0.3675
3153,0.2
3154,3.1104
3155,2.086
3156,1.405
3157,3.0912
3158,1.1385
3159,1.0248
3160,1.728
3161,0.94
3162,1.6
3163,0.712
3164,0.7995
3165,1.215
3166,0.768
3167,1.17649
3168,2.19456
3169,0.768
3170,0.5047
3171,0.936
3172,0.64925
3173,0.90818
3174,1.225
3175,1.27746
3176,1.225
3177,1.415
3178,1.7904
3179,1.6416
3180,2.304
3181,1.38444
3182,0.72316
3183,1.1914
3184,1.752
3185,0.896
3186,0.49
3187,0.666
3188,1.296
3189,3.072
3190,1.377
3191,0.49
3192,0.768
3193,0.39767
3194,2.7
3195,1.0
3196,2.028
3197,1.2144
3198,0.9
3199,0.52864
3200,1.38216
3201,1.28104
3202,1.12871
3203,0.86853
3204,0.71448
3205,0.5103
3206,2.9088
3207,1.3008
3208,2.9088
3209,1.77276
3210,2.02044
3211,2.304
3212,0.71
3213,1.6
3214,0.576
3215,0.60025
3216,1.296
3217,1.04
3218,1.2912
3219,0.9
3220,1.41
3221,0.78914
3222,0.35525
3223,1.296
3224,1.296
3225,1.296
3226,1.024
3227,2.304
3228,0.65912
3229,1.296
3230,1.34
3231,1.2972
3232,0.588
3233,0.9504
3234,0.60025
3235,0.9648
3236,0.576
3237,1.185
3238,0.736
3239,1.88708
3240,1.29376
3241,0.3904
3242,0.768
3243,1.97136
3244,1.053
3245,2.11356
3246,0.226
3247,0.43255
3248,0.851
3249,0.57113
3250,0.4368
3251,0.66
3252,1.1798
3253,1.6992
3254,1.296
3255,0.3725
3256,1.09185
3257,1.635
3258,0.8127
3259,1.5792
3260,0.7548
3261,0.72474
3262,2.00655
3263,3.072
3264,1.368
3265,1.405
3266,0.47
3267,4.0944
3268,11.4363
3269,1.296
3270,0.9
3271,0.9695
3272,1.3008
3273,4.128
3274,1.2
3275,1.4016
3276,1.0648
3277,1.296
3278,0.8325
3279,0.7245
3280,1.296
3281,0.6322
3282,0.256
3283,2.59308
3284,2.916
3285,0.744
3286,1.3412
3287,1.296
3288,2.9088
3289,1.33764
3290,0.7995
3291,1.7184
3292,0.268
3293,1.296
3294,0.74772
3295,0.49
3296,1.405
3297,6.408
3298,3.6
3299,0.925
3300,1.296
3301,1.5552
3302,1.55832
3303,1.296
3304,1.34
3305,0.625
3306,1.77644
3307,1.944
3308,1.2672
3309,0.71288
3310,0.69825
3311,0.35525
3312,0.82944
3313,1.218
3314,1.04
3315,2.20632
3316,2.004
3317,0.334
3318,0.13041
3319,2.19646
3320,1.296
3321,1.296
3322,0.44655
3323,1.46657
3324,0.972
3325,0.88631
3326,2.97024
3327,1.2384
3328,2.90464
3329,0.352
3330,2.116
3331,1.296
3332,1.6786
3333,1.25
3334,1.25
3335,1.25
3336,0.9792
3337,1.4
3338,0.9
3339,1.0272
3340,3.872
3341,0.768
3342,1.296
3343,0.4498
3344,0.9
3345,0.43326
3346,1.405
3347,0.4067
3348,2.38
3349,0.9
3350,1.2432
3351,0.904
3352,0.294
3353,1.196
3354,1.95822
3355,0.576
3356,0.768
3357,1.33056
3358,1.296
3359,1.675
3360,1.065
3361,1.235
3362,0.7665
3363,2.0
3364,1.0
3365,1.296
3366,0.79794
3367,0.5954
3368,0.4165
3369,1.38047
3370,1.296
3371,1.1811
3372,1.82528
3373,1.82528
3374,0.47628
3375,1.405
3376,2.7
3377,0.768
3378,0.531
3379,2.97024
3380,1.885
3381,1.275
3382,0.9
3383,0.6816
3384,0.222
3385,1.0
3386,1.045
3387,1.935
3388,0.8925
3389,0.9
3390,0.79806
3391,0.46944
3392,0.484
3393,0.90306
3394,2.9475
3395,0.13041
3396,1.405
3397,0.3
3398,1.405
3399,1.14745
3400,0.38016
3401,0.42875
3402,5.2128
3403,1.03
3404,1.5744
3405,1.2348
3406,2.304
3407,0.576
3408,20.736
3409,1.12392
3410,0.9792
3411,0.892
3412,0.7236
3413,9.216
3414,1.3
3415,0.81744
3416,2.5
3417,1.25136
3418,1.143
3419,1.405
3420,1.665
3421,1.296
3422,2.16576
3423,0.522
3424,2.19648
3425,1.296
3426,2.9088
3427,1.3317
3428,0.6804
3429,0.956
3430,0.57
3431,1.5847
3432,0.588
3433,0.2
3434,1.1
3435,1.18
3436,0.57024
3437,1.42
3438,1.0375
3439,1.03
3440,1.47065
3441,0.35525
3442,1.296
3443,0.97
3444,1.344
3445,1.3248
3446,0.95046
3447,1.11
3448,20.6592
3449,20.6592
3450,2.808
3451,6.402
3452,1.296
3453,1.3916
3454,0.896
3455,0.768
3456,1.728
3457,0.384
3458,0.4925
3459,1.5
3460,0.603
3461,1.405
3462,1.40725
3463,9.216
3464,0.69451
3465,1.2
3466,1.875
3467,1.01
3468,1.705
3469,1.46584
3470,1.035
3471,0.824
3472,1.0
3473,1.39216
3474,0.392
3475,2.3943
3476,0.768
3477,1.12
3478,1.4
3479,1.296
3480,1.5652
3481,1.6992
3482,0.224
3483,0.2
3484,0.47
3485,1.0
3486,1.476
3487,0.3
3488,1.196
3489,0.539
3490,2.016
3491,1.168
3492,2.88
3493,0.904
3494,2.304
3495,0.576
3496,1.37334
3497,1.077
3498,1.145
3499,1.368
3500,1.112
3501,0.7755
3502,1.296
3503,0.548
3504,0.4
3505,1.296
3506,0.65207
3507,0.5368
3508,2.5
3509,1.2816
3510,0.65207
3511,0.69825
3512,0.5536
3513,0.675
3514,1.296
3515,0.256
3516,1.204
3517,0.64925
3518,1.26002
3519,2.3864
3520,1.04
3521,0.432
3522,1.025
3523,0.4
3524,1.11
3525,0.768
3526,1.1
3527,2.028
3528,1.145
3529,3.3792
3530,0.6048
3531,1.39
3532,1.0
3533,1.41
3534,0.45
3535,1.39
3536,0.686
3537,1.095
3538,0.625
3539,1.728
3540,0.9
3541,0.9248
3542,0.9
3543,1.5847
3544,0.6615
3545,1.096
3546,0.88308
3547,0.74592
3548,0.768
3549,1.05
3550,0.4
3551,0.688
3552,1.41
3553,0.67308
3554,0.13041
3555,1.296
3556,0.625
3557,1.20912
3558,0.55752
3559,1.7568
3560,1.296
3561,1.355
3562,0.675
3563,2.9088
3564,1.7982
3565,0.5472
3566,1.265
3567,1.23008
3568,0.224
3569,1.728
3570,1.296
3571,0.852
3572,0.65912
3573,6.08212
3574,0.598
3575,1.32
3576,1.405
3577,0.74045
3578,1.1868
3579,0.53
3580,1.0962
3581,0.576
3582,1.1424
3583,0.9248
3584,0.6895
3585,1.098
3586,1.296
3587,1.296
3588,0.82944
3589,0.49704
3590,0.1695
3591,1.728
3592,0.9
3593,1.4
3594,1.50722
3595,1.4
3596,0.212
3597,3.072
3598,1.285
3599,1.2864
3600,0.768
3601,1.46688
3602,1.27968
3603,7.72499
3604,0.9
3605,1.728
3606,5.184
3607,2.196
3608,0.7839
3609,0.79125
3610,0.84085
3611,0.768
3612,0.4
3613,0.712
3614,1.345
3615,0.768
3616,0.67308
3617,0.8352
3618,1.1925
3619,1.025
3620,0.308
3621,1.7024
3622,1.4304
3623,0.475
3624,1.21828
3625,1.09461
3626,4.0704
3627,0.4192
3628,0.9
3629,2.9088
3630,1.1178
3631,0.676
3632,0.84216
3633,1.365
3634,1.1115
3635,1.599
3636,0.55426
3637,1.218
3638,0.9552
3639,0.3
3640,1.405
3641,1.145
3642,0.501
3643,1.57
3644,2.028
3645,0.43845
3646,0.42875
3647,1.16
3648,1.12
3649,0.6375
3650,0.675
3651,2.1
3652,1.18
3653,1.025
3654,0.39248
3655,2.06973
3656,0.86618
3657,1.8734
3658,1.296
3659,1.728
3660,1.36
3661,1.748
3662,1.375
3663,0.588
3664,1.14042
3665,0.72361
3666,2.022
3667,0.5472
3668,0.576
3669,1.0665
3670,1.296
3671,1.62
3672,1.134
3673,9.216
3674,1.296
3675,2.028
3676,1.1427
3677,0.72772
3678,0.768
3679,1.11
3680,0.972
3681,9.216
3682,0.38924
3683,1.5936
3684,0.784
3685,0.525
3686,1.296
3687,0.39767
3688,1.728
3689,0.7665
3690,0.742
3691,1.10592
3692,0.652
3693,0.625
3694,1.405
3695,1.035
3696,1.055
3697,0.67335
3698,1.192
3699,1.296
3700,1.5
3701,0.475
3702,0.77556
3703,1.4016
3704,1.0704
3705,0.82944
3706,2.304
3707,1.405
3708,0.99372
3709,2.2944
3710,1.2432
3711,0.96657
3712,2.916
3713,0.64386
3714,0.71958
3715,0.77539
3716,1.29368
3717,1.10592
3718,1.196
3719,1.728
3720,0.894
3721,0.768
3722,0.13041
3723,1.44
3724,2.99904
3725,1.8048
3726,0.625
3727,0.60025
3728,2.52
3729,1.2912
3730,1.405
3731,0.5456
3732,0.6357
3733,1.17
3734,0.6832
3735,1.8354
3736,1.296
3737,0.375
3738,0.392
3739,3.48384
3740,0.904
3741,0.192
3742,0.5243
3743,0.588
3744,1.296
3745,1.41
3746,0.4
3747,0.47
3748,0.85408
3749,2.9088
3750,1.2
3751,1.5888
3752,0.768
3753,1.1546
3754,0.9
3755,0.298
3756,1.728
3757,1.0397
3758,0.5148
3759,0.625
3760,1.3248
3761,0.42547
3762,1.968
3763,1.41
3764,1.296
3765,2.46016
3766,1.41
3767,0.984
3768,0.5635
3769,1.728
3770,0.60025
3771,0.525
3772,1.296
3773,1.296
3774,0.7308
3775,2.9088
3776,0.42875
3777,0.768
3778,1.875
3779,4.30592
3780,2.90072
3781,0.84
3782,1.02
3783,1.728
3784,1.0764
3785,1.296
3786,0.44044
3787,0.87465
3788,2.5
3789,0.79424
3790,4.7371
3791,0.9
3792,6.12
3793,0.13041
3794,3.165
3795,1.728
3796,0.625
3797,1.296
3798,0.96
3799,0.88179
3800,1.3104
3801,1.089
3802,0.475
3803,1.26
3804,0.54
3805,1.0496
3806,0.6725
3807,0.768
3808,1.296
3809,1.33764
3810,1.296
3811,0.4067
3812,1.035
3813,1.644
3814,1.39
3815,1.518
3816,1.296
3817,0.912
3818,3.55216
3819,1.728
3820,1.685
3821,0.3904
3822,1.30476
3823,0.7154
3824,3.20875
3825,0.9
3826,1.248
3827,2.97312
3828,2.9088
3829,1.7388
3830,0.465
3831,2.90072
3832,0.4525
3833,0.768
3834,1.405
3835,1.134
3836,0.625
3837,1.0
3838,1.296
3839,0.6025
3840,0.4704
3841,1.51872
3842,1.40219
3843,0.9936
3844,1.065
3845,0.336
3846,1.365
3847,1.5548
3848,0.9248
3849,1.705
3850,1.44
3851,1.296
3852,1.24002
3853,1.0
3854,0.6357
3855,1.39
3856,0.41184
3857,1.405
3858,0.52864
3859,2.4552
3860,6.5952
3861,1.296
3862,1.207
3863,0.768
3864,2.98496
3865,1.296
3866,0.58101
3867,1.0368
3868,1.405
3869,6.48
3870,1.3008
3871,0.44655
3872,1.088
3873,1.077
3874,0.90738
3875,0.5664
3876,4.0812
3877,0.13041
3878,0.4165
3879,1.87974
3880,0.576
3881,0.85598
3882,0.64436
3883,1.666
3884,1.2672
3885,3.185
3886,1.27488
3887,0.90738
3888,0.4836
3889,1.035
3890,1.296
3891,0.6615
3892,0.9555
3893,1.71072
3894,0.76384
3895,0.588
3896,0.404
3897,0.6848
3898,1.0704
3899,0.501
3900,1.296
3901,2.50328
3902,0.441
3903,1.1264
3904,2.50328
3905,1.07
3906,0.13041
3907,2.6772
3908,1.2528
3909,0.756
3910,1.3995
3911,0.96
3912,1.296
3913,1.405
3914,2.028
3915,0.1695
3916,1.05
3917,0.9504
3918,1.26825
3919,2.028
3920,1.42623
3921,1.265
3922,1.296
3923,0.6976
3924,1.3524
3925,1.04
3926,1.04
3927,1.3296
3928,1.6416
3929,1.296
3930,0.3
3931,2.4616
3932,0.7272
3933,1.296
3934,5.184
3935,1.2395
3936,1.14
3937,0.9504
3938,1.248
3939,1.92
3940,1.1385
3941,1.296
3942,0.334
3943,0.68864
3944,1.344
3945,0.768
3946,1.44
3947,0.8184
3948,0.31659
3949,1.2912
3950,0.4625
3951,0.6
3952,0.8145
3953,1.32468
3954,1.1396
3955,3.072
3956,0.904
3957,3.264
3958,0.13041
3959,1.445
3960,1.085
3961,0.3773
3962,1.2
3963,0.639
3964,0.4352
3965,1.248
3966,0.7061
3967,0.45325
3968,1.26
3969,1.38325
3970,0.8771
3971,0.9
3972,1.728
3973,1.296
3974,5.29074
3975,1.445
3976,1.135
3977,0.216
3978,1.38384
3979,1.27
3980,0.7239
3981,0.496
3982,1.36125
3983,0.49
3984,0.645
3985,1.33764
3986,1.296
3987,2.25348
3988,2.028
3989,0.675
3990,1.375
3991,1.296
3992,0.5632
3993,1.866
3994,1.62
3995,0.88531
3996,0.6895
3997,1.525
3998,0.3234
3999,0.9
4000,2.68496
4001,0.59475
4002,0.6895
4003,1.25
4004,0.529
4005,11.952
4006,1.518
4007,5.19168
4008,1.10592
4009,1.728
4010,0.35
4011,0.378
4012,0.69825
4013,1.2
4014,0.6132
4015,1.63
4016,1.1
4017,2.028
4018,1.2864
4019,0.74002
4020,1.41564
4021,1.985
4022,1.11
4023,1.285
4024,1.065
4025,0.576
4026,1.145
4027,1.47456
4028,1.25
4029,0.384
4030,1.405
4031,1.17
4032,0.768
4033,1.59
4034,2.48418
4035,4.06504
4036,1.7208
4037,1.875
4038,1.03
4039,1.25
4040,0.7733
4041,0.5568
4042,0.91136
4043,1.41
4044,0.824
4045,0.3675
4046,1.27
4047,1.035
4048,3.592
4049,0.6895
4050,1.536
4051,1.3104
4052,0.5635
4053,1.365
4054,1.13
4055,0.812
4056,1.128
4057,1.065
4058,0.078
4059,0.597
4060,0.573
4061,2.3925
4062,1.296
4063,0.768
4064,1.38105
4065,0.343
4066,1.7152
4067,0.9408
4068,2.1638
4069,0.675
4070,0.768
4071,0.66456
4072,0.73304
4073,0.6372
4074,0.52324
4075,1.66632
4076,1.59
4077,2.9232
4078,3.0
4079,4.096
4080,5.1552
4081,1.205
4082,0.896
4083,2.9232
4084,0.768
4085,0.99775
4086,0.96585
4087,3.3792
4088,1.12871
4089,1.143
4090,1.035
4091,1.3395
4092,1.518
4093,0.465
4094,0.3456
4095,0.343
4096,1.296
4097,0.6895
4098,0.972
4099,1.13344
4100,1.41
4101,1.296
4102,0.6125
4103,2.304
4104,0.5292
4105,0.86546
4106,0.52432
4107,2.20056
4108,2.2336
4109,1.587
4110,1.35
4111,1.1125
4112,1.7184
4113,1.345
4114,1.2
4115,0.507
4116,1.55
4117,1.14648
4118,1.421
4119,1.275
4120,1.0
4121,0.324
4122,0.688
4123,1.488
4124,2.9088
4125,0.6816
4126,0.72518
4127,1.2
4128,0.625
4129,2.304
4130,0.972
4131,1.035
4132,0.3808
4133,0.667
4134,0.41952
4135,1.866
4136,1.5847
4137,0.564
4138,1.535
4139,0.87465
4140,0.564
4141,0.896
4142,0.528
4143,9.216
4144,0.13041
4145,0.8126
4146,1.065
4147,9.216
4148,9.216
4149,1.1175
4150,1.296
4151,0.724
4152,0.6264
4153,0.4165
4154,1.18
4155,1.5456
4156,1.32
4157,0.8946
4158,1.265
4159,1.405
4160,1.296
4161,1.1655
4162,0.6784
4163,0.64
4164,0.6372
4165,1.82
4166,0.9638
4167,1.5847
4168,5.184
4169,1.296
4170,1.375
4171,0.7308
4172,0.66392
4173,0.963
4174,0.81955
4175,1.405
4176,0.585
4177,1.35456
4178,1.25
4179,0.392
4180,0.56375
4181,0.8019
4182,1.107
4183,0.678
4184,1.1025
4185,0.675
4186,1.02492
4187,0.87
4188,0.8798
4189,1.37448
4190,1.296
4191,1.9588
4192,1.2274
4193,1.35
4194,0.65207
4195,0.3808
4196,1.0336
4197,1.96608
4198,0.5814
4199,0.13041
4200,3.3117
4201,0.4
4202,2.9088
4203,1.3524
4204,1.728
4205,1.40219
4206,0.8155
4207,3.6
4208,1.62168
4209,2.9088
4210,0.625
4211,0.5984
4212,0.504
4213,0.222
4214,1.296
4215,0.384
4216,1.521
4217,1.224
4218,0.13041
4219,0.852
4220,1.59
4221,1.728
4222,1.41
4223,1.32396
4224,1.296
4225,0.89505
4226,0.441
4227,0.846
4228,1.2
4229,0.9384
4230,1.875
4231,2.5344
4232,1.1
4233,0.42781
4234,0.88804
4235,1.2
4236,0.59925
4237,0.5728
4238,2.6772
4239,0.9384
4240,0.82944
4241,1.2912
4242,0.49
4243,1.0
4244,0.67275
4245,0.43771
4246,1.0375
4247,0.768
4248,0.4165
4249,1.39
4250,0.5418
4251,1.665
4252,0.69
4253,0.65207
4254,1.2
4255,1.08018
4256,1.1
4257,0.704
4258,1.5824
4259,0.512
4260,1.26
4261,0.768
4262,0.888
4263,4.54
4264,1.41
4265,0.53655
4266,0.43855
4267,1.168
4268,0.302
4269,1.36
4270,0.432
4271,1.33
4272,1.685
4273,1.0416
4274,1.71072
4275,0.13041
4276,1.405
4277,1.728
4278,0.768
4279,0.308
4280,1.32506
4281,0.832
4282,1.375
4283,1.37334
4284,2.664
4285,1.035
4286,1.728
4287,0.60291
4288,1.728
4289,0.13041
4290,0.13041
4291,0.13041
4292,0.13041
4293,0.13041
4294,0.13041
4295,0.13041
4296,1.296
4297,0.6762
4298,0.678
4299,1.2
4300,1.0147
4301,0.47775
4302,0.3586
4303,1.0224
4304,1.54
4305,0.4654
4306,0.6
4307,0.896
4308,3.6
4309,1.728
4310,1.296
4311,0.76384
4312,1.795
4313,1.3944
4314,0.904
4315,0.59987
4316,1.089
4317,1.3475
4318,1.296
4319,0.441
4320,0.686
4321,0.686
4322,2.9232
4323,0.2603
4324,1.535
4325,1.452
4326,1.96608
4327,1.728
4328,0.75602
4329,1.0912
4330,1.296
4331,1.875
4332,1.45
4333,0.13041
4334,1.0001
4335,0.3206
4336,1.405
4337,1.1424
4338,0.53111
4339,1.47456
4340,0.3
4341,0.768
4342,0.819
4343,0.28
4344,0.4851
4345,1.355
4346,1.296
4347,0.972
4348,0.576
4349,0.768
4350,2.9088
4351,0.316
4352,1.39
4353,0.768
4354,6.0
4355,0.334
4356,0.13041
4357,1.3008
4358,1.36
4359,1.296
4360,1.89987
4361,1.405
4362,1.055
4363,1.296
4364,3.072
4365,1.488
4366,2.664
4367,0.92928
4368,0.625
4369,1.2852
4370,1.8942
4371,1.24
4372,1.152
4373,2.758
4374,0.5481
4375,0.576
4376,1.728
4377,0.7308
4378,0.651
4379,1.035
4380,1.2816
4381,1.59
4382,9.216
4383,0.13041
4384,1.2042
4385,1.376
4386,1.405
4387,0.4165
4388,1.0432
4389,1.345
4390,0.824
4391,1.1264
4392,0.363
4393,0.5792
4394,1.25
4395,1.36
4396,6.53224
4397,0.9
4398,1.7568
4399,1.1952
4400,1.296
4401,0.67308
4402,2.9088
4403,0.9
4404,0.53165
4405,0.768
4406,0.588
4407,0.76
4408,0.46284
4409,1.0368
4410,1.2864
4411,1.41
4412,2.09716
4413,0.9
4414,0.44178
4415,1.0397
4416,0.896
4417,0.7648
4418,1.33
4419,1.405
4420,0.13041
4421,0.525
4422,1.42
4423,0.625
4424,1.405
4425,0.56
4426,0.57694
4427,0.9
4428,1.405
4429,5.136
4430,1.12592
4431,1.385
4432,0.9792
4433,1.405
4434,0.625
4435,0.35
4436,1.88328
4437,0.5976
4438,0.9585
4439,1.3916
4440,0.35
4441,5.184
4442,1.39
4443,0.938
4444,1.39
4445,1.405
4446,1.728
4447,1.296
4448,1.728
4449,0.35
4450,1.2587
4451,1.2
4452,0.53133
4453,1.55832
4454,1.975
4455,0.13041
4456,1.685
4457,0.6592
4458,1.225
4459,1.2395
4460,0.68
4461,1.63
4462,0.298
4463,1.0
4464,0.7168
4465,1.998
4466,1.38
4467,1.17
4468,0.768
4469,0.6762
4470,0.784
4471,0.9
4472,1.065
4473,0.53111
4474,0.72
4475,1.69344
4476,0.507
4477,0.675
4478,1.2912
4479,1.3152
4480,0.768
4481,0.3285
4482,0.30272
4483,1.405
4484,0.77064
4485,0.96
4486,0.98406
4487,2.304
4488,4.0132
4489,0.513
4490,2.3951
4491,2.379
4492,0.4816
4493,0.62418
4494,0.507
4495,2.304
4496,0.4862
4497,0.712
4498,1.10592
4499,0.4116
4500,1.405
4501,2.187
4502,2.187
4503,1.2576
4504,0.43681
4505,0.61075
4506,2.9088
4507,0.768
4508,1.39
4509,0.9912
4510,1.49
4511,0.7497
4512,1.077
4513,0.9
4514,1.144
4515,0.396
4516,1.47065
4517,1.05672
4518,2.304
4519,0.29866
4520,0.535
4521,1.296
4522,1.728
4523,0.972
4524,2.916
4525,1.296
4526,1.296
4527,0.9
4528,1.2864
4529,1.01575
4530,0.8928
4531,0.5809
4532,1.795
4533,0.26705
4534,0.67731
4535,0.5452
4536,2.0
4537,0.7839
4538,2.90072
4539,0.00525
4540,0.224
4541,0.7696
4542,0.13041
4543,1.875
4544,1.296
4545,1.495
4546,1.1385
4547,0.96
4548,1.16688
4549,0.768
4550,0.693
4551,0.912
4552,0.504
4553,0.96
4554,0.69451
4555,0.93726
4556,1.512
4557,1.405
4558,1.8734
4559,2.916
4560,0.51568
4561,1.04874
4562,0.62245
4563,1.405
4564,1.055
4565,0.13041
4566,0.48608
4567,0.256
4568,1.96608
4569,0.87538
4570,1.296
4571,1.875
4572,0.712
4573,0.13041
4574,0.5824
4575,1.2192
4576,1.2
4577,0.558
4578,0.564
4579,0.13041
4580,0.55554
4581,0.768
4582,1.04
4583,1.345
4584,3.904
4585,1.3021
4586,1.296
4587,0.675
4588,0.432
4589,0.49
4590,1.0363
4591,0.9
4592,0.25944
4593,1.1225
4594,1.296
4595,0.768
4596,1.00014
4597,2.03392
4598,0.66392
4599,0.13041
4600,0.992
4601,0.735
4602,2.1504
4603,2.028
4604,1.285
4605,0.9
4606,1.65
4607,1.728
4608,0.3904
4609,0.43681
4610,0.6895
4611,0.4655
4612,0.376
4613,1.452
4614,0.82256
4615,1.296
4616,2.664
4617,2.162
4618,1.86626
4619,2.44281
4620,2.11875
4621,0.76632
4622,1.296
4623,1.296
4624,0.60025
4625,1.518
4626,0.9
4627,5.184
4628,0.35
4629,0.35
4630,1.265
4631,1.39
4632,1.083
4633,1.30893
4634,0.575
4635,1.25552
4636,0.66864
4637,0.87904
4638,0.872
4639,1.3824
4640,0.904
4641,1.405
4642,1.0375
4643,0.5439
4644,0.67416
4645,1.8912
4646,0.3
4647,2.25
4648,0.507
4649,0.6372
4650,1.42
4651,0.48
4652,1.0143
4653,4.17
4654,0.9696
4655,0.35
4656,0.326
4657,1.805
4658,1.1025
4659,2.304
4660,0.6499
4661,0.13041
4662,0.5568
4663,0.486
4664,1.70929
4665,1.09461
4666,0.904
4667,0.576
4668,2.90565
4669,0.54338
4670,1.26
4671,1.4
4672,0.724
4673,0.7272
4674,0.64435
4675,2.90072
4676,0.224
4677,1.095
4678,0.4025
4679,0.67308
4680,0.57024
4681,0.9
4682,1.405
4683,0.88804
4684,2.355
4685,1.691
4686,0.8
4687,0.6125
4688,1.2
4689,0.9333
4690,0.735
4691,1.5
4692,0.392
4693,1.405
4694,1.0363
4695,1.248
4696,1.2
4697,1.89987
4698,0.27648
4699,0.675
4700,0.564
4701,3.52377
4702,0.13041
4703,1.296
4704,1.296
4705,0.864
4706,1.728
4707,1.728
4708,1.03
4709,1.1534
4710,1.0755
4711,1.5458
4712,1.405
4713,0.50944
4714,1.89987
4715,0.667
4716,1.145
4717,3.321
4718,2.1504
4719,0.712
4720,0.8
4721,2.808
4722,0.62592
4723,0.507
4724,1.14
4725,0.864
4726,0.918
4727,0.9
4728,1.296
4729,0.6125
4730,0.6762
4731,0.8
4732,0.36
4733,1.296
4734,0.432
4735,1.29
4736,1.93536
4737,1.296
4738,0.7105
4739,1.405
4740,0.3
4741,6.01344
4742,0.924
4743,1.445
4744,1.342
4745,1.405
4746,2.304
4747,1.03
4748,1.14745
4749,0.13041
4750,1.35
4751,0.7236
4752,2.712
4753,0.539
4754,0.392
4755,1.296
4756,1.47456
4757,2.022
4758,0.934
4759,0.9131
4760,0.9
4761,1.875
4762,1.41
4763,1.15
4764,1.344
4765,1.599
4766,0.576
4767,0.9205
4768,0.13041
4769,1.405
4770,0.50625
4771,0.864
4772,1.296
4773,2.6772
4774,1.92
4775,0.65856
4776,0.534
4777,0.5184
4778,0.825
4779,1.41
4780,1.728
4781,1.355
4782,0.93
4783,0.4
4784,0.4692
4785,1.2
4786,0.432
4787,0.984
4788,1.6
4789,1.99465
4790,0.67872
4791,0.6804
4792,2.028
4793,0.435
4794,0.7308
4795,0.8323
4796,0.54
4797,0.856
4798,1.21
4799,1.93536
4800,2.304
4801,0.13041
4802,1.405
4803,1.664
4804,1.405
4805,0.7175
4806,0.5712
4807,1.0
4808,0.884
4809,0.532
4810,0.896
4811,1.6
4812,1.47456
4813,1.44096
4814,1.25
4815,0.544
4816,0.9828
4817,2.016
4818,1.055
4819,0.768
4820,0.985
4821,0.9531
4822,0.625
4823,1.7313
4824,1.375
4825,1.3056
4826,0.33368
4827,0.85
4828,1.296
4829,1.599
4830,0.9
4831,0.88257
4832,0.13041
4833,2.90072
4834,0.42828
4835,1.405
4836,0.20382
4837,0.7749
4838,0.54912
4839,0.985
4840,0.3977
4841,1.405
4842,1.296
4843,0.5712
4844,0.59508
4845,1.4
4846,0.13041
4847,1.04
4848,1.3
4849,1.5496
4850,1.05
4851,1.09174
4852,1.565
4853,2.758
4854,1.5865
4855,1.005
4856,1.296
4857,1.405
4858,0.13041
4859,0.48705
4860,1.0176
4861,1.20512
4862,1.11
4863,0.875
4864,1.7355
4865,1.4
4866,2.7864
4867,0.324
4868,1.24
4869,2.27052
4870,0.3675
4871,1.35168
4872,1.13032
4873,0.35
4874,2.0
4875,2.2128
4876,1.504
4877,0.8664
4878,1.375
4879,2.2656
4880,0.54912
4881,0.38874
4882,0.26055
4883,1.025
4884,2.4
4885,0.198
4886,1.39
4887,1.1385
4888,0.912
4889,0.681
4890,1.4
4891,0.5656
4892,0.13041
4893,1.16
4894,1.2
4895,1.405
4896,1.405
4897,1.2
4898,0.4675
4899,1.296
4900,1.0764
4901,1.045
4902,0.4809
4903,1.0224
4904,1.04
4905,1.1655
4906,0.49841
4907,0.44517
4908,0.693
4909,0.38905
4910,0.768
4911,2.09599
4912,0.67335
4913,1.6704
4914,0.868
4915,2.9088
4916,0.507
4917,0.896
4918,1.0
4919,2.304
4920,0.492
4921,1.07
4922,0.47
4923,0.8964
4924,1.2
4925,1.41
4926,0.9828
4927,9.216
4928,0.40888
4929,1.04
4930,1.1051
4931,0.6138
4932,2.688
4933,1.225
4934,3.80325
4935,2.013
4936,1.405
4937,0.441
4938,1.325
4939,0.6549
4940,1.3804
4941,1.24845
4942,1.265
4943,0.89505
4944,0.13041
4945,0.3
4946,0.51072
4947,2.90072
4948,2.028
4949,0.864
4950,0.89152
4951,0.768
4952,1.728
4953,0.68
4954,2.0923
4955,0.96
4956,1.07952
4957,0.5488
4958,0.65207
4959,1.03
4960,0.675
4961,0.3
4962,0.43855
4963,2.6772
4964,1.205
4965,1.8734
4966,1.04
4967,1.32
4968,0.13041
4969,0.3576
4970,0.394
4971,2.304
4972,1.41
4973,0.8052
4974,2.93568
4975,1.824
4976,1.37655
4977,0.91481
4978,1.91
4979,1.296
4980,1.375
4981,2.66262
4982,1.4934
4983,0.13041
4984,0.57
4985,1.47456
4986,0.72474
4987,0.768
4988,0.53165
4989,1.405
4990,1.452
4991,0.256
4992,0.564
4993,1.3
4994,0.79125
4995,1.1
4996,0.529
4997,0.31784
4998,3.46577
4999,0.501
5000,0.892
5001,0.4
5002,2.5
5003,0.82944
5004,1.19738
5005,0.69825
5006,0.3256
5007,1.405
5008,2.17005
5009,0.92664
5010,1.05
5011,1.41
5012,0.432
5013,0.47
5014,0.531
5015,0.904
5016,0.7696
5017,1.4
5018,1.0444
5019,0.9
5020,0.82944
5021,0.13041
5022,0.6895
5023,0.5536
5024,0.678
5025,1.405
5026,2.304
5027,1.165
5028,0.625
5029,0.904
5030,0.384
5031,0.78204
5032,1.405
5033,0.696
5034,0.942
5035,0.57024
5036,2.18685
5037,0.3796
5038,0.672
5039,0.67716
5040,1.165
5041,0.872
5042,0.78914
5043,1.375
5044,0.13041
5045,0.13041
5046,1.445
5047,1.98396
5048,0.7458
5049,1.1856
5050,0.846
5051,1.26
5052,1.545
5053,0.13041
5054,0.65207
5055,6.144
5056,0.7272
5057,0.6386
5058,0.2782
5059,0.507
5060,2.49001
5061,0.9
5062,1.276
5063,1.875
5064,0.539
5065,0.7712
5066,1.12
5067,1.25
5068,1.19296
5069,1.16
5070,1.296
5071,1.0803
5072,0.648
5073,0.13041
5074,0.824
5075,1.8865
5076,1.228
5077,1.4
5078,0.576
5079,0.80348
5080,2.028
5081,1.2576
5082,1.055
5083,0.47
5084,1.728
5085,1.875
5086,0.7
5087,1.0375
5088,0.8399
5089,0.30444
5090,0.55845
5091,0.8
5092,1.405
5093,1.19
5094,1.32066
5095,0.4096
5096,1.41
5097,1.0797
5098,1.0
5099,1.43213
5100,1.296
5101,0.7272
5102,0.864
5103,1.8005
5104,1.395
5105,0.46992
5106,2.304
5107,0.386
5108,1.21002
5109,1.465
5110,0.79625
5111,0.693
5112,0.27889
5113,0.87525
5114,2.145
5115,0.35
5116,1.325
5117,0.288
5118,2.26416
5119,0.50625
5120,0.23
5121,0.686
5122,1.1275
5123,0.9045
5124,0.625
5125,0.795
5126,1.077
5127,0.61985
5128,0.576
5129,0.96657
5130,1.03125
5131,0.3525
5132,0.49
5133,0.88579
5134,0.35525
5135,0.936
5136,1.135
5137,2.304
5138,2.916
5139,0.7625
5140,0.576
5141,1.705
5142,0.432
5143,3.31776
5144,0.82944
5145,1.536
5146,0.90738
5147,0.507
5148,1.27
5149,0.5312
5150,0.35
5151,1.2864
5152,2.065
5153,0.9
5154,1.515
5155,0.609
5156,1.14808
5157,1.44
5158,1.345
5159,0.7272
5160,1.3728
5161,0.812
5162,1.206
5163,0.272
5164,1.36
5165,0.969
5166,0.71824
5167,0.5728
5168,1.2
5169,1.536
5170,0.72518
5171,1.506
5172,0.55615
5173,0.4727
5174,1.14
5175,0.507
5176,0.73255
5177,1.5
5178,1.0
5179,0.36
5180,2.59572
5181,1.32
5182,0.5472
5183,0.67308
5184,2.2032
5185,1.125
5186,0.65246
5187,1.264
5188,0.752
5189,1.3008
5190,1.089
5191,0.4
5192,1.21568
5193,1.7408
5194,0.576
5195,1.25235
5196,0.73632
5197,1.275
5198,0.513
5199,0.13041
5200,0.57732
5201,0.72
5202,0.54
5203,0.85072
5204,4.1272
5205,2.90072
5206,1.0406
5207,0.576
5208,2.0
5209,2.01
5210,0.51
5211,1.515
5212,1.32
5213,0.38979
5214,1.36
5215,0.815
5216,1.6272
5217,0.564
5218,0.625
5219,1.04
5220,1.565
5221,1.13569
5222,0.2751
5223,0.7584
5224,1.3455
5225,0.40626
5226,0.9216
5227,1.04
5228,0.904
5229,1.375
5230,2.6265
5231,1.405
5232,1.296
5233,1.812
5234,0.53133
5235,0.768
5236,1.7865
5237,0.576
5238,1.32207
5239,1.0944
5240,1.33189
5241,1.06196
5242,0.3344
5243,1.4145
5244,0.768
5245,1.3104
5246,1.1328
5247,1.345
5248,0.9
5249,1.296
5250,0.475
5251,0.96657
5252,0.13041
5253,1.08371
5254,0.71022
5255,0.45225
5256,0.65195
5257,2.022
5258,1.47456
5259,1.39
5260,1.86
5261,1.216
5262,0.6681
5263,4.1496
5264,1.11
5265,0.108
5266,1.405
5267,1.405
5268,1.728
5269,0.72518
5270,1.2
5271,1.296
5272,1.44096
5273,1.4016
5274,0.512
5275,1.44
5276,1.41
5277,1.405
5278,0.678
5279,1.135
5280,0.67308
5281,1.21568
5282,2.90072
5283,1.24399
5284,0.58425
5285,0.44556
5286,0.53133
5287,1.264
5288,1.30424
5289,0.9
5290,2.52862
5291,1.0
5292,0.712
5293,0.7488
5294,2.15625
5295,2.304
5296,7.2
5297,0.539
5298,3.6
5299,1.475
5300,1.34773
5301,0.686
5302,1.25745
5303,2.016
5304,1.405
5305,1.0
5306,0.501
5307,1.26825
5308,1.86626
5309,2.013
5310,0.625
5311,0.13041
5312,1.415
5313,1.344
5314,2.304
5315,0.875
5316,0.4171
5317,0.4551
5318,0.9
5319,1.0
5320,0.686
5321,0.9
5322,2.304
5323,2.90072
5324,0.54336
5325,0.672
5326,3.072
5327,0.60025
5328,0.7105
5329,5.184
5330,1.25136
5331,0.93835
5332,0.81809
5333,1.165
5334,1.055
5335,0.9
5336,1.59367
5337,0.9
5338,0.8385
5339,1.112
5340,0.53505
5341,1.6992
5342,0.68493
5343,2.304
5344,0.13041
5345,0.37674
5346,1.296
5347,0.768
5348,0.768
5349,1.96608
5350,0.5436
5351,1.05
5352,1.405
5353,1.445
5354,1.44
5355,0.47
5356,0.5408
5357,1.07468
5358,1.405
5359,1.82634
5360,1.05
5361,0.6499
5362,0.9245
5363,0.4862
5364,0.45815
5365,1.2
5366,0.768
5367,0.13041
5368,1.0
5369,2.81212
5370,0.711
5371,1.7628
5372,1.175
5373,1.42
5374,1.875
5375,1.875
5376,0.47073
5377,0.768
5378,0.43575
5379,0.6
5380,1.125
5381,0.9
5382,0.507
5383,1.60457
5384,1.124
5385,2.0055
5386,2.022
5387,1.296
5388,1.2
5389,0.501
5390,0.668
5391,1.032
5392,1.2
5393,1.728
5394,1.296
5395,0.688
5396,0.6725
5397,0.5236
5398,1.2
5399,0.8512
5400,0.686
5401,1.83
5402,0.846
5403,1.5
5404,0.9
5405,1.75392
5406,0.99528
5407,1.2395
5408,0.302
5409,1.336
5410,0.53196
5411,0.13041
5412,1.1385
5413,1.083
5414,2.2528
5415,0.495
5416,1.1662
5417,0.88804
5418,1.23848
5419,0.768
5420,1.035
5421,1.296
5422,0.51
5423,1.536
5424,1.41
5425,3.77846
5426,1.1662
5427,1.083
5428,0.13041
5429,0.7648
5430,0.13041
5431,0.78732
5432,0.675
5433,0.44616
5434,3.47817
5435,0.13041
5436,0.13041
5437,1.36
5438,0.5
5439,0.576
5440,0.9954
5441,1.07584
5442,1.536
5443,0.75609
5444,1.6
5445,2.17462
5446,0.576
5447,0.9
5448,0.95404
5449,0.4
5450,0.51
5451,0.86483
5452,1.41
5453,0.768
5454,0.768
5455,1.42
5456,1.2042
5457,0.868
5458,0.73612
5459,1.39
5460,0.4214
5461,1.41
5462,2.90072
5463,0.392
5464,0.7264
5465,0.4075
5466,0.3675
5467,0.8608
5468,0.58644
5469,0.588
5470,1.875
5471,0.6895
5472,1.41
5473,1.375
5474,1.615
5475,0.62604
5476,3.91
5477,0.686
5478,1.735
5479,1.02
5480,0.4508
5481,0.516
5482,0.41236
5483,1.296
5484,1.161
5485,0.558
5486,0.564
5487,1.1808
5488,2.82326
5489,2.808
5490,2.808
5491,2.4779
5492,2.379
5493,0.5145
5494,0.55332
5495,2.2212
5496,0.13041
5497,1.21568
5498,1.26
5499,1.405
5500,1.25
5501,0.6
5502,1.28
5503,0.688
5504,1.28582
5505,2.022
5506,1.1427
5507,0.9728
5508,0.868
5509,0.4018
5510,0.226
5511,1.863
5512,1.4976
5513,1.207
5514,1.405
5515,0.97
5516,2.07336
5517,1.63
5518,1.175
5519,0.6042
5520,2.028
5521,2.51856
5522,0.3
5523,1.275
5524,0.56118
5525,1.25
5526,1.248
5527,1.04
5528,0.7272
5529,0.609
5530,0.8
5531,2.304
5532,0.686
5533,0.61685
5534,0.51
5535,0.9424
5536,0.49232
5537,1.2395
5538,0.72518
5539,0.72518
5540,0.507
5541,0.652
5542,0.892
5543,1.02
5544,3.1354
5545,2.204
5546,0.6335
5547,1.2474
5548,0.56545
5549,0.9
5550,2.90072
5551,1.005
5552,1.143
5553,1.34048
5554,1.1976
5555,1.375
5556,0.539
5557,1.296
5558,0.72772
5559,1.28104
5560,0.9205
5561,0.195
5562,0.9936
5563,3.84
5564,0.5984
5565,0.864
5566,1.44
5567,1.26825
5568,0.3626
5569,0.736
5570,1.134
5571,1.26
5572,1.5984
5573,0.9
5574,1.05375
5575,1.20204
5576,0.896
5577,2.922
5578,1.06032
5579,0.9
5580,0.768
5581,0.97464
5582,0.564
5583,0.71912
5584,1.035
5585,2.06425
5586,0.432
5587,0.70096
5588,1.41
5589,0.90738
5590,0.46768
5591,0.625
5592,1.28
5593,0.768
5594,1.405
5595,1.265
5596,1.639
5597,0.72518
5598,1.0496
5599,0.735
5600,0.6549
5601,0.70596
5602,0.576
5603,1.37724
5604,1.6
5605,0.678
5606,0.694
5607,0.8856
5608,1.41
5609,2.0
5610,1.2
5611,1.1385
5612,0.28217
5613,2.028
5614,1.895
5615,0.9
5616,0.9
5617,0.73676
5618,1.5847
5619,1.96608
5620,1.2848
5621,1.41
5622,1.78476
5623,1.3475
5624,0.72518
5625,0.88
5626,1.80432
5627,1.1925
5628,0.8932
5629,0.723
5630,0.9718
5631,1.6885
5632,0.55187
5633,1.88928
5634,0.84584
5635,0.6848
5636,0.82944
5637,0.60025
5638,0.66564
5639,1.24
5640,1.025
5641,1.24
5642,1.04
5643,1.3
5644,0.13041
5645,1.875
5646,1.675
5647,0.9
5648,1.25
5649,1.33732
5650,1.0
5651,0.63
5652,1.79646
5653,1.385
5654,1.795
5655,0.88
5656,1.2
5657,0.9
5658,0.47
5659,0.885
5660,2.14016
5661,0.7872
5662,0.256
5663,0.7839
5664,0.594
5665,0.55845
5666,1.2
5667,0.5632
5668,1.65354
5669,0.256
5670,1.375
5671,1.17
5672,0.6357
5673,0.9135
5674,0.90525
5675,0.8284
5676,0.45
5677,0.768
5678,1.405
5679,1.25
5680,0.13041
5681,1.68405
5682,1.161
5683,1.3
5684,1.96608
5685,0.7995
5686,1.25
5687,2.304
5688,0.625
5689,5.1728
5690,0.576
5691,1.675
5692,0.79875
5693,0.9576
5694,0.735
5695,0.67914
5696,1.065
5697,0.0434
5698,1.218
5699,0.13041
5700,0.5
5701,0.13041
5702,0.355
5703,0.768
5704,0.69542
5705,0.576
5706,3.9168
5707,0.80625
5708,0.576
5709,0.13041
5710,2.304
5711,2.737
5712,0.432
5713,1.7024
5714,1.405
5715,0.35
5716,0.9
5717,2.90472
5718,1.815
5719,2.4552
5720,1.055
5721,0.6
5722,1.296
5723,0.792
5724,1.1178
5725,1.51164
5726,1.728
5727,0.9
5728,0.3692
5729,0.576
5730,1.5165
5731,1.599
5732,0.992
5733,0.576
5734,0.4736
5735,0.9
5736,0.904
5737,0.50176
5738,1.4
5739,1.024
5740,1.0
5741,0.35
5742,0.52185
5743,0.62418
