,sum_face_count
0,68
1,73
2,0
3,3
4,7
5,75
6,65
7,0
8,11
9,0
10,0
11,1
12,0
13,65
14,13
15,0
16,52
17,129
18,52
19,25
20,0
21,0
22,0
23,13
24,0
25,0
26,0
27,80
28,40
29,26
30,79
31,9
32,0
33,0
34,0
35,30
36,0
37,0
38,0
39,77
40,77
41,26
42,0
43,48
44,185
45,0
46,72
47,109
48,44
49,0
50,0
51,25
52,0
53,0
54,0
55,7
56,15
57,0
58,8
59,5
60,31
61,17
62,24
63,0
64,48
65,0
66,10
67,28
68,0
69,0
70,61
71,27
72,157
73,17
74,6
75,9
76,0
77,0
78,108
79,55
80,22
81,92
82,81
83,7
84,0
85,0
86,0
87,53
88,0
89,104
90,71
91,29
92,67
93,200
94,0
95,0
96,0
97,0
98,27
99,26
100,0
101,0
102,0
103,53
104,0
105,0
106,31
107,0
108,51
109,26
110,40
111,58
112,66
113,0
114,102
115,40
116,71
117,40
118,11
119,0
120,9
121,5
122,53
123,18
124,0
125,29
126,4
127,0
128,27
129,114
130,0
131,34
132,0
133,60
134,20
135,0
136,0
137,0
138,0
139,2
140,24
141,44
142,5
143,148
144,49
145,0
146,0
147,50
148,0
149,50
150,0
151,305
152,295
153,101
154,0
155,24
156,18
157,0
158,0
159,272
160,0
161,5
162,0
163,27
164,0
165,36
166,0
167,52
168,0
169,0
170,60
171,72
172,8
173,15
174,42
175,0
176,52
177,89
178,10
179,68
180,0
181,0
182,16
183,35
184,25
185,120
186,0
187,0
188,0
189,0
190,0
191,41
192,54
193,199
194,0
195,60
196,23
197,17
198,0
199,139
200,28
201,102
202,42
203,26
204,0
205,0
206,33
207,48
208,10
209,7
210,88
211,44
212,5
213,197
214,0
215,0
216,28
217,0
218,40
219,10
220,0
221,169
222,0
223,1
224,30
225,0
226,65
227,14
228,0
229,0
230,0
231,55
232,5
233,82
234,98
235,0
236,0
237,65
238,0
239,110
240,66
241,78
242,3
243,50
244,2
245,44
246,40
247,0
248,78
249,18
250,110
251,-1
252,21
253,92
254,45
255,58
256,124
257,0
258,0
259,52
260,39
261,27
262,45
263,748
264,200
265,45
266,67
267,0
268,0
269,43
270,0
271,0
272,17
273,0
274,17
275,0
276,7
277,26
278,0
279,0
280,0
281,36
282,55
283,0
284,58
285,75
286,0
287,0
288,42
289,60
290,27
291,101
292,169
293,99
294,31
295,0
296,6
297,8
298,11
299,23
300,23
301,0
302,7
303,0
304,68
305,0
306,41
307,36
308,9
309,79
310,6
311,88
312,0
313,0
314,95
315,0
316,4
317,65
318,0
319,21
320,36
321,0
322,85
323,0
324,30
325,0
326,61
327,0
328,49
329,0
330,9
331,0
332,23
333,0
334,1
335,182
336,11
337,57
338,22
339,0
340,5
341,93
342,0
343,78
344,24
345,5
346,25
347,0
348,15
349,30
350,0
351,11
352,0
353,92
354,23
355,48
356,0
357,0
358,49
359,0
360,129
361,46
362,0
363,240
364,0
365,0
366,102
367,0
368,9
369,5
370,114
371,39
372,0
373,88
374,0
375,18
376,0
377,3
378,38
379,89
380,0
381,199
382,29
383,8
384,4
385,102
386,0
387,23
388,67
389,15
390,58
391,0
392,0
393,33
394,323
395,0
396,1
397,0
398,27
399,0
400,63
401,33
402,1
403,6
404,47
405,17
406,130
407,17
408,91
409,60
410,63
411,5
412,33
413,0
414,0
415,41
416,65
417,147
418,0
419,57
420,147
421,0
422,116
423,68
424,12
425,38
426,147
427,125
428,68
429,22
430,0
431,37
432,0
433,1
434,101
435,28
436,71
437,12
438,114
439,20
440,19
441,78
442,79
443,0
444,9
445,23
446,16
447,78
448,18
449,0
450,66
451,95
452,64
453,23
454,18
455,0
456,42
457,11
458,271
459,50
460,0
461,102
462,0
463,115
464,21
465,100
466,0
467,11
468,103
469,67
470,0
471,24
472,37
473,0
474,52
475,0
476,109
477,9
478,11
479,15
480,0
481,18
482,0
483,0
484,63
485,2
486,16
487,53
488,37
489,49
490,0
491,40
492,1
493,0
494,0
495,25
496,0
497,25
498,0
499,36
500,5
501,47
502,0
503,69
504,0
505,11
506,0
507,0
508,14
509,0
510,0
511,0
512,0
513,15
514,30
515,46
516,56
517,22
518,47
519,3
520,88
521,33
522,4
523,30
524,0
525,0
526,0
527,10
528,0
529,46
530,27
531,33
532,52
533,0
534,39
535,7
536,0
537,0
538,0
539,0
540,12
541,0
542,0
543,44
544,15
545,0
546,0
547,108
548,0
549,11
550,20
551,50
552,26
553,55
554,7
555,0
556,0
557,0
558,59
559,34
560,27
561,0
562,79
563,41
564,0
565,48
566,43
567,73
568,477
569,63
570,0
571,0
572,0
573,17
574,30
575,0
576,1
577,0
578,0
579,9
580,0
581,108
582,0
583,0
584,0
585,0
586,3
587,107
588,53
589,19
590,42
591,0
592,131
593,20
594,0
595,18
596,89
597,22
598,0
599,59
600,103
601,46
602,0
603,33
604,0
605,67
606,35
607,22
608,0
609,28
610,0
611,87
612,39
613,112
614,0
615,19
616,19
617,58
618,0
619,1
620,0
621,0
622,68
623,135
624,0
625,62
626,0
627,0
628,76
629,155
630,0
631,12
632,17
633,61
634,102
635,0
636,54
637,16
638,70
639,28
640,36
641,0
642,29
643,0
644,0
645,0
646,0
647,0
648,26
649,0
650,78
651,2
652,27
653,163
654,0
655,0
656,0
657,1
658,0
659,0
660,30
661,0
662,80
663,23
664,17
665,250
666,14
667,0
668,8
669,65
670,40
671,15
672,0
673,15
674,36
675,46
676,43
677,-1
678,268
679,15
680,0
681,164
682,0
683,33
684,61
685,3
686,0
687,14
688,28
689,24
690,62
691,26
692,44
693,19
694,18
695,0
696,4
697,0
698,0
699,18
700,0
701,0
702,55
703,0
704,0
705,82
706,24
707,10
708,0
709,0
710,42
711,9
712,90
713,0
714,57
715,28
716,0
717,44
718,12
719,0
720,0
721,70
722,98
723,59
724,28
725,191
726,1
727,25
728,15
729,58
730,29
731,11
732,88
733,101
734,0
735,51
736,25
737,0
738,27
739,35
740,0
741,26
742,0
743,1
744,2
745,0
746,0
747,23
748,0
749,182
750,0
751,7
752,0
753,0
754,0
755,140
756,26
757,48
758,1
759,0
760,19
761,18
762,15
763,0
764,0
765,18
766,0
767,-1
768,18
769,0
770,37
771,0
772,48
773,0
774,16
775,65
776,45
777,0
778,0
779,0
780,65
781,35
782,30
783,0
784,0
785,0
786,20
787,15
788,5
789,50
790,0
791,1
792,0
793,25
794,0
795,42
796,110
797,52
798,18
799,0
800,0
801,0
802,0
803,21
804,72
805,86
806,18
807,66
808,23
809,0
810,2
811,0
812,52
813,37
814,69
815,0
816,51
817,0
818,65
819,27
820,11
821,49
822,0
823,1
824,0
825,13
826,75
827,42
828,75
829,0
830,25
831,0
832,45
833,0
834,5
835,257
836,1
837,0
838,0
839,43
840,0
841,0
842,0
843,0
844,0
845,4
846,0
847,36
848,0
849,0
850,42
851,28
852,6
853,0
854,65
855,1
856,25
857,84
858,13
859,0
860,6
861,36
862,31
863,48
864,6
865,0
866,0
867,21
868,10
869,0
870,0
871,0
872,38
873,14
874,24
875,0
876,0
877,94
878,0
879,66
880,29
881,13
882,34
883,12
884,0
885,34
886,44
887,0
888,32
889,129
890,23
891,0
892,30
893,0
894,0
895,0
896,0
897,40
898,0
899,0
900,54
901,3
902,1
903,0
904,16
905,6
906,0
907,12
908,0
909,0
910,0
911,0
912,66
913,0
914,28
915,101
916,48
917,0
918,21
919,106
920,0
921,32
922,17
923,214
924,0
925,17
926,0
927,42
928,0
929,111
930,25
931,20
932,26
933,13
934,8
935,55
936,27
937,0
938,16
939,0
940,4
941,51
942,0
943,28
944,3
945,17
946,30
947,13
948,56
949,43
950,0
951,10
952,0
953,102
954,0
955,0
956,16
957,69
958,17
959,27
960,0
961,4
962,23
963,9
964,15
965,0
966,0
967,0
968,9
969,44
970,148
971,38
972,3
973,0
974,34
975,18
976,38
977,45
978,0
979,19
980,111
981,9
982,28
983,37
984,93
985,35
986,13
987,48
988,0
989,52
990,78
991,0
992,35
993,60
994,0
995,41
996,0
997,0
998,30
999,28
1000,63
1001,97
1002,0
1003,66
1004,0
1005,34
1006,0
1007,59
1008,13
1009,0
1010,6
1011,2
1012,0
1013,0
1014,60
1015,0
1016,0
1017,7
1018,58
1019,28
1020,103
1021,1
1022,131
1023,0
1024,8
1025,28
1026,16
1027,24
1028,10
1029,0
1030,21
1031,25
1032,41
1033,0
1034,18
1035,51
1036,29
1037,34
1038,45
1039,0
1040,44
1041,0
1042,0
1043,137
1044,0
1045,10
1046,21
1047,0
1048,57
1049,1
1050,17
1051,0
1052,9
1053,105
1054,20
1055,25
1056,16
1057,19
1058,0
1059,46
1060,77
1061,528
1062,50
1063,7
1064,57
1065,54
1066,8
1067,36
1068,0
1069,99
1070,31
1071,0
1072,0
1073,0
1074,0
1075,9
1076,0
1077,0
1078,44
1079,1
1080,0
1081,66
1082,0
1083,7
1084,10
1085,0
1086,0
1087,0
1088,103
1089,22
1090,35
1091,2
1092,0
1093,16
1094,31
1095,0
1096,0
1097,210
1098,27
1099,26
1100,39
1101,0
1102,17
1103,0
1104,0
1105,55
1106,85
1107,0
1108,40
1109,28
1110,0
1111,122
1112,0
1113,14
1114,0
1115,51
1116,28
1117,65
1118,33
1119,0
1120,0
1121,87
1122,0
1123,0
1124,77
1125,4
1126,47
1127,11
1128,14
1129,0
1130,0
1131,0
1132,80
1133,0
1134,51
1135,0
1136,21
1137,24
1138,22
1139,42
1140,0
1141,0
1142,0
1143,0
1144,0
1145,11
1146,3
1147,98
1148,0
1149,26
1150,21
1151,0
1152,33
1153,52
1154,288
1155,24
1156,25
1157,7
1158,19
1159,0
1160,1
1161,0
1162,27
1163,0
1164,79
1165,0
1166,0
1167,0
1168,0
1169,24
1170,0
1171,17
1172,0
1173,0
1174,0
1175,51
1176,1
1177,0
1178,14
1179,0
1180,0
1181,22
1182,0
1183,24
1184,0
1185,0
1186,0
1187,0
1188,0
1189,0
1190,33
1191,28
1192,3
1193,28
1194,9
1195,0
1196,129
1197,54
1198,37
1199,0
1200,0
1201,5
1202,248
1203,12
1204,0
1205,15
1206,0
1207,0
1208,21
1209,5
1210,14
1211,26
1212,0
1213,40
1214,99
1215,15
1216,67
1217,83
1218,75
1219,0
1220,56
1221,6
1222,18
1223,61
1224,35
1225,0
1226,63
1227,0
1228,80
1229,0
1230,18
1231,51
1232,0
1233,160
1234,0
1235,0
1236,0
1237,26
1238,45
1239,0
1240,0
1241,7
1242,0
1243,14
1244,29
1245,0
1246,0
1247,18
1248,0
1249,0
1250,26
1251,18
1252,0
1253,33
1254,0
1255,10
1256,0
1257,40
1258,0
1259,27
1260,0
1261,21
1262,0
1263,0
1264,94
1265,0
1266,1
1267,0
1268,0
1269,34
1270,107
1271,0
1272,104
1273,89
1274,1
1275,0
1276,23
1277,0
1278,21
1279,49
1280,0
1281,26
1282,0
1283,51
1284,0
1285,95
1286,51
1287,28
1288,50
1289,78
1290,7
1291,53
1292,0
1293,0
1294,5
1295,20
1296,0
1297,11
1298,36
1299,0
1300,36
1301,22
1302,4
1303,59
1304,182
1305,30
1306,88
1307,22
1308,0
1309,50
1310,33
1311,139
1312,151
1313,0
1314,78
1315,17
1316,0
1317,0
1318,35
1319,0
1320,14
1321,0
1322,1
1323,11
1324,0
1325,0
1326,7
1327,107
1328,106
1329,24
1330,0
1331,84
1332,52
1333,60
1334,54
1335,0
1336,0
1337,21
1338,92
1339,0
1340,23
1341,54
1342,0
1343,31
1344,0
1345,7
1346,1
1347,72
1348,6
1349,14
1350,0
1351,42
1352,0
1353,0
1354,0
1355,82
1356,0
1357,30
1358,0
1359,17
1360,0
1361,0
1362,6
1363,0
1364,0
1365,20
1366,49
1367,0
1368,66
1369,1
1370,0
1371,167
1372,3
1373,29
1374,103
1375,0
1376,0
1377,0
1378,34
1379,26
1380,0
1381,54
1382,33
1383,19
1384,0
1385,0
1386,0
1387,46
1388,101
1389,21
1390,132
1391,21
1392,0
1393,0
1394,57
1395,65
1396,0
1397,69
1398,0
1399,0
1400,1
1401,0
1402,35
1403,0
1404,77
1405,69
1406,58
1407,31
1408,18
1409,49
1410,9
1411,34
1412,0
1413,0
1414,0
1415,0
1416,18
1417,22
1418,0
1419,3
1420,34
1421,199
1422,152
1423,12
1424,75
1425,0
1426,0
1427,0
1428,17
1429,0
1430,24
1431,0
1432,0
1433,18
1434,0
1435,0
1436,11
1437,72
1438,134
1439,10
1440,68
1441,36
1442,128
1443,0
1444,0
1445,15
1446,20
1447,21
1448,8
1449,102
1450,12
1451,34
1452,0
1453,0
1454,55
1455,10
1456,114
1457,15
1458,69
1459,0
1460,0
1461,0
1462,0
1463,49
1464,14
1465,0
1466,12
1467,0
1468,29
1469,0
1470,58
1471,75
1472,36
1473,17
1474,0
1475,60
1476,26
1477,22
1478,20
1479,58
1480,33
1481,26
1482,0
1483,38
1484,40
1485,58
1486,54
1487,0
1488,47
1489,0
1490,59
1491,0
1492,0
1493,30
1494,0
1495,0
1496,575
1497,0
1498,60
1499,19
1500,61
1501,0
1502,2
1503,0
1504,0
1505,33
1506,67
1507,32
1508,0
1509,25
1510,27
1511,1
1512,46
1513,0
1514,10
1515,6
1516,0
1517,0
1518,16
1519,0
1520,0
1521,24
1522,8
1523,2
1524,46
1525,37
1526,11
1527,0
1528,0
1529,0
1530,21
1531,26
1532,0
1533,28
1534,40
1535,67
1536,33
1537,10
1538,36
1539,61
1540,13
1541,0
1542,85
1543,98
1544,79
1545,0
1546,0
1547,60
1548,0
1549,0
1550,0
1551,0
1552,23
1553,21
1554,0
1555,0
1556,61
1557,0
1558,146
1559,12
1560,0
1561,44
1562,26
1563,0
1564,17
1565,0
1566,0
1567,24
1568,20
1569,49
1570,0
1571,61
1572,0
1573,3
1574,63
1575,34
1576,2
1577,8
1578,28
1579,22
1580,18
1581,28
1582,0
1583,31
1584,0
1585,22
1586,5
1587,4
1588,54
1589,50
1590,72
1591,-1
1592,0
1593,193
1594,30
1595,2
1596,64
1597,0
1598,9
1599,26
1600,21
1601,0
1602,73
1603,0
1604,66
1605,43
1606,0
1607,0
1608,30
1609,0
1610,51
1611,9
1612,0
1613,0
1614,0
1615,70
1616,0
1617,4
1618,5
1619,0
1620,3
1621,115
1622,0
1623,41
1624,0
1625,0
1626,106
1627,8
1628,25
1629,0
1630,15
1631,22
1632,58
1633,21
1634,28
1635,-1
1636,56
1637,0
1638,78
1639,8
1640,15
1641,78
1642,18
1643,18
1644,0
1645,2
1646,37
1647,46
1648,0
1649,0
1650,0
1651,24
1652,78
1653,0
1654,0
1655,12
1656,0
1657,51
1658,0
1659,1
1660,0
1661,240
1662,18
1663,32
1664,0
1665,0
1666,121
1667,0
1668,0
1669,35
1670,20
1671,0
1672,1
1673,0
1674,74
1675,25
1676,0
1677,50
1678,44
1679,10
1680,0
1681,23
1682,0
1683,16
1684,14
1685,31
1686,10
1687,22
1688,0
1689,15
1690,48
1691,5
1692,0
1693,16
1694,0
1695,0
1696,0
1697,69
1698,0
1699,0
1700,0
1701,18
1702,0
1703,7
1704,1
1705,90
1706,24
1707,68
1708,27
1709,22
1710,8
1711,36
1712,195
1713,19
1714,18
1715,48
1716,7
1717,0
1718,0
1719,0
1720,0
1721,0
1722,29
1723,148
1724,61
1725,0
1726,112
1727,0
1728,0
1729,8
1730,79
1731,14
1732,0
1733,0
1734,26
1735,15
1736,0
1737,0
1738,0
1739,8
1740,221
1741,0
1742,20
1743,0
1744,6
1745,2
1746,0
1747,53
1748,0
1749,23
1750,24
1751,33
1752,0
1753,7
1754,7
1755,125
1756,0
1757,15
1758,23
1759,12
1760,41
1761,20
1762,36
1763,0
1764,0
1765,25
1766,67
1767,31
1768,8
1769,0
1770,0
1771,0
1772,55
1773,0
1774,13
1775,110
1776,16
1777,98
1778,0
1779,83
1780,0
1781,14
1782,11
1783,73
1784,59
1785,0
1786,0
1787,6
1788,0
1789,0
1790,0
1791,0
1792,15
1793,65
1794,-1
1795,10
1796,23
1797,1
1798,34
1799,16
1800,24
1801,3
1802,0
1803,17
1804,0
1805,0
1806,47
1807,35
1808,0
1809,69
1810,2
1811,0
1812,0
1813,0
1814,0
1815,0
1816,14
1817,116
1818,49
1819,27
1820,20
1821,6
1822,31
1823,45
1824,30
1825,0
1826,38
1827,0
1828,18
1829,24
1830,0
1831,35
1832,20
1833,72
1834,32
1835,48
1836,38
1837,0
1838,0
1839,0
1840,23
1841,0
1842,40
1843,14
1844,0
1845,224
1846,0
1847,45
1848,0
1849,23
1850,306
1851,22
1852,73
1853,161
1854,115
1855,0
1856,0
1857,4
1858,10
1859,26
1860,0
1861,0
1862,0
1863,15
1864,77
1865,64
1866,29
1867,171
1868,0
1869,0
1870,0
1871,46
1872,11
1873,0
1874,20
1875,28
1876,0
1877,0
1878,51
1879,0
1880,0
1881,4
1882,28
1883,10
1884,25
1885,14
1886,0
1887,158
1888,32
1889,128
1890,0
1891,75
1892,23
1893,48
1894,25
1895,0
1896,0
1897,78
1898,19
1899,60
1900,4
1901,3
1902,0
1903,0
1904,0
1905,28
1906,43
1907,11
1908,0
1909,80
1910,26
1911,0
1912,41
1913,0
1914,0
1915,16
1916,0
1917,18
1918,110
1919,0
1920,32
1921,61
1922,31
1923,34
1924,0
1925,0
1926,39
1927,32
1928,8
1929,101
1930,111
1931,0
1932,36
1933,0
1934,11
1935,0
1936,15
1937,16
1938,0
1939,0
1940,0
1941,7
1942,0
1943,48
1944,0
1945,94
1946,0
1947,0
1948,77
1949,70
1950,0
1951,0
1952,33
1953,0
1954,6
1955,0
1956,0
1957,56
1958,0
1959,75
1960,0
1961,74
1962,11
1963,0
1964,0
1965,8
1966,0
1967,41
1968,7
1969,162
1970,32
1971,0
1972,1
1973,11
1974,99
1975,74
1976,44
1977,0
1978,0
1979,0
1980,13
1981,108
1982,31
1983,26
1984,73
1985,9
1986,30
1987,47
1988,49
1989,11
1990,19
1991,82
1992,31
1993,41
1994,32
1995,14
1996,52
1997,0
1998,5
1999,31
2000,1
2001,0
2002,1
2003,21
2004,62
2005,8
2006,49
2007,0
2008,0
2009,2
2010,0
2011,0
2012,0
2013,72
2014,1
2015,68
2016,0
2017,0
2018,63
2019,9
2020,10
2021,0
2022,18
2023,0
2024,1
2025,24
2026,0
2027,63
2028,118
2029,0
2030,42
2031,26
2032,33
2033,37
2034,13
2035,7
2036,0
2037,19
2038,113
2039,92
2040,62
2041,0
2042,13
2043,64
2044,39
2045,0
2046,10
2047,0
2048,44
2049,0
2050,13
2051,-1
2052,44
2053,0
2054,21
2055,16
2056,0
2057,86
2058,0
2059,0
2060,1
2061,15
2062,2
2063,0
2064,0
2065,-1
2066,77
2067,21
2068,8
2069,20
2070,90
2071,5
2072,242
2073,27
2074,7
2075,18
2076,26
2077,96
2078,0
2079,8
2080,79
2081,30
2082,52
2083,37
2084,54
2085,21
2086,3
2087,0
2088,39
2089,0
2090,23
2091,4
2092,0
2093,0
2094,4
2095,4
2096,48
2097,19
2098,85
2099,17
2100,10
2101,0
2102,53
2103,9
2104,0
2105,0
2106,0
2107,1
2108,52
2109,5
2110,41
2111,0
2112,31
2113,68
2114,0
2115,0
2116,38
2117,0
2118,0
2119,17
2120,102
2121,10
2122,0
2123,10
2124,129
2125,103
2126,0
2127,0
2128,83
2129,69
2130,0
2131,0
2132,0
2133,0
2134,0
2135,0
2136,18
2137,7
2138,0
2139,0
2140,0
2141,27
2142,62
2143,0
2144,40
2145,25
2146,9
2147,0
2148,0
2149,4
2150,49
2151,17
2152,28
2153,0
2154,82
2155,0
2156,13
2157,12
2158,0
2159,0
2160,96
2161,80
2162,0
2163,116
2164,166
2165,0
2166,0
2167,0
2168,-1
2169,19
2170,9
2171,30
2172,0
2173,42
2174,0
2175,0
2176,120
2177,8
2178,42
2179,0
2180,83
2181,21
2182,32
2183,18
2184,0
2185,63
2186,64
2187,0
2188,2
2189,76
2190,0
2191,47
2192,19
2193,48
2194,0
2195,0
2196,14
2197,2
2198,31
2199,10
2200,0
2201,30
2202,0
2203,2
2204,91
2205,3
2206,54
2207,132
2208,124
2209,72
2210,13
2211,0
2212,37
2213,88
2214,0
2215,26
2216,0
2217,0
2218,-1
2219,8
2220,0
2221,15
2222,8
2223,54
2224,0
2225,0
2226,0
2227,0
2228,0
2229,13
2230,21
2231,0
2232,6
2233,119
2234,39
2235,0
2236,0
2237,23
2238,51
2239,0
2240,0
2241,14
2242,13
2243,72
2244,0
2245,14
2246,21
2247,112
2248,59
2249,0
2250,28
2251,32
2252,15
2253,238
2254,0
2255,0
2256,110
2257,134
2258,1
2259,48
2260,0
2261,5
2262,0
2263,32
2264,103
2265,0
2266,129
2267,8
2268,21
2269,59
2270,8
2271,33
2272,23
2273,0
2274,105
2275,0
2276,7
2277,21
2278,0
2279,11
2280,66
2281,0
2282,18
2283,40
2284,0
2285,52
2286,46
2287,17
2288,50
2289,2
2290,26
2291,0
2292,63
2293,55
2294,18
2295,31
2296,0
2297,59
2298,30
2299,16
2300,0
2301,37
2302,0
2303,28
2304,10
2305,0
2306,0
2307,0
2308,29
2309,103
2310,5
2311,0
2312,0
2313,74
2314,0
2315,3
2316,27
2317,17
2318,0
2319,2
2320,0
2321,16
2322,0
2323,0
2324,22
2325,0
2326,112
2327,17
2328,30
2329,73
2330,4
2331,28
2332,0
2333,49
2334,199
2335,0
2336,50
2337,22
2338,15
2339,0
2340,31
2341,16
2342,25
2343,61
2344,59
2345,31
2346,56
2347,15
2348,0
2349,31
2350,0
2351,12
2352,55
2353,0
2354,12
2355,15
2356,50
2357,15
2358,0
2359,82
2360,39
2361,109
2362,0
2363,38
2364,0
2365,6
2366,91
2367,40
2368,38
2369,0
2370,38
2371,0
2372,72
2373,66
2374,60
2375,166
2376,0
2377,12
2378,58
2379,59
2380,54
2381,0
2382,66
2383,43
2384,12
2385,0
2386,27
2387,20
2388,3
2389,124
2390,45
2391,124
2392,0
2393,0
2394,0
2395,47
2396,0
2397,47
2398,87
2399,98
2400,30
2401,5
2402,0
2403,0
2404,27
2405,31
2406,59
2407,102
2408,56
2409,1
2410,55
2411,0
2412,0
2413,0
2414,125
2415,44
2416,260
2417,19
2418,16
2419,52
2420,0
2421,0
2422,0
2423,0
2424,0
2425,30
2426,0
2427,108
2428,11
2429,0
2430,18
2431,7
2432,0
2433,30
2434,18
2435,8
2436,48
2437,18
2438,112
2439,0
2440,0
2441,6
2442,0
2443,14
2444,52
2445,56
2446,15
2447,0
2448,0
2449,37
2450,107
2451,58
2452,31
2453,1
2454,60
2455,46
2456,15
2457,0
2458,46
2459,25
2460,4
2461,0
2462,15
2463,113
2464,63
2465,24
2466,0
2467,8
2468,25
2469,26
2470,0
2471,0
2472,4
2473,21
2474,0
2475,0
2476,13
2477,20
2478,0
2479,0
2480,18
2481,14
2482,41
2483,69
2484,44
2485,43
2486,59
2487,0
2488,0
2489,35
2490,0
2491,26
2492,2
2493,0
2494,42
2495,1
2496,0
2497,56
2498,14
2499,7
2500,12
2501,0
2502,0
2503,48
2504,12
2505,0
2506,115
2507,18
2508,49
2509,1
2510,148
2511,26
2512,20
2513,81
2514,493
2515,46
2516,14
2517,50
2518,39
2519,30
2520,40
2521,1
2522,200
2523,0
2524,66
2525,16
2526,0
2527,0
2528,29
2529,30
2530,0
2531,126
2532,48
2533,27
2534,148
2535,0
2536,34
2537,0
2538,75
2539,15
2540,28
2541,0
2542,0
2543,58
2544,64
2545,0
2546,7
2547,0
2548,90
2549,44
2550,0
2551,0
2552,0
2553,19
2554,70
2555,0
2556,10
2557,38
2558,26
2559,2
2560,21
2561,0
2562,0
2563,76
2564,153
2565,0
2566,153
2567,0
2568,58
2569,50
2570,30
2571,37
2572,126
2573,66
2574,7
2575,208
2576,0
2577,3
2578,14
2579,93
2580,0
2581,27
2582,148
2583,69
2584,0
2585,0
2586,121
2587,119
2588,0
2589,100
2590,19
2591,0
2592,0
2593,11
2594,29
2595,18
2596,0
2597,61
2598,0
2599,32
2600,10
2601,0
2602,18
2603,0
2604,0
2605,7
2606,0
2607,-1
2608,55
2609,13
2610,119
2611,0
2612,11
2613,0
2614,34
2615,0
2616,0
2617,0
2618,93
2619,0
2620,35
2621,12
2622,0
2623,41
2624,0
2625,39
2626,48
2627,26
2628,0
2629,26
2630,101
2631,27
2632,2
2633,0
2634,47
2635,0
2636,0
2637,0
2638,27
2639,0
2640,9
2641,18
2642,1
2643,0
2644,79
2645,0
2646,38
2647,0
2648,14
2649,52
2650,1
2651,2
2652,67
2653,0
2654,58
2655,41
2656,33
2657,48
2658,36
2659,0
2660,24
2661,22
2662,0
2663,0
2664,0
2665,0
2666,5
2667,28
2668,102
2669,30
2670,61
2671,46
2672,48
2673,0
2674,82
2675,50
2676,0
2677,0
2678,0
2679,14
2680,62
2681,29
2682,0
2683,0
2684,0
2685,26
2686,22
2687,0
2688,106
2689,0
2690,64
2691,82
2692,61
2693,10
2694,0
2695,81
2696,30
2697,30
2698,0
2699,0
2700,33
2701,47
2702,0
2703,15
2704,0
2705,7
2706,0
2707,0
2708,22
2709,0
2710,38
2711,49
2712,28
2713,163
2714,2
2715,0
2716,2
2717,119
2718,0
2719,0
2720,161
2721,0
2722,14
2723,0
2724,0
2725,17
2726,0
2727,28
2728,45
2729,1
2730,0
2731,45
2732,25
2733,45
2734,0
2735,0
2736,55
2737,61
2738,7
2739,43
2740,66
2741,11
2742,18
2743,9
2744,6
2745,28
2746,0
2747,12
2748,22
2749,42
2750,18
2751,25
2752,324
2753,4
2754,0
2755,0
2756,11
2757,1
2758,0
2759,52
2760,6
2761,237
2762,0
2763,42
2764,18
2765,0
2766,0
2767,45
2768,8
2769,63
2770,58
2771,112
2772,3
2773,0
2774,40
2775,50
2776,0
2777,0
2778,0
2779,35
2780,24
2781,13
2782,16
2783,16
2784,0
2785,51
2786,18
2787,18
2788,0
2789,25
2790,13
2791,7
2792,12
2793,4
2794,24
2795,0
2796,17
2797,0
2798,3
2799,0
2800,0
2801,0
2802,30
2803,20
2804,0
2805,0
2806,0
2807,9
2808,16
2809,24
2810,0
2811,70
2812,1
2813,4
2814,0
2815,0
2816,40
2817,53
2818,14
2819,0
2820,0
2821,17
2822,149
2823,0
2824,0
2825,42
2826,4
2827,41
2828,0
2829,25
2830,12
2831,6
2832,115
2833,6
2834,0
2835,0
2836,0
2837,9
2838,0
2839,3
2840,6
2841,0
2842,26
2843,0
2844,18
2845,0
2846,0
2847,231
2848,0
2849,0
2850,6
2851,125
2852,52
2853,0
2854,17
2855,22
2856,64
2857,25
2858,35
2859,0
2860,0
2861,0
2862,28
2863,14
2864,92
2865,43
2866,57
2867,30
2868,0
2869,21
2870,0
2871,0
2872,0
2873,27
2874,50
2875,0
2876,30
2877,49
2878,0
2879,18
2880,0
2881,14
2882,27
2883,5
2884,0
2885,115
2886,26
2887,0
2888,67
2889,89
2890,0
2891,28
2892,17
2893,31
2894,0
2895,46
2896,0
2897,0
2898,80
2899,0
2900,29
2901,24
2902,8
2903,0
2904,22
2905,-1
2906,68
2907,5
2908,245
2909,64
2910,21
2911,14
2912,-1
2913,47
2914,5
2915,0
2916,20
2917,0
2918,51
2919,0
2920,0
2921,0
2922,32
2923,67
2924,51
2925,0
2926,101
2927,0
2928,38
2929,13
2930,22
2931,18
2932,59
2933,24
2934,59
2935,0
2936,0
2937,0
2938,2
2939,0
2940,112
2941,20
2942,0
2943,0
2944,77
2945,211
2946,74
2947,0
2948,0
2949,0
2950,160
2951,32
2952,0
2953,0
2954,18
2955,0
2956,14
2957,0
2958,46
2959,12
2960,24
2961,0
2962,0
2963,69
2964,91
2965,55
2966,46
2967,18
2968,30
2969,41
2970,43
2971,33
2972,50
2973,0
2974,172
2975,0
2976,77
2977,85
2978,50
2979,0
2980,14
2981,51
2982,0
2983,10
2984,47
2985,6
2986,65
2987,0
2988,28
2989,38
2990,24
2991,20
2992,0
2993,0
2994,76
2995,24
2996,0
2997,20
2998,0
2999,0
3000,-1
3001,24
3002,66
3003,22
3004,0
3005,15
3006,3
3007,0
3008,0
3009,22
3010,30
3011,102
3012,124
3013,0
3014,0
3015,47
3016,0
3017,75
3018,0
3019,0
3020,0
3021,36
3022,0
3023,53
3024,195
3025,0
3026,38
3027,0
3028,14
3029,27
3030,23
3031,111
3032,15
3033,44
3034,55
3035,79
3036,113
3037,11
3038,-1
3039,0
3040,16
3041,88
3042,70
3043,10
3044,2
3045,1
3046,0
3047,53
3048,0
3049,6
3050,107
3051,48
3052,21
3053,9
3054,1
3055,18
3056,0
3057,93
3058,0
3059,30
3060,15
3061,0
3062,33
3063,49
3064,38
3065,27
3066,0
3067,0
3068,154
3069,33
3070,51
3071,0
3072,0
3073,10
3074,5
3075,0
3076,44
3077,5
3078,0
3079,5
3080,1
3081,0
3082,148
3083,0
3084,438
3085,27
3086,0
3087,11
3088,0
3089,13
3090,0
3091,19
3092,22
3093,0
3094,59
3095,0
3096,0
3097,14
3098,1
3099,5
3100,19
3101,22
3102,34
3103,0
3104,10
3105,13
3106,0
3107,4
3108,23
3109,-1
3110,0
3111,30
3112,14
3113,25
3114,66
3115,21
3116,61
3117,115
3118,12
3119,19
3120,0
3121,47
3122,18
3123,33
3124,0
3125,0
3126,0
3127,2
3128,0
3129,91
3130,49
3131,79
3132,54
3133,0
3134,40
3135,9
3136,31
3137,0
3138,107
3139,25
3140,24
3141,0
3142,37
3143,0
3144,14
3145,99
3146,31
3147,6
3148,0
3149,81
3150,17
3151,0
3152,0
3153,0
3154,73
3155,42
3156,9
3157,37
3158,147
3159,33
3160,0
3161,38
3162,25
3163,15
3164,83
3165,31
3166,26
3167,0
3168,78
3169,179
3170,11
3171,47
3172,15
3173,0
3174,0
3175,114
3176,24
3177,48
3178,119
3179,16
3180,69
3181,14
3182,0
3183,77
3184,0
3185,0
3186,0
3187,0
3188,0
3189,0
3190,0
3191,0
3192,18
3193,52
3194,47
3195,9
3196,0
3197,38
3198,0
3199,0
3200,14
3201,0
3202,53
3203,14
3204,0
3205,125
3206,44
3207,0
3208,44
3209,94
3210,0
3211,6
3212,19
3213,51
3214,28
3215,43
3216,10
3217,18
3218,0
3219,0
3220,3
3221,55
3222,23
3223,30
3224,7
3225,0
3226,21
3227,43
3228,30
3229,34
3230,17
3231,0
3232,0
3233,20
3234,41
3235,166
3236,0
3237,0
3238,19
3239,0
3240,65
3241,0
3242,0
3243,15
3244,0
3245,38
3246,149
3247,1
3248,0
3249,0
3250,148
3251,0
3252,10
3253,54
3254,34
3255,0
3256,36
3257,2
3258,0
3259,14
3260,82
3261,79
3262,67
3263,8
3264,53
3265,11
3266,9
3267,133
3268,6
3269,0
3270,28
3271,0
3272,71
3273,55
3274,0
3275,0
3276,13
3277,0
3278,0
3279,49
3280,13
3281,0
3282,61
3283,65
3284,0
3285,9
3286,66
3287,22
3288,0
3289,75
3290,83
3291,36
3292,51
3293,0
3294,36
3295,16
3296,0
3297,25
3298,247
3299,28
3300,4
3301,0
3302,0
3303,8
3304,6
3305,14
3306,0
3307,80
3308,0
3309,46
3310,25
3311,0
3312,0
3313,151
3314,9
3315,15
3316,14
3317,0
3318,-1
3319,23
3320,39
3321,31
3322,61
3323,34
3324,55
3325,83
3326,-1
3327,43
3328,168
3329,0
3330,6
3331,69
3332,20
3333,28
3334,0
3335,14
3336,42
3337,11
3338,28
3339,0
3340,27
3341,0
3342,21
3343,0
3344,26
3345,493
3346,59
3347,0
3348,55
3349,21
3350,0
3351,0
3352,45
3353,0
3354,66
3355,27
3356,22
3357,4
3358,0
3359,7
3360,21
3361,0
3362,0
3363,15
3364,13
3365,22
3366,21
3367,65
3368,0
3369,0
3370,12
3371,3
3372,0
3373,0
3374,11
3375,25
3376,748
3377,19
3378,20
3379,136
3380,2
3381,75
3382,0
3383,0
3384,61
3385,14
3386,12
3387,14
3388,54
3389,21
3390,0
3391,57
3392,13
3393,0
3394,0
3395,-1
3396,0
3397,0
3398,16
3399,0
3400,30
3401,9
3402,4
3403,38
3404,40
3405,26
3406,0
3407,147
3408,41
3409,42
3410,0
3411,12
3412,0
3413,30
3414,16
3415,27
3416,0
3417,0
3418,60
3419,6
3420,27
3421,0
3422,33
3423,15
3424,0
3425,61
3426,0
3427,25
3428,0
3429,32
3430,0
3431,98
3432,33
3433,0
3434,64
3435,36
3436,0
3437,11
3438,154
3439,12
3440,0
3441,0
3442,21
3443,7
3444,0
3445,3
3446,13
3447,11
3448,26
3449,26
3450,63
3451,156
3452,0
3453,0
3454,84
3455,36
3456,46
3457,14
3458,15
3459,18
3460,5
3461,22
3462,75
3463,40
3464,11
3465,0
3466,0
3467,3
3468,19
3469,0
3470,67
3471,37
3472,1
3473,24
3474,0
3475,17
3476,0
3477,0
3478,2
3479,32
3480,11
3481,59
3482,0
3483,0
3484,9
3485,1
3486,30
3487,0
3488,0
3489,30
3490,132
3491,0
3492,154
3493,26
3494,17
3495,0
3496,11
3497,115
3498,44
3499,53
3500,17
3501,1
3502,96
3503,0
3504,14
3505,13
3506,14
3507,17
3508,11
3509,30
3510,14
3511,25
3512,81
3513,0
3514,0
3515,0
3516,26
3517,15
3518,0
3519,133
3520,23
3521,13
3522,0
3523,0
3524,0
3525,0
3526,23
3527,0
3528,0
3529,39
3530,0
3531,47
3532,4
3533,14
3534,113
3535,36
3536,0
3537,0
3538,45
3539,0
3540,15
3541,28
3542,5
3543,98
3544,42
3545,0
3546,84
3547,0
3548,11
3549,11
3550,21
3551,30
3552,17
3553,60
3554,-1
3555,0
3556,45
3557,35
3558,43
3559,0
3560,0
3561,8
3562,0
3563,271
3564,0
3565,37
3566,166
3567,13
3568,0
3569,11
3570,0
3571,38
3572,30
3573,2
3574,52
3575,27
3576,1
3577,38
3578,0
3579,22
3580,129
3581,15
3582,42
3583,28
3584,0
3585,15
3586,0
3587,0
3588,5
3589,10
3590,0
3591,0
3592,164
3593,24
3594,167
3595,128
3596,0
3597,25
3598,0
3599,0
3600,18
3601,51
3602,115
3603,96
3604,28
3605,0
3606,46
3607,39
3608,31
3609,6
3610,0
3611,91
3612,0
3613,0
3614,13
3615,0
3616,60
3617,226
3618,8
3619,11
3620,0
3621,0
3622,0
3623,26
3624,24
3625,0
3626,0
3627,18
3628,0
3629,0
3630,30
3631,0
3632,0
3633,16
3634,0
3635,87
3636,0
3637,151
3638,0
3639,72
3640,0
3641,29
3642,50
3643,0
3644,48
3645,0
3646,22
3647,0
3648,0
3649,0
3650,44
3651,0
3652,36
3653,8
3654,0
3655,16
3656,76
3657,38
3658,0
3659,673
3660,13
3661,63
3662,0
3663,18
3664,0
3665,44
3666,3
3667,37
3668,38
3669,52
3670,0
3671,50
3672,0
3673,0
3674,0
3675,0
3676,13
3677,0
3678,69
3679,0
3680,0
3681,227
3682,13
3683,52
3684,3
3685,0
3686,0
3687,53
3688,0
3689,0
3690,0
3691,96
3692,248
3693,17
3694,0
3695,67
3696,38
3697,0
3698,55
3699,43
3700,60
3701,26
3702,0
3703,14
3704,0
3705,12
3706,0
3707,89
3708,84
3709,0
3710,43
3711,2
3712,60
3713,1
3714,0
3715,0
3716,105
3717,64
3718,75
3719,43
3720,106
3721,0
3722,-1
3723,27
3724,140
3725,2
3726,0
3727,45
3728,77
3729,90
3730,13
3731,28
3732,70
3733,31
3734,134
3735,43
3736,0
3737,2
3738,0
3739,72
3740,98
3741,3
3742,24
3743,24
3744,0
3745,2
3746,0
3747,1
3748,32
3749,0
3750,0
3751,60
3752,22
3753,0
3754,0
3755,17
3756,0
3757,0
3758,0
3759,32
3760,36
3761,72
3762,21
3763,64
3764,38
3765,0
3766,64
3767,99
3768,0
3769,75
3770,39
3771,0
3772,0
3773,0
3774,10
3775,14
3776,11
3777,129
3778,0
3779,0
3780,0
3781,50
3782,36
3783,21
3784,0
3785,0
3786,31
3787,30
3788,41
3789,15
3790,47
3791,0
3792,150
3793,-1
3794,76
3795,0
3796,75
3797,0
3798,3
3799,0
3800,11
3801,41
3802,0
3803,15
3804,0
3805,6
3806,0
3807,22
3808,32
3809,149
3810,0
3811,3
3812,15
3813,58
3814,91
3815,44
3816,0
3817,26
3818,140
3819,43
3820,77
3821,0
3822,12
3823,21
3824,0
3825,0
3826,32
3827,2
3828,0
3829,0
3830,0
3831,300
3832,62
3833,23
3834,30
3835,28
3836,0
3837,8
3838,12
3839,15
3840,260
3841,9
3842,73
3843,0
3844,2
3845,146
3846,0
3847,43
3848,28
3849,81
3850,32
3851,4
3852,0
3853,5
3854,70
3855,21
3856,0
3857,119
3858,0
3859,44
3860,62
3861,0
3862,0
3863,0
3864,22
3865,0
3866,4
3867,50
3868,0
3869,0
3870,17
3871,61
3872,74
3873,115
3874,0
3875,0
3876,17
3877,-1
3878,0
3879,18
3880,0
3881,0
3882,50
3883,60
3884,0
3885,10
3886,16
3887,0
3888,26
3889,0
3890,42
3891,50
3892,115
3893,53
3894,8
3895,26
3896,0
3897,33
3898,0
3899,50
3900,169
3901,18
3902,4
3903,150
3904,18
3905,0
3906,-1
3907,25
3908,15
3909,0
3910,10
3911,21
3912,10
3913,0
3914,9
3915,0
3916,0
3917,22
3918,76
3919,16
3920,0
3921,20
3922,0
3923,0
3924,75
3925,13
3926,0
3927,66
3928,0
3929,28
3930,0
3931,19
3932,93
3933,0
3934,46
3935,28
3936,0
3937,133
3938,14
3939,34
3940,24
3941,0
3942,0
3943,29
3944,0
3945,0
3946,4
3947,0
3948,0
3949,25
3950,19
3951,21
3952,36
3953,0
3954,0
3955,183
3956,33
3957,153
3958,-1
3959,8
3960,0
3961,12
3962,0
3963,0
3964,38
3965,11
3966,54
3967,28
3968,39
3969,24
3970,44
3971,19
3972,0
3973,0
3974,14
3975,0
3976,15
3977,0
3978,33
3979,9
3980,20
3981,0
3982,0
3983,0
3984,14
3985,148
3986,0
3987,112
3988,42
3989,3
3990,24
3991,0
3992,0
3993,129
3994,37
3995,29
3996,46
3997,37
3998,24
3999,0
4000,2
4001,32
4002,7
4003,23
4004,57
4005,0
4006,44
4007,21
4008,19
4009,74
4010,9
4011,14
4012,25
4013,101
4014,10
4015,24
4016,3
4017,21
4018,0
4019,0
4020,0
4021,0
4022,0
4023,15
4024,174
4025,0
4026,58
4027,111
4028,0
4029,15
4030,0
4031,14
4032,2
4033,17
4034,11
4035,70
4036,28
4037,0
4038,40
4039,27
4040,17
4041,43
4042,52
4043,130
4044,37
4045,0
4046,0
4047,15
4048,4
4049,0
4050,23
4051,18
4052,35
4053,4
4054,5
4055,0
4056,14
4057,9
4058,-1
4059,335
4060,0
4061,81
4062,0
4063,0
4064,54
4065,3
4066,0
4067,5
4068,11
4069,37
4070,0
4071,0
4072,23
4073,0
4074,0
4075,19
4076,13
4077,91
4078,20
4079,-1
4080,81
4081,15
4082,0
4083,60
4084,0
4085,90
4086,360
4087,39
4088,53
4089,50
4090,67
4091,106
4092,65
4093,0
4094,0
4095,0
4096,0
4097,6
4098,0
4099,92
4100,25
4101,0
4102,21
4103,100
4104,0
4105,39
4106,30
4107,9
4108,10
4109,69
4110,0
4111,98
4112,49
4113,4
4114,0
4115,0
4116,0
4117,15
4118,31
4119,0
4120,0
4121,0
4122,77
4123,4
4124,92
4125,0
4126,0
4127,0
4128,63
4129,22
4130,55
4131,406
4132,0
4133,112
4134,41
4135,129
4136,98
4137,103
4138,0
4139,30
4140,103
4141,0
4142,18
4143,54
4144,-1
4145,93
4146,20
4147,73
4148,73
4149,125
4150,0
4151,0
4152,120
4153,31
4154,36
4155,57
4156,18
4157,117
4158,166
4159,8
4160,144
4161,0
4162,0
4163,0
4164,0
4165,0
4166,0
4167,98
4168,1044
4169,0
4170,12
4171,46
4172,0
4173,0
4174,34
4175,17
4176,0
4177,0
4178,0
4179,0
4180,15
4181,0
4182,33
4183,37
4184,7
4185,31
4186,110
4187,0
4188,49
4189,30
4190,24
4191,57
4192,37
4193,0
4194,14
4195,0
4196,63
4197,8
4198,0
4199,-1
4200,72
4201,1
4202,204
4203,75
4204,310
4205,0
4206,7
4207,37
4208,16
4209,51
4210,21
4211,0
4212,0
4213,0
4214,6
4215,15
4216,0
4217,0
4218,-1
4219,3
4220,13
4221,0
4222,9
4223,44
4224,0
4225,30
4226,1
4227,74
4228,30
4229,0
4230,13
4231,43
4232,24
4233,7
4234,29
4235,4
4236,18
4237,82
4238,5
4239,0
4240,49
4241,0
4242,0
4243,18
4244,7
4245,31
4246,154
4247,0
4248,0
4249,11
4250,44
4251,0
4252,11
4253,14
4254,0
4255,18
4256,15
4257,25
4258,0
4259,0
4260,0
4261,0
4262,0
4263,67
4264,45
4265,32
4266,27
4267,0
4268,0
4269,107
4270,0
4271,7
4272,77
4273,27
4274,53
4275,-1
4276,26
4277,10
4278,12
4279,0
4280,28
4281,0
4282,8
4283,11
4284,29
4285,190
4286,0
4287,45
4288,0
4289,-1
4290,-1
4291,-1
4292,-1
4293,-1
4294,-1
4295,-1
4296,22
4297,43
4298,2
4299,17
4300,30
4301,8
4302,8
4303,37
4304,0
4305,0
4306,5
4307,14
4308,-1
4309,26
4310,1
4311,8
4312,0
4313,0
4314,0
4315,38
4316,42
4317,75
4318,65
4319,45
4320,0
4321,0
4322,0
4323,0
4324,10
4325,16
4326,0
4327,44
4328,0
4329,20
4330,10
4331,13
4332,88
4333,-1
4334,0
4335,0
4336,14
4337,0
4338,79
4339,28
4340,7
4341,68
4342,39
4343,0
4344,0
4345,10
4346,0
4347,0
4348,23
4349,26
4350,183
4351,10
4352,0
4353,41
4354,3
4355,0
4356,-1
4357,0
4358,0
4359,29
4360,72
4361,23
4362,0
4363,2
4364,0
4365,0
4366,66
4367,0
4368,45
4369,0
4370,20
4371,19
4372,108
4373,334
4374,83
4375,5
4376,78
4377,46
4378,0
4379,67
4380,25
4381,0
4382,61
4383,-1
4384,0
4385,9
4386,10
4387,0
4388,40
4389,40
4390,37
4391,150
4392,0
4393,56
4394,0
4395,106
4396,159
4397,20
4398,0
4399,128
4400,37
4401,60
4402,91
4403,10
4404,45
4405,0
4406,27
4407,65
4408,169
4409,12
4410,0
4411,0
4412,0
4413,35
4414,5
4415,0
4416,4
4417,0
4418,23
4419,56
4420,-1
4421,13
4422,0
4423,17
4424,0
4425,12
4426,60
4427,41
4428,0
4429,6
4430,0
4431,23
4432,34
4433,89
4434,44
4435,9
4436,0
4437,4
4438,0
4439,22
4440,0
4441,17
4442,0
4443,43
4444,0
4445,89
4446,0
4447,0
4448,0
4449,9
4450,19
4451,0
4452,0
4453,0
4454,17
4455,-1
4456,77
4457,0
4458,9
4459,28
4460,0
4461,105
4462,0
4463,13
4464,16
4465,21
4466,11
4467,14
4468,17
4469,43
4470,1
4471,0
4472,0
4473,79
4474,0
4475,20
4476,0
4477,36
4478,37
4479,22
4480,0
4481,88
4482,0
4483,22
4484,175
4485,0
4486,104
4487,81
4488,90
4489,26
4490,21
4491,4
4492,0
4493,63
4494,89
4495,156
4496,22
4497,0
4498,0
4499,0
4500,0
4501,20
4502,20
4503,4
4504,0
4505,31
4506,1
4507,0
4508,30
4509,214
4510,0
4511,0
4512,115
4513,29
4514,13
4515,148
4516,8
4517,20
4518,21
4519,0
4520,112
4521,36
4522,0
4523,1
4524,2
4525,156
4526,0
4527,0
4528,12
4529,22
4530,25
4531,85
4532,0
4533,10
4534,29
4535,42
4536,15
4537,0
4538,0
4539,0
4540,0
4541,0
4542,-1
4543,14
4544,0
4545,0
4546,0
4547,4
4548,14
4549,4
4550,18
4551,26
4552,57
4553,5
4554,11
4555,0
4556,0
4557,0
4558,39
4559,2
4560,0
4561,0
4562,109
4563,0
4564,0
4565,-1
4566,74
4567,7
4568,8
4569,0
4570,0
4571,24
4572,0
4573,-1
4574,0
4575,63
4576,0
4577,0
4578,103
4579,-1
4580,0
4581,0
4582,0
4583,0
4584,8
4585,0
4586,0
4587,0
4588,13
4589,288
4590,18
4591,0
4592,45
4593,0
4594,0
4595,24
4596,37
4597,67
4598,0
4599,-1
4600,2
4601,0
4602,38
4603,2
4604,24
4605,7
4606,0
4607,0
4608,0
4609,0
4610,46
4611,14
4612,0
4613,16
4614,0
4615,0
4616,29
4617,24
4618,30
4619,0
4620,17
4621,1
4622,0
4623,0
4624,20
4625,65
4626,43
4627,60
4628,10
4629,6
4630,166
4631,17
4632,58
4633,0
4634,66
4635,0
4636,33
4637,4
4638,34
4639,41
4640,98
4641,0
4642,154
4643,20
4644,2
4645,0
4646,31
4647,0
4648,4
4649,0
4650,0
4651,72
4652,16
4653,30
4654,46
4655,9
4656,0
4657,0
4658,64
4659,113
4660,92
4661,-1
4662,53
4663,3
4664,23
4665,0
4666,0
4667,0
4668,38
4669,0
4670,10
4671,46
4672,0
4673,2
4674,15
4675,0
4676,0
4677,0
4678,4
4679,60
4680,0
4681,11
4682,0
4683,29
4684,69
4685,9
4686,14
4687,21
4688,0
4689,0
4690,42
4691,16
4692,10
4693,0
4694,18
4695,72
4696,0
4697,72
4698,0
4699,68
4700,103
4701,0
4702,-1
4703,0
4704,97
4705,34
4706,0
4707,0
4708,0
4709,0
4710,24
4711,0
4712,221
4713,0
4714,72
4715,112
4716,0
4717,20
4718,0
4719,0
4720,0
4721,72
4722,4
4723,29
4724,208
4725,0
4726,52
4727,0
4728,0
4729,0
4730,43
4731,0
4732,13
4733,0
4734,27
4735,0
4736,21
4737,0
4738,26
4739,14
4740,7
4741,0
4742,0
4743,0
4744,180
4745,0
4746,73
4747,0
4748,0
4749,-1
4750,0
4751,15
4752,103
4753,25
4754,0
4755,0
4756,28
4757,28
4758,0
4759,0
4760,0
4761,0
4762,26
4763,25
4764,0
4765,10
4766,0
4767,30
4768,-1
4769,0
4770,75
4771,0
4772,0
4773,55
4774,2
4775,0
4776,0
4777,10
4778,41
4779,17
4780,4
4781,5
4782,1
4783,53
4784,22
4785,17
4786,0
4787,49
4788,26
4789,81
4790,0
4791,48
4792,50
4793,0
4794,46
4795,0
4796,24
4797,137
4798,11
4799,21
4800,31
4801,-1
4802,0
4803,10
4804,13
4805,0
4806,61
4807,0
4808,0
4809,0
4810,11
4811,48
4812,40
4813,28
4814,0
4815,0
4816,0
4817,58
4818,39
4819,0
4820,30
4821,0
4822,45
4823,0
4824,0
4825,0
4826,42
4827,20
4828,0
4829,0
4830,0
4831,14
4832,-1
4833,200
4834,1
4835,17
4836,0
4837,0
4838,0
4839,1
4840,0
4841,0
4842,0
4843,61
4844,54
4845,46
4846,-1
4847,0
4848,0
4849,165
4850,14
4851,64
4852,0
4853,82
4854,0
4855,7
4856,62
4857,0
4858,-1
4859,48
4860,3
4861,0
4862,0
4863,4
4864,6
4865,1
4866,50
4867,4
4868,19
4869,0
4870,0
4871,44
4872,26
4873,6
4874,7
4875,47
4876,8
4877,135
4878,5
4879,0
4880,0
4881,0
4882,0
4883,7
4884,5
4885,13
4886,8
4887,21
4888,26
4889,28
4890,23
4891,55
4892,-1
4893,0
4894,0
4895,11
4896,19
4897,0
4898,56
4899,24
4900,0
4901,9
4902,0
4903,74
4904,0
4905,0
4906,0
4907,35
4908,40
4909,9
4910,0
4911,0
4912,0
4913,0
4914,0
4915,0
4916,31
4917,98
4918,0
4919,36
4920,206
4921,0
4922,35
4923,0
4924,15
4925,0
4926,0
4927,34
4928,0
4929,0
4930,92
4931,268
4932,88
4933,9
4934,0
4935,34
4936,0
4937,9
4938,13
4939,8
4940,0
4941,53
4942,166
4943,30
4944,-1
4945,63
4946,0
4947,81
4948,23
4949,0
4950,1
4951,30
4952,0
4953,130
4954,0
4955,0
4956,177
4957,1
4958,14
4959,0
4960,44
4961,0
4962,27
4963,55
4964,15
4965,39
4966,123
4967,0
4968,-1
4969,28
4970,90
4971,11
4972,9
4973,44
4974,0
4975,54
4976,89
4977,11
4978,19
4979,6
4980,0
4981,26
4982,19
4983,-1
4984,53
4985,46
4986,79
4987,0
4988,48
4989,33
4990,0
4991,15
4992,103
4993,12
4994,0
4995,0
4996,93
4997,44
4998,47
4999,28
5000,0
5001,6
5002,12
5003,0
5004,14
5005,25
5006,101
5007,24
5008,75
5009,4
5010,0
5011,3
5012,0
5013,9
5014,36
5015,23
5016,0
5017,10
5018,29
5019,164
5020,0
5021,-1
5022,10
5023,0
5024,2
5025,103
5026,130
5027,5
5028,17
5029,0
5030,102
5031,5
5032,0
5033,52
5034,25
5035,0
5036,0
5037,19
5038,0
5039,13
5040,20
5041,114
5042,5
5043,37
5044,-1
5045,-1
5046,18
5047,7
5048,39
5049,0
5050,37
5051,39
5052,34
5053,-1
5054,14
5055,17
5056,0
5057,0
5058,0
5059,89
5060,0
5061,0
5062,0
5063,7
5064,10
5065,39
5066,0
5067,24
5068,18
5069,18
5070,24
5071,71
5072,0
5073,-1
5074,48
5075,23
5076,22
5077,12
5078,0
5079,0
5080,39
5081,0
5082,0
5083,0
5084,6
5085,0
5086,0
5087,154
5088,6
5089,0
5090,86
5091,32
5092,10
5093,0
5094,0
5095,25
5096,0
5097,0
5098,13
5099,2
5100,8
5101,28
5102,33
5103,98
5104,0
5105,0
5106,22
5107,94
5108,0
5109,0
5110,80
5111,40
5112,19
5113,159
5114,0
5115,9
5116,0
5117,0
5118,19
5119,75
5120,0
5121,0
5122,3
5123,30
5124,17
5125,0
5126,115
5127,8
5128,27
5129,2
5130,0
5131,0
5132,0
5133,79
5134,0
5135,0
5136,15
5137,0
5138,45
5139,7
5140,27
5141,0
5142,13
5143,5
5144,7
5145,48
5146,7
5147,0
5148,17
5149,35
5150,9
5151,0
5152,50
5153,37
5154,0
5155,0
5156,65
5157,0
5158,0
5159,44
5160,0
5161,0
5162,0
5163,0
5164,107
5165,0
5166,0
5167,45
5168,0
5169,0
5170,0
5171,83
5172,0
5173,44
5174,25
5175,47
5176,2
5177,0
5178,5
5179,0
5180,9
5181,6
5182,37
5183,60
5184,0
5185,0
5186,0
5187,38
5188,11
5189,17
5190,31
5191,0
5192,0
5193,60
5194,89
5195,18
5196,0
5197,4
5198,122
5199,-1
5200,108
5201,9
5202,1
5203,140
5204,0
5205,11
5206,14
5207,0
5208,15
5209,12
5210,0
5211,0
5212,14
5213,0
5214,22
5215,0
5216,67
5217,103
5218,17
5219,3
5220,65
5221,0
5222,0
5223,2
5224,0
5225,0
5226,29
5227,0
5228,30
5229,0
5230,0
5231,0
5232,0
5233,78
5234,15
5235,0
5236,22
5237,0
5238,0
5239,19
5240,0
5241,36
5242,0
5243,0
5244,0
5245,0
5246,1
5247,26
5248,0
5249,27
5250,0
5251,2
5252,-1
5253,0
5254,0
5255,0
5256,5
5257,69
5258,1
5259,30
5260,22
5261,0
5262,47
5263,76
5264,0
5265,-1
5266,0
5267,0
5268,5
5269,0
5270,17
5271,60
5272,28
5273,12
5274,28
5275,14
5276,25
5277,29
5278,15
5279,24
5280,60
5281,15
5282,10
5283,0
5284,116
5285,0
5286,0
5287,38
5288,45
5289,37
5290,50
5291,25
5292,0
5293,0
5294,11
5295,16
5296,0
5297,25
5298,42
5299,0
5300,157
5301,0
5302,18
5303,45
5304,0
5305,1
5306,28
5307,76
5308,14
5309,83
5310,28
5311,-1
5312,10
5313,64
5314,53
5315,9
5316,0
5317,0
5318,25
5319,0
5320,7
5321,30
5322,0
5323,4
5324,105
5325,56
5326,29
5327,0
5328,26
5329,42
5330,66
5331,18
5332,0
5333,35
5334,4
5335,16
5336,20
5337,43
5338,0
5339,0
5340,11
5341,59
5342,0
5343,64
5344,-1
5345,59
5346,52
5347,45
5348,135
5349,17
5350,0
5351,90
5352,0
5353,0
5354,0
5355,9
5356,0
5357,0
5358,13
5359,0
5360,56
5361,92
5362,128
5363,26
5364,0
5365,70
5366,0
5367,-1
5368,19
5369,51
5370,0
5371,24
5372,18
5373,0
5374,0
5375,5
5376,78
5377,178
5378,0
5379,32
5380,0
5381,162
5382,43
5383,97
5384,24
5385,58
5386,0
5387,16
5388,0
5389,27
5390,0
5391,79
5392,25
5393,11
5394,0
5395,19
5396,0
5397,0
5398,15
5399,45
5400,0
5401,24
5402,74
5403,14
5404,49
5405,15
5406,9
5407,28
5408,26
5409,17
5410,0
5411,-1
5412,175
5413,58
5414,0
5415,0
5416,5
5417,29
5418,41
5419,0
5420,20
5421,0
5422,44
5423,18
5424,17
5425,97
5426,5
5427,58
5428,-1
5429,0
5430,-1
5431,20
5432,0
5433,0
5434,38
5435,-1
5436,-1
5437,106
5438,0
5439,0
5440,122
5441,0
5442,134
5443,0
5444,0
5445,0
5446,91
5447,0
5448,0
5449,1
5450,22
5451,30
5452,106
5453,11
5454,19
5455,0
5456,1
5457,74
5458,0
5459,0
5460,29
5461,17
5462,52
5463,0
5464,0
5465,0
5466,22
5467,0
5468,0
5469,0
5470,0
5471,46
5472,37
5473,5
5474,15
5475,18
5476,33
5477,32
5478,19
5479,19
5480,0
5481,0
5482,0
5483,28
5484,29
5485,50
5486,103
5487,0
5488,34
5489,26
5490,67
5491,11
5492,4
5493,11
5494,0
5495,1
5496,-1
5497,15
5498,0
5499,13
5500,0
5501,18
5502,12
5503,0
5504,57
5505,9
5506,0
5507,51
5508,0
5509,0
5510,29
5511,0
5512,50
5513,0
5514,38
5515,11
5516,0
5517,105
5518,0
5519,25
5520,23
5521,98
5522,4
5523,0
5524,0
5525,0
5526,32
5527,122
5528,42
5529,0
5530,80
5531,94
5532,20
5533,32
5534,0
5535,0
5536,54
5537,28
5538,0
5539,0
5540,0
5541,248
5542,18
5543,16
5544,0
5545,61
5546,9
5547,0
5548,0
5549,0
5550,126
5551,17
5552,50
5553,22
5554,7
5555,17
5556,25
5557,0
5558,131
5559,0
5560,0
5561,8
5562,59
5563,35
5564,66
5565,18
5566,14
5567,76
5568,9
5569,0
5570,28
5571,39
5572,0
5573,23
5574,5
5575,30
5576,10
5577,6
5578,21
5579,10
5580,0
5581,0
5582,103
5583,0
5584,190
5585,135
5586,58
5587,0
5588,0
5589,0
5590,0
5591,44
5592,10
5593,137
5594,0
5595,7
5596,0
5597,0
5598,0
5599,0
5600,8
5601,61
5602,0
5603,0
5604,2
5605,2
5606,18
5607,0
5608,23
5609,7
5610,0
5611,14
5612,0
5613,0
5614,0
5615,0
5616,0
5617,0
5618,98
5619,8
5620,68
5621,0
5622,45
5623,75
5624,0
5625,109
5626,22
5627,152
5628,0
5629,0
5630,14
5631,60
5632,0
5633,0
5634,0
5635,0
5636,20
5637,0
5638,0
5639,19
5640,0
5641,19
5642,0
5643,0
5644,-1
5645,0
5646,7
5647,0
5648,18
5649,9
5650,24
5651,0
5652,4
5653,0
5654,17
5655,0
5656,18
5657,26
5658,0
5659,14
5660,38
5661,15
5662,51
5663,0
5664,0
5665,86
5666,6
5667,0
5668,35
5669,51
5670,0
5671,0
5672,70
5673,0
5674,0
5675,0
5676,113
5677,0
5678,0
5679,13
5680,-1
5681,0
5682,29
5683,14
5684,1
5685,83
5686,14
5687,47
5688,45
5689,10
5690,15
5691,7
5692,1
5693,225
5694,43
5695,1
5696,26
5697,0
5698,151
5699,-1
5700,0
5701,-1
5702,42
5703,0
5704,0
5705,0
5706,59
5707,1
5708,181
5709,-1
5710,52
5711,57
5712,0
5713,0
5714,69
5715,107
5716,0
5717,0
5718,0
5719,83
5720,0
5721,9
5722,63
5723,17
5724,30
5725,0
5726,15
5727,0
5728,0
5729,39
5730,21
5731,92
5732,103
5733,39
5734,19
5735,77
5736,42
5737,19
5738,24
5739,0
5740,7
5741,0
5742,18
5743,63
