,width
0,269
1,640
2,500
3,220
4,250
5,225
6,640
7,380
8,500
9,500
10,300
11,331
12,360
13,540
14,500
15,500
16,638
17,320
18,460
19,245
20,500
21,480
22,540
23,500
24,220
25,570
26,400
27,960
28,480
29,640
30,629
31,250
32,480
33,640
34,220
35,320
36,480
37,245
38,1280
39,450
40,317
41,400
42,500
43,498
44,600
45,267
46,435
47,740
48,307
49,456
50,480
51,426
52,498
53,453
54,480
55,498
56,498
57,360
58,728
59,500
60,480
61,390
62,480
63,471
64,800
65,480
66,500
67,480
68,500
69,268
70,195
71,350
72,1080
73,480
74,595
75,480
76,498
77,640
78,428
79,640
80,480
81,960
82,480
83,526
84,360
85,500
86,220
87,600
88,220
89,533
90,480
91,460
92,480
93,510
94,896
95,500
96,480
97,500
98,472
99,480
100,640
101,250
102,500
103,238
104,480
105,220
106,400
107,600
108,300
109,498
110,480
111,651
112,720
113,480
114,480
115,410
116,375
117,480
118,480
119,451
120,220
121,500
122,640
123,444
124,320
125,816
126,500
127,240
128,400
129,804
130,480
131,500
132,220
133,400
134,500
135,400
136,480
137,480
138,168
139,600
140,400
141,500
142,480
143,200
144,350
145,245
146,480
147,480
148,718
149,480
150,245
151,711
152,1920
153,532
154,520
155,500
156,415
157,532
158,220
159,711
160,320
161,220
162,237
163,400
164,244
165,480
166,500
167,400
168,600
169,290
170,316
171,432
172,250
173,374
174,320
175,576
176,247
177,640
178,480
179,640
180,320
181,761
182,500
183,524
184,370
185,480
186,444
187,640
188,267
189,357
190,480
191,320
192,720
193,711
194,480
195,480
196,480
197,480
198,480
199,596
200,366
201,480
202,360
203,320
204,468
205,320
206,220
207,366
208,500
209,600
210,640
211,220
212,334
213,711
214,160
215,480
216,500
217,262
218,500
219,498
220,415
221,400
222,400
223,480
224,600
225,500
226,245
227,280
228,316
229,250
230,498
231,500
232,220
233,480
234,498
235,332
236,280
237,480
238,320
239,500
240,480
241,366
242,360
243,480
244,300
245,307
246,480
247,220
248,512
249,455
250,250
251,480
252,356
253,369
254,498
255,540
256,1176
257,498
258,498
259,640
260,425
261,500
262,319
263,600
264,588
265,480
266,354
267,320
268,356
269,244
270,520
271,640
272,320
273,400
274,536
275,600
276,620
277,417
278,540
279,220
280,245
281,600
282,480
283,241
284,640
285,600
286,220
287,800
288,480
289,316
290,400
291,480
292,720
293,380
294,498
295,400
296,256
297,500
298,1280
299,500
300,356
301,500
302,500
303,500
304,550
305,480
306,498
307,387
308,498
309,800
310,220
311,1166
312,384
313,450
314,530
315,259
316,400
317,320
318,498
319,600
320,914
321,640
322,640
323,600
324,443
325,400
326,320
327,620
328,400
329,480
330,220
331,640
332,640
333,480
334,598
335,487
336,498
337,480
338,372
339,480
340,960
341,350
342,500
343,600
344,300
345,480
346,220
347,356
348,308
349,466
350,450
351,480
352,480
353,275
354,480
355,480
356,480
357,158
358,374
359,240
360,600
361,600
362,370
363,728
364,480
365,480
366,480
367,498
368,175
369,360
370,640
371,480
372,480
373,480
374,375
375,480
376,375
377,624
378,500
379,338
380,640
381,640
382,621
383,480
384,498
385,235
386,220
387,300
388,356
389,480
390,480
391,616
392,549
393,400
394,800
395,480
396,242
397,280
398,400
399,500
400,480
401,265
402,480
403,480
404,480
405,400
406,400
407,410
408,315
409,340
410,480
411,356
412,480
413,360
414,280
415,358
416,450
417,584
418,245
419,500
420,584
421,498
422,332
423,395
424,300
425,366
426,584
427,728
428,656
429,400
430,360
431,498
432,480
433,600
434,525
435,300
436,480
437,245
438,396
439,500
440,414
441,366
442,220
443,220
444,500
445,684
446,400
447,480
448,480
449,220
450,900
451,480
452,275
453,500
454,500
455,500
456,480
457,600
458,480
459,263
460,500
461,640
462,728
463,320
464,480
465,452
466,320
467,576
468,480
469,200
470,498
471,498
472,550
473,384
474,480
475,500
476,640
477,500
478,220
479,380
480,400
481,360
482,480
483,499
484,575
485,245
486,220
487,454
488,480
489,350
490,328
491,480
492,294
493,500
494,220
495,245
496,480
497,576
498,400
499,480
500,220
501,480
502,594
503,500
504,480
505,562
506,330
507,450
508,331
509,500
510,600
511,480
512,480
513,498
514,320
515,445
516,640
517,480
518,498
519,480
520,479
521,220
522,764
523,480
524,500
525,837
526,330
527,600
528,378
529,248
530,400
531,480
532,480
533,600
534,480
535,480
536,435
537,426
538,620
539,700
540,480
541,500
542,456
543,480
544,400
545,654
546,500
547,250
548,304
549,500
550,240
551,540
552,480
553,640
554,320
555,335
556,306
557,250
558,500
559,480
560,540
561,400
562,480
563,480
564,480
565,366
566,520
567,480
568,300
569,640
570,520
571,200
572,480
573,500
574,324
575,400
576,400
577,498
578,220
579,520
580,480
581,520
582,220
583,565
584,235
585,328
586,244
587,300
588,480
589,220
590,728
591,250
592,640
593,640
594,276
595,500
596,330
597,500
598,480
599,480
600,450
601,1002
602,240
603,320
604,498
605,500
606,330
607,500
608,300
609,320
610,498
611,480
612,600
613,300
614,480
615,480
616,400
617,170
618,254
619,256
620,450
621,244
622,600
623,480
624,455
625,480
626,220
627,245
628,402
629,400
630,500
631,220
632,600
633,640
634,498
635,360
636,640
637,480
638,390
639,500
640,200
641,720
642,538
643,220
644,640
645,389
646,480
647,363
648,480
649,480
650,550
651,359
652,480
653,480
654,401
655,300
656,435
657,242
658,480
659,480
660,244
661,782
662,500
663,600
664,500
665,640
666,500
667,371
668,240
669,1280
670,400
671,480
672,384
673,350
674,389
675,500
676,245
677,480
678,330
679,400
680,500
681,400
682,500
683,640
684,224
685,480
686,592
687,486
688,400
689,600
690,453
691,368
692,307
693,506
694,444
695,600
696,480
697,252
698,446
699,412
700,500
701,200
702,480
703,720
704,480
705,384
706,245
707,500
708,444
709,350
710,430
711,480
712,555
713,220
714,450
715,331
716,350
717,480
718,500
719,375
720,265
721,480
722,530
723,995
724,720
725,480
726,294
727,386
728,500
729,400
730,540
731,500
732,480
733,477
734,400
735,480
736,500
737,534
738,450
739,251
740,528
741,245
742,480
743,500
744,294
745,480
746,245
747,456
748,480
749,337
750,320
751,540
752,401
753,245
754,960
755,1080
756,500
757,480
758,640
759,260
760,500
761,498
762,500
763,400
764,498
765,500
766,200
767,161
768,500
769,478
770,498
771,498
772,267
773,480
774,1280
775,478
776,552
777,267
778,500
779,704
780,480
781,175
782,320
783,500
784,500
785,617
786,640
787,500
788,480
789,433
790,498
791,640
792,480
793,360
794,480
795,245
796,245
797,463
798,480
799,500
800,498
801,500
802,250
803,1258
804,300
805,600
806,480
807,700
808,480
809,540
810,400
811,304
812,299
813,400
814,350
815,500
816,160
817,480
818,320
819,300
820,480
821,400
822,260
823,360
824,245
825,540
826,480
827,480
828,225
829,600
830,500
831,309
832,480
833,640
834,480
835,640
836,281
837,320
838,500
839,303
840,500
841,750
842,480
843,448
844,500
845,245
846,392
847,500
848,400
849,240
850,540
851,414
852,245
853,498
854,260
855,400
856,480
857,480
858,480
859,360
860,600
861,480
862,400
863,336
864,480
865,262
866,480
867,500
868,340
869,480
870,600
871,220
872,500
873,500
874,220
875,132
876,500
877,474
878,295
879,1920
880,300
881,500
882,498
883,640
884,500
885,244
886,600
887,500
888,480
889,600
890,499
891,200
892,308
893,360
894,640
895,480
896,220
897,287
898,500
899,300
900,640
901,480
902,413
903,366
904,500
905,160
906,245
907,425
908,344
909,553
910,364
911,354
912,480
913,275
914,458
915,525
916,366
917,294
918,480
919,640
920,294
921,1064
922,250
923,260
924,300
925,320
926,464
927,480
928,540
929,240
930,426
931,500
932,450
933,350
934,499
935,690
936,800
937,385
938,500
939,500
940,312
941,585
942,320
943,480
944,409
945,347
946,343
947,340
948,442
949,327
950,400
951,400
952,500
953,480
954,540
955,480
956,640
957,461
958,604
959,498
960,480
961,480
962,300
963,240
964,200
965,480
966,220
967,480
968,175
969,480
970,200
971,480
972,480
973,480
974,480
975,245
976,640
977,500
978,320
979,540
980,520
981,480
982,500
983,800
984,775
985,480
986,480
987,255
988,480
989,480
990,400
991,512
992,480
993,316
994,400
995,498
996,245
997,468
998,308
999,500
1000,480
1001,503
1002,400
1003,410
1004,500
1005,360
1006,245
1007,560
1008,496
1009,400
1010,500
1011,500
1012,255
1013,400
1014,316
1015,540
1016,480
1017,790
1018,640
1019,480
1020,320
1021,480
1022,480
1023,640
1024,512
1025,400
1026,480
1027,300
1028,640
1029,456
1030,480
1031,280
1032,498
1033,319
1034,480
1035,560
1036,450
1037,228
1038,489
1039,471
1040,640
1041,356
1042,600
1043,480
1044,400
1045,432
1046,500
1047,480
1048,360
1049,400
1050,245
1051,480
1052,500
1053,412
1054,480
1055,500
1056,650
1057,351
1058,360
1059,529
1060,500
1061,775
1062,267
1063,500
1064,720
1065,480
1066,400
1067,480
1068,498
1069,480
1070,680
1071,480
1072,370
1073,280
1074,448
1075,500
1076,320
1077,531
1078,480
1079,600
1080,600
1081,245
1082,400
1083,240
1084,500
1085,480
1086,288
1087,480
1088,266
1089,244
1090,720
1091,300
1092,166
1093,480
1094,348
1095,300
1096,498
1097,600
1098,498
1099,350
1100,220
1101,480
1102,268
1103,640
1104,640
1105,475
1106,335
1107,480
1108,480
1109,268
1110,1000
1111,540
1112,264
1113,480
1114,444
1115,480
1116,640
1117,480
1118,498
1119,640
1120,480
1121,343
1122,500
1123,500
1124,360
1125,300
1126,480
1127,336
1128,331
1129,480
1130,500
1131,319
1132,600
1133,400
1134,160
1135,268
1136,230
1137,480
1138,400
1139,480
1140,160
1141,300
1142,480
1143,500
1144,320
1145,336
1146,500
1147,530
1148,400
1149,480
1150,427
1151,268
1152,435
1153,480
1154,400
1155,320
1156,245
1157,480
1158,498
1159,245
1160,500
1161,544
1162,480
1163,736
1164,400
1165,500
1166,266
1167,500
1168,480
1169,500
1170,480
1171,480
1172,480
1173,270
1174,220
1175,480
1176,350
1177,418
1178,393
1179,500
1180,350
1181,500
1182,255
1183,480
1184,244
1185,500
1186,160
1187,480
1188,400
1189,320
1190,480
1191,480
1192,410
1193,370
1194,500
1195,283
1196,320
1197,640
1198,400
1199,365
1200,450
1201,320
1202,400
1203,498
1204,360
1205,464
1206,220
1207,480
1208,480
1209,480
1210,245
1211,480
1212,480
1213,1039
1214,500
1215,146
1216,500
1217,390
1218,490
1219,480
1220,400
1221,504
1222,320
1223,480
1224,435
1225,480
1226,500
1227,400
1228,384
1229,331
1230,359
1231,800
1232,200
1233,498
1234,245
1235,240
1236,435
1237,1920
1238,700
1239,191
1240,245
1241,500
1242,480
1243,540
1244,480
1245,480
1246,480
1247,350
1248,303
1249,487
1250,400
1251,480
1252,220
1253,320
1254,640
1255,500
1256,320
1257,900
1258,560
1259,480
1260,480
1261,480
1262,678
1263,400
1264,480
1265,270
1266,480
1267,480
1268,320
1269,480
1270,500
1271,250
1272,640
1273,500
1274,294
1275,480
1276,245
1277,320
1278,200
1279,600
1280,320
1281,480
1282,234
1283,640
1284,202
1285,800
1286,446
1287,205
1288,252
1289,480
1290,250
1291,500
1292,500
1293,245
1294,551
1295,500
1296,354
1297,498
1298,420
1299,250
1300,480
1301,480
1302,640
1303,448
1304,900
1305,320
1306,1120
1307,341
1308,640
1309,320
1310,480
1311,480
1312,480
1313,540
1314,240
1315,400
1316,728
1317,480
1318,578
1319,510
1320,245
1321,720
1322,209
1323,480
1324,435
1325,400
1326,200
1327,640
1328,500
1329,480
1330,300
1331,480
1332,640
1333,316
1334,379
1335,480
1336,840
1337,359
1338,480
1339,375
1340,1000
1341,640
1342,497
1343,450
1344,500
1345,480
1346,600
1347,480
1348,480
1349,220
1350,320
1351,350
1352,480
1353,500
1354,500
1355,640
1356,380
1357,475
1358,480
1359,244
1360,268
1361,480
1362,220
1363,320
1364,320
1365,320
1366,316
1367,220
1368,500
1369,385
1370,480
1371,918
1372,500
1373,720
1374,290
1375,480
1376,360
1377,480
1378,480
1379,480
1380,359
1381,300
1382,250
1383,296
1384,320
1385,320
1386,625
1387,360
1388,500
1389,337
1390,450
1391,408
1392,376
1393,500
1394,512
1395,720
1396,216
1397,480
1398,304
1399,500
1400,480
1401,1280
1402,500
1403,500
1404,320
1405,500
1406,458
1407,245
1408,480
1409,286
1410,720
1411,480
1412,500
1413,512
1414,450
1415,400
1416,664
1417,480
1418,484
1419,720
1420,480
1421,728
1422,500
1423,640
1424,417
1425,500
1426,160
1427,480
1428,500
1429,480
1430,300
1431,360
1432,320
1433,500
1434,480
1435,450
1436,625
1437,480
1438,480
1439,500
1440,283
1441,463
1442,660
1443,220
1444,300
1445,270
1446,400
1447,480
1448,548
1449,480
1450,197
1451,245
1452,300
1453,600
1454,480
1455,500
1456,302
1457,480
1458,480
1459,426
1460,220
1461,480
1462,498
1463,600
1464,245
1465,480
1466,500
1467,320
1468,480
1469,480
1470,480
1471,526
1472,500
1473,320
1474,500
1475,316
1476,300
1477,394
1478,202
1479,640
1480,480
1481,480
1482,728
1483,325
1484,800
1485,720
1486,480
1487,457
1488,640
1489,426
1490,480
1491,220
1492,480
1493,540
1494,728
1495,704
1496,640
1497,245
1498,416
1499,300
1500,480
1501,728
1502,245
1503,480
1504,320
1505,244
1506,200
1507,210
1508,350
1509,480
1510,350
1511,400
1512,480
1513,359
1514,500
1515,480
1516,498
1517,600
1518,640
1519,150
1520,720
1521,480
1522,500
1523,728
1524,480
1525,582
1526,220
1527,220
1528,498
1529,498
1530,500
1531,498
1532,400
1533,500
1534,600
1535,300
1536,480
1537,448
1538,387
1539,195
1540,498
1541,400
1542,480
1543,530
1544,800
1545,498
1546,245
1547,482
1548,254
1549,480
1550,304
1551,480
1552,356
1553,245
1554,268
1555,236
1556,195
1557,240
1558,480
1559,480
1560,480
1561,400
1562,500
1563,656
1564,244
1565,343
1566,430
1567,360
1568,840
1569,600
1570,270
1571,480
1572,480
1573,250
1574,433
1575,620
1576,480
1577,352
1578,480
1579,400
1580,480
1581,400
1582,249
1583,259
1584,480
1585,480
1586,500
1587,480
1588,576
1589,480
1590,276
1591,161
1592,400
1593,480
1594,480
1595,667
1596,354
1597,499
1598,500
1599,400
1600,300
1601,492
1602,740
1603,245
1604,728
1605,700
1606,220
1607,480
1608,311
1609,498
1610,450
1611,480
1612,300
1613,220
1614,396
1615,480
1616,390
1617,448
1618,500
1619,480
1620,268
1621,320
1622,480
1623,860
1624,384
1625,400
1626,500
1627,500
1628,289
1629,480
1630,480
1631,480
1632,396
1633,200
1634,500
1635,161
1636,498
1637,498
1638,366
1639,250
1640,500
1641,400
1642,664
1643,220
1644,500
1645,500
1646,512
1647,400
1648,500
1649,177
1650,198
1651,600
1652,400
1653,212
1654,480
1655,353
1656,640
1657,480
1658,350
1659,328
1660,320
1661,1280
1662,382
1663,500
1664,400
1665,498
1666,320
1667,500
1668,480
1669,480
1670,480
1671,166
1672,500
1673,555
1674,382
1675,500
1676,320
1677,320
1678,720
1679,500
1680,245
1681,720
1682,240
1683,498
1684,500
1685,480
1686,500
1687,300
1688,360
1689,550
1690,255
1691,400
1692,267
1693,355
1694,440
1695,403
1696,500
1697,461
1698,375
1699,268
1700,340
1701,245
1702,500
1703,500
1704,400
1705,266
1706,640
1707,452
1708,399
1709,341
1710,440
1711,500
1712,480
1713,480
1714,350
1715,600
1716,550
1717,480
1718,220
1719,498
1720,450
1721,450
1722,358
1723,200
1724,480
1725,224
1726,300
1727,480
1728,285
1729,320
1730,200
1731,240
1732,245
1733,400
1734,480
1735,500
1736,310
1737,364
1738,450
1739,960
1740,600
1741,500
1742,480
1743,320
1744,400
1745,480
1746,1036
1747,250
1748,250
1749,480
1750,438
1751,480
1752,370
1753,306
1754,306
1755,450
1756,480
1757,464
1758,245
1759,250
1760,480
1761,320
1762,480
1763,200
1764,500
1765,245
1766,480
1767,480
1768,280
1769,425
1770,320
1771,279
1772,320
1773,450
1774,300
1775,1008
1776,260
1777,530
1778,229
1779,478
1780,480
1781,470
1782,480
1783,480
1784,368
1785,245
1786,480
1787,480
1788,480
1789,280
1790,480
1791,678
1792,515
1793,452
1794,161
1795,498
1796,480
1797,498
1798,480
1799,480
1800,245
1801,300
1802,400
1803,500
1804,320
1805,412
1806,360
1807,436
1808,360
1809,480
1810,500
1811,274
1812,306
1813,500
1814,498
1815,220
1816,500
1817,640
1818,415
1819,240
1820,500
1821,500
1822,245
1823,480
1824,250
1825,132
1826,480
1827,426
1828,480
1829,300
1830,480
1831,480
1832,480
1833,644
1834,500
1835,400
1836,480
1837,480
1838,480
1839,480
1840,498
1841,480
1842,500
1843,400
1844,480
1845,240
1846,960
1847,500
1848,333
1849,400
1850,720
1851,480
1852,480
1853,480
1854,960
1855,160
1856,480
1857,563
1858,200
1859,320
1860,400
1861,245
1862,318
1863,600
1864,500
1865,480
1866,500
1867,480
1868,400
1869,500
1870,500
1871,387
1872,640
1873,446
1874,500
1875,400
1876,470
1877,220
1878,728
1879,220
1880,220
1881,480
1882,400
1883,400
1884,480
1885,331
1886,600
1887,637
1888,838
1889,600
1890,853
1891,480
1892,720
1893,360
1894,720
1895,346
1896,500
1897,400
1898,288
1899,700
1900,245
1901,500
1902,234
1903,720
1904,245
1905,400
1906,400
1907,400
1908,500
1909,480
1910,124
1911,480
1912,480
1913,350
1914,320
1915,415
1916,400
1917,480
1918,245
1919,480
1920,480
1921,717
1922,176
1923,320
1924,640
1925,320
1926,426
1927,500
1928,350
1929,540
1930,480
1931,400
1932,480
1933,480
1934,500
1935,720
1936,300
1937,268
1938,90
1939,245
1940,320
1941,245
1942,597
1943,500
1944,480
1945,480
1946,245
1947,350
1948,498
1949,511
1950,480
1951,480
1952,640
1953,350
1954,300
1955,600
1956,512
1957,640
1958,540
1959,320
1960,480
1961,640
1962,500
1963,244
1964,320
1965,480
1966,480
1967,476
1968,245
1969,720
1970,500
1971,498
1972,506
1973,500
1974,600
1975,352
1976,477
1977,600
1978,245
1979,300
1980,244
1981,400
1982,200
1983,350
1984,245
1985,245
1986,480
1987,480
1988,480
1989,320
1990,450
1991,296
1992,417
1993,298
1994,480
1995,429
1996,247
1997,300
1998,320
1999,480
2000,250
2001,375
2002,355
2003,160
2004,460
2005,400
2006,500
2007,500
2008,360
2009,320
2010,500
2011,320
2012,374
2013,271
2014,245
2015,320
2016,295
2017,420
2018,480
2019,500
2020,500
2021,290
2022,400
2023,818
2024,342
2025,500
2026,400
2027,480
2028,640
2029,245
2030,268
2031,640
2032,300
2033,245
2034,518
2035,356
2036,245
2037,350
2038,444
2039,360
2040,640
2041,350
2042,245
2043,480
2044,580
2045,245
2046,448
2047,500
2048,505
2049,701
2050,500
2051,161
2052,180
2053,498
2054,500
2055,244
2056,490
2057,480
2058,600
2059,245
2060,480
2061,500
2062,296
2063,250
2064,480
2065,480
2066,319
2067,400
2068,352
2069,500
2070,480
2071,500
2072,300
2073,320
2074,480
2075,500
2076,480
2077,1280
2078,400
2079,360
2080,340
2081,500
2082,500
2083,360
2084,640
2085,480
2086,500
2087,480
2088,275
2089,480
2090,444
2091,500
2092,600
2093,465
2094,320
2095,420
2096,500
2097,500
2098,260
2099,960
2100,340
2101,450
2102,480
2103,600
2104,444
2105,332
2106,640
2107,480
2108,638
2109,500
2110,220
2111,640
2112,500
2113,720
2114,363
2115,387
2116,540
2117,500
2118,480
2119,369
2120,540
2121,493
2122,720
2123,500
2124,600
2125,728
2126,960
2127,360
2128,230
2129,1200
2130,480
2131,400
2132,500
2133,300
2134,436
2135,200
2136,480
2137,450
2138,270
2139,360
2140,480
2141,498
2142,610
2143,414
2144,500
2145,480
2146,175
2147,480
2148,320
2149,420
2150,480
2151,600
2152,300
2153,360
2154,400
2155,625
2156,245
2157,500
2158,400
2159,375
2160,480
2161,480
2162,498
2163,350
2164,550
2165,500
2166,500
2167,320
2168,130
2169,320
2170,540
2171,500
2172,480
2173,257
2174,364
2175,587
2176,720
2177,348
2178,257
2179,480
2180,540
2181,473
2182,280
2183,400
2184,356
2185,480
2186,480
2187,300
2188,480
2189,356
2190,426
2191,414
2192,500
2193,255
2194,600
2195,480
2196,400
2197,516
2198,640
2199,480
2200,360
2201,405
2202,450
2203,500
2204,720
2205,500
2206,444
2207,450
2208,1080
2209,528
2210,444
2211,480
2212,240
2213,500
2214,250
2215,691
2216,540
2217,200
2218,161
2219,500
2220,160
2221,270
2222,320
2223,480
2224,480
2225,720
2226,334
2227,444
2228,480
2229,490
2230,500
2231,322
2232,500
2233,650
2234,324
2235,500
2236,300
2237,480
2238,625
2239,250
2240,384
2241,500
2242,480
2243,480
2244,500
2245,500
2246,245
2247,250
2248,768
2249,500
2250,500
2251,500
2252,480
2253,464
2254,160
2255,350
2256,245
2257,433
2258,200
2259,480
2260,240
2261,500
2262,220
2263,500
2264,480
2265,280
2266,600
2267,710
2268,600
2269,480
2270,500
2271,480
2272,720
2273,442
2274,412
2275,500
2276,500
2277,280
2278,319
2279,500
2280,300
2281,344
2282,540
2283,720
2284,500
2285,247
2286,350
2287,480
2288,336
2289,300
2290,540
2291,400
2292,480
2293,367
2294,400
2295,480
2296,267
2297,480
2298,1280
2299,500
2300,500
2301,868
2302,250
2303,426
2304,245
2305,358
2306,499
2307,500
2308,466
2309,500
2310,450
2311,750
2312,441
2313,650
2314,478
2315,480
2316,600
2317,500
2318,325
2319,500
2320,640
2321,320
2322,222
2323,308
2324,509
2325,480
2326,250
2327,250
2328,400
2329,528
2330,550
2331,500
2332,444
2333,350
2334,500
2335,330
2336,360
2337,400
2338,500
2339,500
2340,320
2341,500
2342,426
2343,500
2344,480
2345,320
2346,315
2347,480
2348,640
2349,320
2350,292
2351,720
2352,480
2353,500
2354,320
2355,500
2356,720
2357,500
2358,358
2359,355
2360,268
2361,540
2362,290
2363,300
2364,718
2365,500
2366,171
2367,339
2368,600
2369,480
2370,400
2371,498
2372,300
2373,480
2374,316
2375,550
2376,608
2377,460
2378,380
2379,200
2380,480
2381,400
2382,766
2383,463
2384,225
2385,360
2386,245
2387,352
2388,350
2389,640
2390,250
2391,640
2392,516
2393,640
2394,444
2395,444
2396,480
2397,480
2398,320
2399,530
2400,312
2401,200
2402,300
2403,360
2404,474
2405,600
2406,245
2407,480
2408,480
2409,480
2410,308
2411,250
2412,500
2413,320
2414,408
2415,410
2416,240
2417,320
2418,500
2419,247
2420,384
2421,464
2422,498
2423,498
2424,478
2425,380
2426,237
2427,450
2428,500
2429,245
2430,480
2431,400
2432,400
2433,467
2434,480
2435,280
2436,636
2437,500
2438,250
2439,460
2440,360
2441,531
2442,268
2443,470
2444,247
2445,500
2446,480
2447,370
2448,500
2449,400
2450,800
2451,500
2452,600
2453,200
2454,447
2455,405
2456,500
2457,300
2458,832
2459,244
2460,220
2461,480
2462,500
2463,750
2464,590
2465,498
2466,350
2467,500
2468,245
2469,480
2470,500
2471,245
2472,321
2473,480
2474,600
2475,510
2476,480
2477,500
2478,500
2479,500
2480,498
2481,480
2482,482
2483,480
2484,600
2485,320
2486,480
2487,500
2488,498
2489,498
2490,480
2491,480
2492,499
2493,500
2494,480
2495,300
2496,500
2497,897
2498,498
2499,498
2500,318
2501,300
2502,500
2503,457
2504,500
2505,515
2506,325
2507,245
2508,415
2509,480
2510,518
2511,160
2512,245
2513,728
2514,249
2515,245
2516,500
2517,267
2518,320
2519,480
2520,480
2521,500
2522,728
2523,480
2524,400
2525,500
2526,375
2527,245
2528,500
2529,1280
2530,200
2531,398
2532,466
2533,500
2534,200
2535,480
2536,360
2537,253
2538,320
2539,220
2540,378
2541,480
2542,600
2543,635
2544,480
2545,400
2546,411
2547,270
2548,533
2549,320
2550,245
2551,480
2552,291
2553,540
2554,480
2555,640
2556,400
2557,500
2558,500
2559,320
2560,514
2561,805
2562,500
2563,470
2564,360
2565,391
2566,480
2567,480
2568,480
2569,264
2570,405
2571,320
2572,480
2573,340
2574,277
2575,364
2576,480
2577,450
2578,500
2579,340
2580,200
2581,320
2582,200
2583,480
2584,600
2585,500
2586,480
2587,480
2588,274
2589,384
2590,480
2591,700
2592,500
2593,500
2594,480
2595,245
2596,480
2597,249
2598,468
2599,540
2600,340
2601,350
2602,498
2603,300
2604,400
2605,500
2606,245
2607,1024
2608,330
2609,500
2610,480
2611,640
2612,500
2613,500
2614,320
2615,500
2616,245
2617,480
2618,480
2619,480
2620,400
2621,500
2622,245
2623,260
2624,300
2625,333
2626,480
2627,320
2628,250
2629,1920
2630,480
2631,480
2632,245
2633,400
2634,360
2635,470
2636,500
2637,320
2638,480
2639,480
2640,448
2641,480
2642,200
2643,480
2644,307
2645,500
2646,275
2647,312
2648,640
2649,500
2650,365
2651,360
2652,498
2653,500
2654,350
2655,480
2656,480
2657,243
2658,508
2659,500
2660,339
2661,400
2662,600
2663,720
2664,460
2665,480
2666,250
2667,500
2668,480
2669,320
2670,403
2671,480
2672,255
2673,450
2674,384
2675,480
2676,280
2677,220
2678,245
2679,500
2680,378
2681,600
2682,464
2683,500
2684,480
2685,500
2686,320
2687,320
2688,500
2689,320
2690,300
2691,800
2692,480
2693,432
2694,650
2695,500
2696,200
2697,460
2698,500
2699,480
2700,480
2701,480
2702,371
2703,400
2704,400
2705,480
2706,500
2707,499
2708,480
2709,337
2710,900
2711,480
2712,210
2713,492
2714,500
2715,200
2716,480
2717,480
2718,315
2719,385
2720,200
2721,300
2722,480
2723,360
2724,480
2725,600
2726,644
2727,500
2728,360
2729,500
2730,444
2731,300
2732,480
2733,360
2734,245
2735,265
2736,320
2737,195
2738,480
2739,640
2740,300
2741,711
2742,480
2743,500
2744,462
2745,320
2746,500
2747,480
2748,200
2749,245
2750,498
2751,500
2752,1280
2753,1080
2754,500
2755,498
2756,480
2757,270
2758,720
2759,260
2760,175
2761,443
2762,477
2763,400
2764,401
2765,600
2766,450
2767,500
2768,640
2769,575
2770,380
2771,276
2772,466
2773,320
2774,500
2775,550
2776,400
2777,500
2778,480
2779,175
2780,300
2781,348
2782,500
2783,500
2784,286
2785,480
2786,474
2787,480
2788,480
2789,386
2790,500
2791,480
2792,244
2793,480
2794,200
2795,480
2796,500
2797,245
2798,449
2799,300
2800,322
2801,268
2802,245
2803,417
2804,225
2805,800
2806,450
2807,175
2808,500
2809,320
2810,450
2811,520
2812,294
2813,250
2814,600
2815,540
2816,400
2817,648
2818,450
2819,305
2820,600
2821,500
2822,426
2823,320
2824,400
2825,700
2826,328
2827,339
2828,507
2829,500
2830,480
2831,400
2832,320
2833,400
2834,538
2835,426
2836,576
2837,624
2838,300
2839,480
2840,370
2841,480
2842,425
2843,480
2844,245
2845,380
2846,498
2847,267
2848,300
2849,480
2850,500
2851,433
2852,480
2853,480
2854,350
2855,498
2856,354
2857,700
2858,400
2859,245
2860,200
2861,287
2862,400
2863,200
2864,720
2865,500
2866,480
2867,477
2868,576
2869,245
2870,499
2871,500
2872,480
2873,500
2874,480
2875,245
2876,480
2877,415
2878,245
2879,500
2880,500
2881,331
2882,240
2883,427
2884,480
2885,359
2886,320
2887,480
2888,500
2889,500
2890,640
2891,540
2892,480
2893,728
2894,480
2895,370
2896,325
2897,480
2898,500
2899,231
2900,500
2901,550
2902,380
2903,400
2904,260
2905,161
2906,400
2907,480
2908,728
2909,800
2910,427
2911,500
2912,161
2913,480
2914,450
2915,500
2916,498
2917,400
2918,600
2919,403
2920,382
2921,300
2922,600
2923,500
2924,480
2925,360
2926,720
2927,418
2928,500
2929,430
2930,677
2931,480
2932,368
2933,400
2934,300
2935,480
2936,500
2937,271
2938,480
2939,500
2940,728
2941,480
2942,240
2943,245
2944,480
2945,480
2946,730
2947,381
2948,460
2949,245
2950,640
2951,498
2952,245
2953,480
2954,480
2955,820
2956,267
2957,500
2958,350
2959,480
2960,500
2961,200
2962,245
2963,800
2964,720
2965,400
2966,728
2967,480
2968,400
2969,476
2970,478
2971,400
2972,267
2973,236
2974,286
2975,383
2976,964
2977,335
2978,267
2979,288
2980,300
2981,300
2982,320
2983,218
2984,366
2985,480
2986,480
2987,480
2988,450
2989,500
2990,500
2991,700
2992,508
2993,480
2994,346
2995,500
2996,452
2997,870
2998,500
2999,400
3000,320
3001,480
3002,376
3003,373
3004,420
3005,500
3006,480
3007,388
3008,500
3009,320
3010,336
3011,235
3012,440
3013,320
3014,540
3015,480
3016,500
3017,490
3018,480
3019,200
3020,480
3021,480
3022,218
3023,360
3024,206
3025,480
3026,500
3027,480
3028,480
3029,400
3030,541
3031,243
3032,380
3033,480
3034,330
3035,282
3036,742
3037,500
3038,161
3039,600
3040,360
3041,290
3042,390
3043,320
3044,250
3045,500
3046,427
3047,480
3048,240
3049,1984
3050,200
3051,320
3052,480
3053,720
3054,245
3055,340
3056,300
3057,360
3058,396
3059,400
3060,200
3061,320
3062,700
3063,200
3064,500
3065,480
3066,400
3067,960
3068,400
3069,480
3070,240
3071,400
3072,480
3073,480
3074,332
3075,320
3076,720
3077,480
3078,320
3079,500
3080,294
3081,320
3082,200
3083,500
3084,728
3085,480
3086,640
3087,250
3088,600
3089,500
3090,250
3091,380
3092,499
3093,244
3094,480
3095,403
3096,500
3097,300
3098,245
3099,499
3100,500
3101,654
3102,433
3103,380
3104,480
3105,500
3106,246
3107,450
3108,245
3109,480
3110,400
3111,480
3112,450
3113,245
3114,700
3115,245
3116,315
3117,320
3118,400
3119,500
3120,615
3121,400
3122,360
3123,276
3124,500
3125,480
3126,340
3127,480
3128,245
3129,320
3130,317
3131,282
3132,720
3133,300
3134,320
3135,250
3136,540
3137,480
3138,500
3139,245
3140,400
3141,248
3142,400
3143,480
3144,500
3145,560
3146,491
3147,800
3148,299
3149,480
3150,244
3151,500
3152,245
3153,200
3154,640
3155,700
3156,500
3157,640
3158,450
3159,427
3160,480
3161,400
3162,400
3163,356
3164,390
3165,540
3166,320
3167,343
3168,508
3169,320
3170,245
3171,400
3172,245
3173,499
3174,350
3175,453
3176,350
3177,500
3178,480
3179,540
3180,640
3181,498
3182,358
3183,460
3184,480
3185,400
3186,245
3187,296
3188,480
3189,640
3190,450
3191,245
3192,320
3193,247
3194,600
3195,500
3196,600
3197,480
3198,400
3199,236
3200,443
3201,478
3202,341
3203,393
3204,312
3205,243
3206,720
3207,480
3208,720
3209,474
3210,596
3211,480
3212,355
3213,500
3214,320
3215,245
3216,480
3217,500
3218,480
3219,400
3220,500
3221,374
3222,245
3223,480
3224,480
3225,480
3226,320
3227,640
3228,308
3229,480
3230,500
3231,460
3232,280
3233,480
3234,245
3235,480
3236,240
3237,500
3238,320
3239,494
3240,416
3241,244
3242,320
3243,444
3244,300
3245,618
3246,200
3247,205
3248,370
3249,287
3250,210
3251,300
3252,340
3253,480
3254,480
3255,250
3256,435
3257,500
3258,430
3259,480
3260,296
3261,282
3262,585
3263,640
3264,475
3265,500
3266,250
3267,853
3268,1310
3269,480
3270,300
3271,350
3272,480
3273,800
3274,400
3275,292
3276,440
3277,480
3278,333
3279,322
3280,480
3281,290
3282,160
3283,686
3284,720
3285,372
3286,479
3287,480
3288,720
3289,426
3290,390
3291,480
3292,200
3293,480
3294,268
3295,245
3296,500
3297,1068
3298,800
3299,500
3300,480
3301,480
3302,453
3303,480
3304,500
3305,250
3306,499
3307,540
3308,480
3309,266
3310,245
3311,245
3312,384
3313,406
3314,500
3315,634
3316,600
3317,200
3318,161
3319,541
3320,480
3321,480
3322,195
3323,511
3324,400
3325,337
3326,728
3327,480
3328,626
3329,160
3330,460
3331,480
3332,545
3333,500
3334,500
3335,500
3336,480
3337,500
3338,300
3339,428
3340,640
3341,320
3342,480
3343,260
3344,400
3345,249
3346,500
3347,245
3348,700
3349,400
3350,480
3351,400
3352,245
3353,400
3354,414
3355,320
3356,320
3357,462
3358,480
3359,500
3360,500
3361,500
3362,365
3363,500
3364,500
3365,480
3366,341
3367,260
3368,245
3369,481
3370,480
3371,465
3372,368
3373,368
3374,189
3375,500
3376,600
3377,320
3378,177
3379,728
3380,500
3381,500
3382,400
3383,320
3384,200
3385,500
3386,500
3387,500
3388,350
3389,400
3390,282
3391,288
3392,220
3393,346
3394,750
3395,161
3396,500
3397,200
3398,500
3399,433
3400,176
3401,245
3402,960
3403,500
3404,480
3405,294
3406,480
3407,320
3408,1920
3409,446
3410,480
3411,400
3412,360
3413,1280
3414,500
3415,312
3416,500
3417,474
3418,450
3419,500
3420,555
3421,270
3422,512
3423,300
3424,624
3425,480
3426,720
3427,386
3428,270
3429,478
3430,300
3431,530
3432,294
3433,200
3434,400
3435,500
3436,288
3437,500
3438,415
3439,500
3440,439
3441,245
3442,480
3443,500
3444,560
3445,480
3446,438
3447,250
3448,1920
3449,1920
3450,720
3451,600
3452,480
3453,497
3454,400
3455,320
3456,480
3457,240
3458,250
3459,500
3460,300
3461,500
3462,433
3463,1280
3464,349
3465,400
3466,500
3467,500
3468,550
3469,584
3470,500
3471,400
3472,500
3473,452
3474,245
3475,694
3476,320
3477,448
3478,500
3479,480
3480,455
3481,472
3482,200
3483,200
3484,250
3485,500
3486,600
3487,200
3488,400
3489,245
3490,600
3491,400
3492,720
3493,400
3494,640
3495,320
3496,487
3497,359
3498,458
3499,475
3500,556
3501,470
3502,480
3503,274
3504,200
3505,480
3506,331
3507,244
3508,500
3509,480
3510,331
3511,245
3512,320
3513,300
3514,480
3515,160
3516,400
3517,245
3518,502
3519,760
3520,500
3521,180
3522,500
3523,250
3524,444
3525,320
3526,500
3527,600
3528,500
3529,660
3530,320
3531,500
3532,500
3533,500
3534,300
3535,500
3536,245
3537,500
3538,250
3539,480
3540,400
3541,320
3542,400
3543,530
3544,245
3545,400
3546,446
3547,336
3548,320
3549,500
3550,200
3551,320
3552,500
3553,316
3554,161
3555,480
3556,250
3557,528
3558,303
3559,480
3560,480
3561,500
3562,300
3563,720
3564,540
3565,240
3566,550
3567,496
3568,200
3569,480
3570,480
3571,400
3572,308
3573,1012
3574,299
3575,480
3576,500
3577,251
3578,460
3579,265
3580,420
3581,320
3582,480
3583,320
3584,350
3585,450
3586,480
3587,480
3588,384
3589,218
3590,150
3591,480
3592,400
3593,500
3594,374
3595,400
3596,200
3597,640
3598,500
3599,480
3600,400
3601,384
3602,496
3603,1183
3604,400
3605,480
3606,720
3607,600
3608,402
3609,375
3610,335
3611,320
3612,200
3613,356
3614,500
3615,320
3616,316
3617,320
3618,450
3619,500
3620,200
3621,640
3622,480
3623,250
3624,532
3625,341
3626,480
3627,320
3628,300
3629,720
3630,460
3631,400
3632,242
3633,500
3634,450
3635,533
3636,259
3637,406
3638,480
3639,200
3640,500
3641,500
3642,300
3643,500
3644,600
3645,237
3646,245
3647,500
3648,448
3649,375
3650,300
3651,500
3652,500
3653,500
3654,223
3655,549
3656,269
3657,580
3658,480
3659,480
3660,500
3661,575
3662,500
3663,245
3664,498
3665,269
3666,600
3667,240
3668,320
3669,395
3670,480
3671,360
3672,450
3673,1280
3674,480
3675,600
3676,390
3677,322
3678,320
3679,250
3680,360
3681,1280
3682,263
3683,498
3684,280
3685,250
3686,480
3687,247
3688,400
3689,350
3690,371
3691,384
3692,400
3693,250
3694,500
3695,500
3696,500
3697,335
3698,400
3699,480
3700,600
3701,250
3702,276
3703,480
3704,446
3705,384
3706,480
3707,500
3708,338
3709,480
3710,480
3711,319
3712,720
3713,294
3714,358
3715,371
3716,412
3717,288
3718,460
3719,480
3720,300
3721,320
3722,161
3723,480
3724,852
3725,320
3726,250
3727,245
3728,720
3729,480
3730,500
3731,248
3732,390
3733,500
3734,280
3735,665
3736,480
3737,250
3738,245
3739,912
3740,400
3741,160
3742,245
3743,280
3744,480
3745,500
3746,200
3747,250
3748,314
3749,720
3750,500
3751,480
3752,320
3753,460
3754,400
3755,200
3756,480
3757,370
3758,260
3759,250
3760,480
3761,271
3762,600
3763,500
3764,480
3765,496
3766,500
3767,480
3768,245
3769,480
3770,245
3771,250
3772,480
3773,480
3774,360
3775,720
3776,245
3777,320
3778,500
3779,928
3780,718
3781,336
3782,500
3783,480
3784,299
3785,480
3786,242
3787,343
3788,500
3789,292
3790,635
3791,400
3792,1200
3793,161
3794,750
3795,480
3796,250
3797,480
3798,480
3799,399
3800,480
3801,363
3802,250
3803,500
3804,300
3805,410
3806,250
3807,320
3808,480
3809,426
3810,480
3811,245
3812,500
3813,600
3814,500
3815,600
3816,480
3817,400
3818,596
3819,480
3820,500
3821,320
3822,498
3823,245
3824,755
3825,400
3826,480
3827,652
3828,720
3829,460
3830,250
3831,718
3832,250
3833,320
3834,500
3835,540
3836,250
3837,500
3838,480
3839,250
3840,240
3841,448
3842,499
3843,432
3844,500
3845,200
3846,500
3847,460
3848,320
3849,550
3850,480
3851,480
3852,498
3853,500
3854,390
3855,500
3856,234
3857,500
3858,236
3859,660
3860,960
3861,480
3862,425
3863,320
3864,848
3865,480
3866,321
3867,480
3868,500
3869,720
3870,480
3871,195
3872,425
3873,359
3874,426
3875,320
3876,895
3877,161
3878,245
3879,531
3880,320
3881,337
3882,356
3883,476
3884,480
3885,700
3886,498
3887,426
3888,260
3889,500
3890,480
3891,315
3892,325
3893,648
3894,352
3895,245
3896,200
3897,320
3898,446
3899,300
3900,480
3901,664
3902,245
3903,320
3904,664
3905,500
3906,161
3907,690
3908,480
3909,360
3910,450
3911,480
3912,480
3913,500
3914,600
3915,150
3916,500
3917,480
3918,475
3919,600
3920,477
3921,500
3922,480
3923,320
3924,490
3925,500
3926,500
3927,480
3928,540
3929,480
3930,200
3931,680
3932,360
3933,480
3934,720
3935,370
3936,500
3937,360
3938,480
3939,600
3940,450
3941,480
3942,167
3943,256
3944,560
3945,320
3946,400
3947,330
3948,173
3949,480
3950,250
3951,300
3952,362
3953,498
3954,370
3955,640
3956,400
3957,600
3958,161
3959,500
3960,500
3961,245
3962,400
3963,300
3964,320
3965,480
3966,307
3967,245
3968,500
3969,503
3970,245
3971,300
3972,480
3973,480
3974,969
3975,500
3976,500
3977,200
3978,496
3979,500
3980,285
3981,248
3982,495
3983,245
3984,215
3985,426
3986,480
3987,534
3988,600
3989,300
3990,500
3991,480
3992,320
3993,600
3994,450
3995,397
3996,350
3997,500
3998,210
3999,400
4000,692
4001,325
4002,350
4003,500
4004,230
4005,1600
4006,600
4007,832
4008,384
4009,480
4010,175
4011,200
4012,245
4013,400
4014,280
4015,500
4016,500
4017,600
4018,480
4019,326
4020,502
4021,500
4022,444
4023,500
4024,500
4025,320
4026,458
4027,512
4028,500
4029,300
4030,500
4031,500
4032,320
4033,500
4034,666
4035,854
4036,478
4037,500
4038,500
4039,500
4040,370
4041,320
4042,356
4043,500
4044,400
4045,245
4046,500
4047,500
4048,800
4049,350
4050,480
4051,480
4052,245
4053,500
4054,500
4055,400
4056,400
4057,500
4058,130
4059,300
4060,300
4061,750
4062,480
4063,320
4064,495
4065,245
4066,640
4067,480
4068,620
4069,300
4070,320
4071,312
4072,374
4073,295
4074,254
4075,636
4076,500
4077,720
4078,500
4079,640
4080,720
4081,500
4082,400
4083,720
4084,320
4085,307
4086,411
4087,660
4088,341
4089,450
4090,500
4091,570
4092,600
4093,250
4094,288
4095,245
4096,480
4097,350
4098,360
4099,448
4100,500
4101,480
4102,245
4103,480
4104,245
4105,397
4106,232
4107,636
4108,640
4109,529
4110,500
4111,445
4112,480
4113,500
4114,400
4115,300
4116,500
4117,408
4118,490
4119,500
4120,500
4121,240
4122,320
4123,600
4124,720
4125,320
4126,359
4127,400
4128,250
4129,640
4130,400
4131,500
4132,224
4133,230
4134,276
4135,600
4136,530
4137,235
4138,500
4139,343
4140,235
4141,400
4142,264
4143,1280
4144,161
4145,340
4146,500
4147,1280
4148,1280
4149,447
4150,480
4151,362
4152,270
4153,245
4154,500
4155,480
4156,500
4157,420
4158,550
4159,500
4160,480
4161,450
4162,320
4163,320
4164,295
4165,520
4166,305
4167,530
4168,720
4169,480
4170,500
4171,360
4172,386
4173,450
4174,443
4175,500
4176,300
4177,498
4178,500
4179,245
4180,275
4181,330
4182,450
4183,300
4184,450
4185,300
4186,351
4187,435
4188,415
4189,498
4190,540
4191,590
4192,380
4193,450
4194,331
4195,224
4196,380
4197,512
4198,323
4199,161
4200,798
4201,200
4202,720
4203,490
4204,640
4205,499
4206,350
4207,800
4208,466
4209,720
4210,250
4211,320
4212,300
4213,200
4214,480
4215,300
4216,450
4217,400
4218,161
4219,400
4220,500
4221,480
4222,500
4223,374
4224,480
4225,405
4226,245
4227,450
4228,400
4229,408
4230,500
4231,768
4232,400
4233,239
4234,298
4235,400
4236,255
4237,320
4238,690
4239,408
4240,384
4241,480
4242,245
4243,500
4244,345
4245,259
4246,415
4247,320
4248,245
4249,500
4250,210
4251,500
4252,345
4253,331
4254,400
4255,353
4256,500
4257,400
4258,460
4259,320
4260,500
4261,320
4262,400
4263,1000
4264,500
4265,245
4266,245
4267,400
4268,200
4269,500
4270,240
4271,500
4272,500
4273,372
4274,648
4275,161
4276,500
4277,480
4278,320
4279,200
4280,418
4281,400
4282,500
4283,487
4284,600
4285,500
4286,480
4287,319
4288,480
4289,161
4290,161
4291,161
4292,161
4293,161
4294,161
4295,161
4296,480
4297,245
4298,300
4299,400
4300,365
4301,245
4302,220
4303,426
4304,500
4305,260
4306,400
4307,400
4308,800
4309,480
4310,480
4311,352
4312,500
4313,498
4314,400
4315,269
4316,450
4317,490
4318,480
4319,245
4320,350
4321,350
4322,720
4323,190
4324,500
4325,440
4326,512
4327,480
4328,367
4329,440
4330,480
4331,500
4332,500
4333,161
4334,365
4335,229
4336,500
4337,480
4338,307
4339,512
4340,200
4341,320
4342,325
4343,200
4344,231
4345,500
4346,480
4347,360
4348,320
4349,320
4350,720
4351,200
4352,500
4353,320
4354,1000
4355,167
4356,161
4357,480
4358,500
4359,480
4360,581
4361,500
4362,500
4363,480
4364,640
4365,480
4366,800
4367,352
4368,250
4369,476
4370,615
4371,500
4372,480
4373,700
4374,290
4375,320
4376,480
4377,360
4378,300
4379,500
4380,480
4381,500
4382,1280
4383,161
4384,540
4385,400
4386,500
4387,245
4388,320
4389,500
4390,400
4391,320
4392,220
4393,320
4394,500
4395,500
4396,1142
4397,400
4398,480
4399,480
4400,480
4401,316
4402,720
4403,500
4404,245
4405,320
4406,245
4407,380
4408,203
4409,480
4410,480
4411,500
4412,481
4413,400
4414,199
4415,370
4416,400
4417,320
4418,500
4419,500
4420,161
4421,300
4422,500
4423,250
4424,500
4425,320
4426,317
4427,500
4428,500
4429,960
4430,454
4431,500
4432,480
4433,500
4434,250
4435,175
4436,472
4437,360
4438,450
4439,497
4440,175
4441,960
4442,500
4443,469
4444,500
4445,500
4446,480
4447,480
4448,480
4449,175
4450,410
4451,300
4452,267
4453,453
4454,500
4455,161
4456,500
4457,320
4458,350
4459,370
4460,400
4461,500
4462,200
4463,500
4464,320
4465,600
4466,500
4467,500
4468,320
4469,245
4470,280
4471,400
4472,500
4473,307
4474,360
4475,441
4476,300
4477,300
4478,480
4479,480
4480,320
4481,219
4482,176
4483,500
4484,247
4485,480
4486,426
4487,640
4488,632
4489,300
4490,557
4491,650
4492,280
4493,303
4494,300
4495,640
4496,260
4497,356
4498,384
4499,294
4500,500
4501,540
4502,540
4503,480
4504,209
4505,349
4506,720
4507,320
4508,500
4509,420
4510,500
4511,315
4512,359
4513,400
4514,400
4515,200
4516,439
4517,357
4518,640
4519,218
4520,250
4521,480
4522,480
4523,360
4524,720
4525,480
4526,480
4527,400
4528,480
4529,425
4530,360
4531,370
4532,500
4533,245
4534,321
4535,290
4536,500
4537,335
4538,718
4539,25
4540,200
4541,370
4542,161
4543,500
4544,480
4545,500
4546,450
4547,480
4548,374
4549,320
4550,350
4551,400
4552,300
4553,480
4554,349
4555,369
4556,450
4557,500
4558,580
4559,720
4560,293
4561,454
4562,295
4563,500
4564,500
4565,161
4566,217
4567,160
4568,512
4569,346
4570,480
4571,500
4572,356
4573,161
4574,280
4575,480
4576,300
4577,300
4578,235
4579,161
4580,282
4581,320
4582,500
4583,500
4584,610
4585,449
4586,480
4587,300
4588,180
4589,245
4590,430
4591,400
4592,184
4593,449
4594,480
4595,320
4596,422
4597,448
4598,386
4599,161
4600,400
4601,350
4602,640
4603,600
4604,500
4605,400
4606,500
4607,480
4608,244
4609,209
4610,350
4611,245
4612,200
4613,440
4614,388
4615,480
4616,600
4617,460
4618,499
4619,761
4620,625
4621,372
4622,480
4623,480
4624,245
4625,600
4626,400
4627,960
4628,175
4629,175
4630,550
4631,500
4632,380
4633,483
4634,230
4635,532
4636,336
4637,328
4638,400
4639,576
4640,400
4641,500
4642,415
4643,245
4644,318
4645,480
4646,200
4647,500
4648,300
4649,295
4650,500
4651,300
4652,490
4653,1000
4654,480
4655,175
4656,200
4657,500
4658,450
4659,640
4660,335
4661,161
4662,320
4663,300
4664,451
4665,341
4666,400
4667,320
4668,587
4669,269
4670,500
4671,500
4672,362
4673,360
4674,245
4675,718
4676,200
4677,500
4678,250
4679,316
4680,288
4681,400
4682,500
4683,298
4684,750
4685,475
4686,400
4687,245
4688,300
4689,305
4690,300
4691,500
4692,245
4693,500
4694,430
4695,480
4696,400
4697,581
4698,144
4699,300
4700,235
4701,837
4702,161
4703,480
4704,480
4705,360
4706,480
4707,480
4708,500
4709,316
4710,450
4711,524
4712,500
4713,256
4714,581
4715,230
4716,500
4717,900
4718,640
4719,356
4720,400
4721,720
4722,384
4723,300
4724,456
4725,360
4726,300
4727,400
4728,480
4729,245
4730,245
4731,400
4732,250
4733,480
4734,240
4735,500
4736,448
4737,480
4738,350
4739,500
4740,200
4741,1044
4742,400
4743,500
4744,488
4745,500
4746,640
4747,500
4748,433
4749,161
4750,500
4751,360
4752,600
4753,245
4754,245
4755,480
4756,512
4757,600
4758,467
4759,397
4760,400
4761,500
4762,500
4763,500
4764,560
4765,533
4766,320
4767,350
4768,161
4769,500
4770,225
4771,400
4772,480
4773,690
4774,500
4775,294
4776,200
4777,360
4778,500
4779,500
4780,480
4781,500
4782,500
4783,200
4784,255
4785,400
4786,240
4787,480
4788,400
4789,695
4790,303
4791,243
4792,600
4793,250
4794,360
4795,410
4796,300
4797,400
4798,500
4799,448
4800,640
4801,161
4802,500
4803,640
4804,500
4805,350
4806,272
4807,500
4808,400
4809,266
4810,400
4811,400
4812,512
4813,474
4814,500
4815,320
4816,390
4817,600
4818,500
4819,320
4820,500
4821,353
4822,250
4823,435
4824,500
4825,480
4826,194
4827,500
4828,480
4829,533
4830,400
4831,403
4832,161
4833,718
4834,249
4835,500
4836,158
4837,287
4838,312
4839,500
4840,205
4841,500
4842,480
4843,272
4844,228
4845,500
4846,161
4847,400
4848,500
4849,520
4850,500
4851,338
4852,500
4853,700
4854,475
4855,500
4856,480
4857,500
4858,161
4859,255
4860,424
4861,448
4862,444
4863,500
4864,650
4865,500
4866,720
4867,240
4868,500
4869,636
4870,245
4871,512
4872,398
4873,175
4874,500
4875,480
4876,400
4877,456
4878,500
4879,640
4880,312
4881,186
4882,193
4883,500
4884,600
4885,165
4886,500
4887,450
4888,400
4889,300
4890,500
4891,280
4892,161
4893,400
4894,300
4895,500
4896,500
4897,300
4898,250
4899,480
4900,299
4901,500
4902,229
4903,426
4904,500
4905,450
4906,253
4907,209
4908,275
4909,251
4910,320
4911,701
4912,335
4913,480
4914,400
4915,720
4916,300
4917,400
4918,500
4919,480
4920,300
4921,500
4922,250
4923,360
4924,480
4925,500
4926,390
4927,1280
4928,269
4929,400
4930,430
4931,330
4932,600
4933,350
4934,825
4935,610
4936,500
4937,245
4938,500
4939,295
4940,493
4941,435
4942,550
4943,405
4944,161
4945,200
4946,304
4947,718
4948,600
4949,300
4950,398
4951,320
4952,480
4953,400
4954,610
4955,400
4956,346
4957,280
4958,331
4959,500
4960,300
4961,200
4962,245
4963,690
4964,500
4965,580
4966,500
4967,500
4968,161
4969,240
4970,200
4971,640
4972,500
4973,440
4974,834
4975,640
4976,437
4977,403
4978,500
4979,480
4980,500
4981,597
4982,380
4983,161
4984,300
4985,512
4986,282
4987,320
4988,245
4989,500
4990,440
4991,160
4992,235
4993,500
4994,375
4995,500
4996,230
4997,232
4998,643
4999,300
5000,400
5001,200
5002,500
5003,384
5004,437
5005,245
5006,185
5007,500
5008,629
5009,297
5010,500
5011,500
5012,240
5013,250
5014,300
5015,400
5016,370
5017,500
5018,373
5019,400
5020,384
5021,161
5022,350
5023,320
5024,300
5025,500
5026,640
5027,500
5028,250
5029,400
5030,300
5031,294
5032,500
5033,400
5034,471
5035,288
5036,717
5037,260
5038,320
5039,342
5040,500
5041,400
5042,374
5043,500
5044,161
5045,161
5046,500
5047,594
5048,330
5049,480
5050,360
5051,500
5052,500
5053,161
5054,331
5055,640
5056,404
5057,206
5058,260
5059,300
5060,499
5061,400
5062,440
5063,500
5064,245
5065,320
5066,448
5067,500
5068,466
5069,500
5070,480
5071,390
5072,240
5073,161
5074,400
5075,550
5076,400
5077,500
5078,320
5079,379
5080,600
5081,480
5082,500
5083,250
5084,480
5085,500
5086,350
5087,415
5088,370
5089,177
5090,255
5091,400
5092,500
5093,500
5094,414
5095,320
5096,500
5097,295
5098,500
5099,499
5100,480
5101,360
5102,400
5103,650
5104,500
5105,264
5106,640
5107,200
5108,402
5109,500
5110,325
5111,275
5112,167
5113,389
5114,715
5115,175
5116,500
5117,200
5118,636
5119,225
5120,200
5121,350
5122,410
5123,450
5124,250
5125,300
5126,359
5127,245
5128,320
5129,319
5130,375
5131,250
5132,245
5133,283
5134,245
5135,260
5136,500
5137,640
5138,720
5139,305
5140,320
5141,500
5142,180
5143,768
5144,384
5145,600
5146,426
5147,300
5148,500
5149,160
5150,175
5151,480
5152,700
5153,400
5154,500
5155,350
5156,452
5157,450
5158,500
5159,360
5160,480
5161,400
5162,402
5163,200
5164,500
5165,425
5166,268
5167,320
5168,400
5169,480
5170,359
5171,600
5172,245
5173,290
5174,500
5175,300
5176,245
5177,600
5178,400
5179,200
5180,582
5181,500
5182,240
5183,316
5184,720
5185,300
5186,202
5187,400
5188,320
5189,480
5190,450
5191,200
5192,464
5193,640
5194,320
5195,495
5196,312
5197,500
5198,300
5199,161
5200,283
5201,360
5202,300
5203,409
5204,1232
5205,718
5206,430
5207,320
5208,500
5209,600
5210,300
5211,500
5212,500
5213,213
5214,500
5215,500
5216,480
5217,235
5218,250
5219,500
5220,500
5221,337
5222,210
5223,480
5224,414
5225,222
5226,360
5227,400
5228,400
5229,500
5230,618
5231,500
5232,480
5233,400
5234,267
5235,240
5236,450
5237,320
5238,347
5239,480
5240,371
5241,382
5242,220
5243,575
5244,320
5245,480
5246,472
5247,500
5248,300
5249,480
5250,250
5251,319
5252,161
5253,353
5254,266
5255,225
5256,295
5257,600
5258,512
5259,500
5260,500
5261,400
5262,262
5263,988
5264,444
5265,120
5266,500
5267,500
5268,480
5269,359
5270,400
5271,480
5272,474
5273,480
5274,320
5275,500
5276,500
5277,500
5278,300
5279,500
5280,316
5281,464
5282,718
5283,473
5284,285
5285,282
5286,267
5287,400
5288,548
5289,400
5290,478
5291,500
5292,356
5293,320
5294,625
5295,480
5296,1000
5297,245
5298,800
5299,500
5300,307
5301,350
5302,415
5303,600
5304,500
5305,500
5306,300
5307,475
5308,499
5309,610
5310,250
5311,161
5312,500
5313,400
5314,480
5315,350
5316,215
5317,246
5318,400
5319,400
5320,343
5321,400
5322,640
5323,718
5324,283
5325,400
5326,640
5327,245
5328,350
5329,960
5330,474
5331,383
5332,403
5333,500
5334,500
5335,400
5336,533
5337,400
5338,390
5339,400
5340,261
5341,472
5342,237
5343,640
5344,161
5345,234
5346,480
5347,320
5348,320
5349,512
5350,360
5351,350
5352,500
5353,500
5354,400
5355,250
5356,260
5357,401
5358,500
5359,499
5360,500
5361,335
5362,430
5363,260
5364,245
5365,400
5366,320
5367,161
5368,500
5369,458
5370,300
5371,520
5372,500
5373,500
5374,500
5375,500
5376,213
5377,320
5378,249
5379,300
5380,450
5381,400
5382,300
5383,503
5384,400
5385,573
5386,600
5387,480
5388,400
5389,300
5390,400
5391,400
5392,500
5393,480
5394,480
5395,344
5396,250
5397,280
5398,480
5399,280
5400,350
5401,500
5402,450
5403,500
5404,400
5405,504
5406,377
5407,370
5408,200
5409,400
5410,286
5411,161
5412,450
5413,380
5414,640
5415,300
5416,343
5417,298
5418,548
5419,320
5420,500
5421,480
5422,300
5423,320
5424,500
5425,959
5426,343
5427,380
5428,161
5429,320
5430,161
5431,324
5432,300
5433,312
5434,807
5435,161
5436,161
5437,500
5438,250
5439,320
5440,420
5441,328
5442,600
5443,271
5444,500
5445,634
5446,320
5447,400
5448,391
5449,200
5450,300
5451,439
5452,500
5453,320
5454,320
5455,500
5456,446
5457,400
5458,308
5459,500
5460,245
5461,500
5462,718
5463,245
5464,320
5465,250
5466,245
5467,320
5468,324
5469,280
5470,500
5471,350
5472,500
5473,500
5474,500
5475,333
5476,850
5477,245
5478,500
5479,425
5480,245
5481,300
5482,244
5483,480
5484,450
5485,300
5486,235
5487,480
5488,626
5489,720
5490,720
5491,710
5492,650
5493,350
5494,318
5495,617
5496,161
5497,464
5498,500
5499,500
5500,500
5501,300
5502,500
5503,320
5504,478
5505,600
5506,390
5507,380
5508,400
5509,245
5510,200
5511,575
5512,384
5513,425
5514,500
5515,485
5516,636
5517,500
5518,500
5519,285
5520,600
5521,583
5522,200
5523,500
5524,282
5525,500
5526,400
5527,500
5528,360
5529,300
5530,400
5531,480
5532,350
5533,365
5534,255
5535,380
5536,272
5537,370
5538,359
5539,359
5540,260
5541,400
5542,400
5543,400
5544,610
5545,725
5546,350
5547,420
5548,215
5549,400
5550,718
5551,500
5552,450
5553,472
5554,499
5555,500
5556,245
5557,480
5558,322
5559,478
5560,350
5561,150
5562,368
5563,960
5564,320
5565,360
5566,500
5567,475
5568,245
5569,320
5570,450
5571,500
5572,540
5573,400
5574,375
5575,477
5576,400
5577,600
5578,376
5579,400
5580,320
5581,372
5582,235
5583,356
5584,500
5585,575
5586,240
5587,337
5588,500
5589,426
5590,296
5591,250
5592,500
5593,320
5594,500
5595,500
5596,550
5597,359
5598,328
5599,350
5600,295
5601,318
5602,320
5603,499
5604,400
5605,300
5606,347
5607,360
5608,500
5609,500
5610,480
5611,450
5612,139
5613,600
5614,500
5615,400
5616,400
5617,226
5618,530
5619,512
5620,365
5621,500
5622,556
5623,490
5624,359
5625,400
5626,537
5627,530
5628,308
5629,300
5630,430
5631,550
5632,319
5633,656
5634,388
5635,320
5636,288
5637,245
5638,258
5639,500
5640,500
5641,500
5642,400
5643,500
5644,161
5645,500
5646,500
5647,400
5648,500
5649,499
5650,500
5651,350
5652,474
5653,500
5654,500
5655,500
5656,400
5657,400
5658,250
5659,300
5660,608
5661,320
5662,160
5663,335
5664,300
5665,255
5666,400
5667,320
5668,381
5669,160
5670,500
5671,468
5672,390
5673,450
5674,425
5675,380
5676,300
5677,320
5678,500
5679,500
5680,161
5681,545
5682,450
5683,500
5684,512
5685,390
5686,500
5687,640
5688,250
5689,976
5690,320
5691,500
5692,355
5693,420
5694,245
5695,294
5696,500
5697,217
5698,406
5699,161
5700,250
5701,161
5702,250
5703,320
5704,319
5705,320
5706,960
5707,375
5708,320
5709,161
5710,640
5711,700
5712,240
5713,640
5714,500
5715,200
5716,400
5717,728
5718,500
5719,682
5720,500
5721,300
5722,480
5723,400
5724,460
5725,494
5726,480
5727,400
5728,260
5729,300
5730,450
5731,533
5732,320
5733,300
5734,296
5735,400
5736,400
5737,256
5738,500
5739,320
5740,500
5741,175
5742,245
5743,303
